<?xml version="1.0" encoding="UTF-8" standalone="no"?>
<copybook filename="cpyUtf8.cbl">
    <!--* Sample copybook with international characters in UTF8   *-->
    <!--***********************************************************-->
    <item display-length="300" level="01" name="TEST" position="1" storage-length="300">
        <item display-length="50" level="03" name="CHINESE-SIMPLIFIED" picture="X(50)" position="1" storage-length="50" value="当世界"/>
        <item display-length="50" level="03" name="CHINESE-TRADITIONAL" picture="X(50)" position="51" storage-length="50" value="當世界"/>
        <item display-length="50" level="03" name="DANISH" picture="X(50)" position="101" storage-length="50" value="når verden"/>
        <item display-length="50" level="03" name="KOREAN" picture="X(50)" position="151" storage-length="50" value="때 세계"/>
        <item display-length="50" level="03" name="JAPANESE" picture="X(50)" position="201" storage-length="50" value="時の世界"/>
        <item display-length="50" level="03" name="RUSSIAN" picture="X(50)" position="251" storage-length="50" value="когда мир"/>
    </item>
</copybook>
