<?xml version="1.0" encoding="UTF-8"?>
<CobolData>
	<FIRST-TYPE>
		<REDEFINES-RECORD-KEY>
			<REDEFINES-RECORD-TYPE>T1</REDEFINES-RECORD-TYPE>
			<SOME-FIELD-NUMBER>1111111</SOME-FIELD-NUMBER>
			<SOME-FIELD-NUMBER-2>111111</SOME-FIELD-NUMBER-2>
			<SOME-FIELD-NUMBER-3>1111</SOME-FIELD-NUMBER-3>
			<CREATION-DATE>11111111</CREATION-DATE>
		</REDEFINES-RECORD-KEY>
		<SOME-FIELD1>111111</SOME-FIELD1>
		<SOME-FIELD2>1</SOME-FIELD2>
		<SOME-FIELD3>1</SOME-FIELD3>
		<SOME-FIELD4>1</SOME-FIELD4>
		<SOME-FIELD5>11111111111111111</SOME-FIELD5>
		<SOME-FIELD6>111111</SOME-FIELD6>
		<SOME-FIELD7>1111</SOME-FIELD7>
		<SOME-FIELD8>11111111</SOME-FIELD8>
		<SOME-FIELD9>11111111</SOME-FIELD9>
		<SOME-FIELD10>11111111</SOME-FIELD10>
		<SOME-FIELD11>11111111</SOME-FIELD11>
		<SOME-FIELD12>1111111</SOME-FIELD12>
		<SOME-FIELD13>111111</SOME-FIELD13>
		<SOME-FIELD14>1</SOME-FIELD14>
		<SOME-FIELD15></SOME-FIELD15>
		<SOME-FIELD16></SOME-FIELD16>
		<SOME-FIELD17></SOME-FIELD17>
		<SOME-FIELD18></SOME-FIELD18>
		<SOME-FIELD19></SOME-FIELD19>
		<SOME-FIELD20></SOME-FIELD20>
		<SOME-FIELD21></SOME-FIELD21>
		<SECOND-TYPE>
			<ANOTHER-FIELD1>2222</ANOTHER-FIELD1>
			<ANOTHER-FIELD2>2</ANOTHER-FIELD2>
			<ANOTHER-FIELD3>2</ANOTHER-FIELD3>
			<ANOTHER-FIELD4>2</ANOTHER-FIELD4>
			<ANOTHER-FIELD5>22222222</ANOTHER-FIELD5>
			<ANOTHER-FIELD6>22222</ANOTHER-FIELD6>
			<ANOTHER-FIELD7>22222</ANOTHER-FIELD7>
			<ANOTHER-FIELD8>222222222222</ANOTHER-FIELD8>
			<ANOTHER-FIELD9>222222222222</ANOTHER-FIELD9>
			<ANOTHER-FIELD10>222222222222</ANOTHER-FIELD10>
			<ANOTHER-FIELD11>222222222222</ANOTHER-FIELD11>
			<ANOTHER-FIELD12>222222222</ANOTHER-FIELD12>
		</SECOND-TYPE>
		<SECOND-TYPE>
			<ANOTHER-FIELD1>3333</ANOTHER-FIELD1>
			<ANOTHER-FIELD2>3</ANOTHER-FIELD2>
			<ANOTHER-FIELD3>3</ANOTHER-FIELD3>
			<ANOTHER-FIELD4>3</ANOTHER-FIELD4>
			<ANOTHER-FIELD5>33333333</ANOTHER-FIELD5>
			<ANOTHER-FIELD6>33333</ANOTHER-FIELD6>
			<ANOTHER-FIELD7>33333</ANOTHER-FIELD7>
			<ANOTHER-FIELD8>333333333333</ANOTHER-FIELD8>
			<ANOTHER-FIELD9>333333333333</ANOTHER-FIELD9>
			<ANOTHER-FIELD10>33333</ANOTHER-FIELD10>
			<ANOTHER-FIELD11></ANOTHER-FIELD11>
			<ANOTHER-FIELD12></ANOTHER-FIELD12>
		</SECOND-TYPE>
	</FIRST-TYPE>
	<FIRST-TYPE>
		<REDEFINES-RECORD-KEY>
			<REDEFINES-RECORD-TYPE>T1</REDEFINES-RECORD-TYPE>
			<SOME-FIELD-NUMBER>4444444</SOME-FIELD-NUMBER>
			<SOME-FIELD-NUMBER-2>444444</SOME-FIELD-NUMBER-2>
			<SOME-FIELD-NUMBER-3>4444</SOME-FIELD-NUMBER-3>
			<CREATION-DATE>44444444</CREATION-DATE>
		</REDEFINES-RECORD-KEY>
		<SOME-FIELD1>444444</SOME-FIELD1>
		<SOME-FIELD2>4</SOME-FIELD2>
		<SOME-FIELD3>4</SOME-FIELD3>
		<SOME-FIELD4>4</SOME-FIELD4>
		<SOME-FIELD5>44444444444444444</SOME-FIELD5>
		<SOME-FIELD6>444444</SOME-FIELD6>
		<SOME-FIELD7>4444</SOME-FIELD7>
		<SOME-FIELD8>44444444</SOME-FIELD8>
		<SOME-FIELD9>44444444</SOME-FIELD9>
		<SOME-FIELD10>44444444</SOME-FIELD10>
		<SOME-FIELD11>44444444</SOME-FIELD11>
		<SOME-FIELD12>4444444</SOME-FIELD12>
		<SOME-FIELD13>444444</SOME-FIELD13>
		<SOME-FIELD14>4444</SOME-FIELD14>
		<SOME-FIELD15>44</SOME-FIELD15>
		<SOME-FIELD16>4</SOME-FIELD16>
		<SOME-FIELD17></SOME-FIELD17>
		<SOME-FIELD18></SOME-FIELD18>
		<SOME-FIELD19></SOME-FIELD19>
		<SOME-FIELD20></SOME-FIELD20>
		<SOME-FIELD21></SOME-FIELD21>
		<SECOND-TYPE>
			<ANOTHER-FIELD1>5555</ANOTHER-FIELD1>
			<ANOTHER-FIELD2>5</ANOTHER-FIELD2>
			<ANOTHER-FIELD3>5</ANOTHER-FIELD3>
			<ANOTHER-FIELD4>5</ANOTHER-FIELD4>
			<ANOTHER-FIELD5>55555555</ANOTHER-FIELD5>
			<ANOTHER-FIELD6>55555</ANOTHER-FIELD6>
			<ANOTHER-FIELD7>55555</ANOTHER-FIELD7>
			<ANOTHER-FIELD8>555555555555</ANOTHER-FIELD8>
			<ANOTHER-FIELD9>555555555555</ANOTHER-FIELD9>
			<ANOTHER-FIELD10>555555555555</ANOTHER-FIELD10>
			<ANOTHER-FIELD11>555555555555</ANOTHER-FIELD11>
			<ANOTHER-FIELD12>5555555555555555555555</ANOTHER-FIELD12>
		</SECOND-TYPE>
		<SECOND-TYPE>
			<ANOTHER-FIELD1>6666</ANOTHER-FIELD1>
			<ANOTHER-FIELD2>6</ANOTHER-FIELD2>
			<ANOTHER-FIELD3>6</ANOTHER-FIELD3>
			<ANOTHER-FIELD4>6</ANOTHER-FIELD4>
			<ANOTHER-FIELD5>66666666</ANOTHER-FIELD5>
			<ANOTHER-FIELD6>66666</ANOTHER-FIELD6>
			<ANOTHER-FIELD7>66666</ANOTHER-FIELD7>
			<ANOTHER-FIELD8>666666666666</ANOTHER-FIELD8>
			<ANOTHER-FIELD9>666666666666</ANOTHER-FIELD9>
			<ANOTHER-FIELD10>666666666666</ANOTHER-FIELD10>
			<ANOTHER-FIELD11>666666666666</ANOTHER-FIELD11>
			<ANOTHER-FIELD12>66666666666666666666666666</ANOTHER-FIELD12>
		</SECOND-TYPE>
	</FIRST-TYPE>
</CobolData>