<?xml version="1.0" encoding="UTF-8"?><CobolData><PO-Record><Record-Type>H1</Record-Type><Sequence-Number>45.349</Sequence-Number><Vendor>6060</Vendor><PO>286225</PO><Entry-Date>040909</Entry-Date><beg01-code>00</beg01-code><beg02-code></beg02-code><Department>200</Department><Expected-Reciept-Date>050102</Expected-Reciept-Date><Cancel-by-date>075965</Cancel-by-date><EDI-Type></EDI-Type><Add-Date></Add-Date><Department-Name>LADIES KNI</Department-Name><Prcoess-Type>C</Prcoess-Type><Order-Type>FT</Order-Type><Product-Record><Record-Type>D1</Record-Type><Pack-Qty>7.0000</Pack-Qty><Pack-Cost>0.0002</Pack-Cost><APN>2222500000000</APN><Product>43314531</Product><pmg-dtl-tech-key>2075359</pmg-dtl-tech-key><Case-Pack-id>45614531</Case-Pack-id><Product-Name>DONKEY 24-006607 SHWL WRAP CARD</Product-Name><Location-Record><Record-Type>S1</Record-Type><location><DC-Number>5043</DC-Number><Pack-Quantity>1</Pack-Quantity></location><location><DC-Number>5045</DC-Number><Pack-Quantity>1</Pack-Quantity></location><location><DC-Number>5065</DC-Number><Pack-Quantity>1</Pack-Quantity></location><location><DC-Number>5076</DC-Number><Pack-Quantity>1</Pack-Quantity></location><location><DC-Number>5079</DC-Number><Pack-Quantity>1</Pack-Quantity></location><location><DC-Number>5151</DC-Number><Pack-Quantity>1</Pack-Quantity></location><location><DC-Number>5072</DC-Number><Pack-Quantity>1</Pack-Quantity></location><location><DC-Number></DC-Number><Pack-Quantity>0</Pack-Quantity></location><location><DC-Number></DC-Number><Pack-Quantity>0</Pack-Quantity></location><location><DC-Number></DC-Number><Pack-Quantity>0</Pack-Quantity></location></Location-Record></Product-Record><Product-Record><Record-Type>D1</Record-Type><Pack-Qty>4.0000</Pack-Qty><Pack-Cost>148.3200</Pack-Cost><APN>0</APN><Product>5614944</Product><pmg-dtl-tech-key>2075360</pmg-dtl-tech-key><Case-Pack-id>5614944</Case-Pack-id><Product-Name>MILK 24-006607 SHWL WRAP CARD</Product-Name><Location-Record><Record-Type>S1</Record-Type><location><DC-Number>5045</DC-Number><Pack-Quantity>1</Pack-Quantity></location><location><DC-Number>5076</DC-Number><Pack-Quantity>1</Pack-Quantity></location><location><DC-Number>5079</DC-Number><Pack-Quantity>1</Pack-Quantity></location><location><DC-Number>3331</DC-Number><Pack-Quantity>49440001</Pack-Quantity></location><location><DC-Number></DC-Number><Pack-Quantity>0</Pack-Quantity></location><location><DC-Number></DC-Number><Pack-Quantity>0</Pack-Quantity></location><location><DC-Number></DC-Number><Pack-Quantity>0</Pack-Quantity></location><location><DC-Number></DC-Number><Pack-Quantity>0</Pack-Quantity></location><location><DC-Number></DC-Number><Pack-Quantity>0</Pack-Quantity></location><location><DC-Number></DC-Number><Pack-Quantity>0</Pack-Quantity></location></Location-Record></Product-Record><Product-Record><Record-Type>D1</Record-Type><Pack-Qty>48.0000</Pack-Qty><Pack-Cost>148.3200</Pack-Cost><APN>0</APN><Product>55615071</Product><pmg-dtl-tech-key>2075361</pmg-dtl-tech-key><Case-Pack-id>55615071</Case-Pack-id><Product-Name>M.ROSE 24-006607 SHWL WRAP CARD</Product-Name><Location-Record><Record-Type>S1</Record-Type><location><DC-Number>5036</DC-Number><Pack-Quantity>3</Pack-Quantity></location><location><DC-Number>5043</DC-Number><Pack-Quantity>5</Pack-Quantity></location><location><DC-Number>5045</DC-Number><Pack-Quantity>5</Pack-Quantity></location><location><DC-Number>3331</DC-Number><Pack-Quantity>50710003</Pack-Quantity></location><location><DC-Number>5065</DC-Number><Pack-Quantity>4</Pack-Quantity></location><location><DC-Number>5069</DC-Number><Pack-Quantity>4</Pack-Quantity></location><location><DC-Number>5076</DC-Number><Pack-Quantity>4</Pack-Quantity></location><location><DC-Number>5079</DC-Number><Pack-Quantity>2</Pack-Quantity></location><location><DC-Number>5094</DC-Number><Pack-Quantity>4</Pack-Quantity></location><location><DC-Number>5128</DC-Number><Pack-Quantity>3</Pack-Quantity></location></Location-Record><Location-Record><Record-Type>S1</Record-Type><location><DC-Number>5151</DC-Number><Pack-Quantity>4</Pack-Quantity></location><location><DC-Number>5180</DC-Number><Pack-Quantity>3</Pack-Quantity></location><location><DC-Number>5072</DC-Number><Pack-Quantity>2</Pack-Quantity></location><location><DC-Number>5173</DC-Number><Pack-Quantity>2</Pack-Quantity></location><location><DC-Number></DC-Number><Pack-Quantity>0</Pack-Quantity></location><location><DC-Number></DC-Number><Pack-Quantity>0</Pack-Quantity></location><location><DC-Number></DC-Number><Pack-Quantity>0</Pack-Quantity></location><location><DC-Number></DC-Number><Pack-Quantity>0</Pack-Quantity></location><location><DC-Number></DC-Number><Pack-Quantity>0</Pack-Quantity></location><location><DC-Number></DC-Number><Pack-Quantity>0</Pack-Quantity></location></Location-Record></Product-Record><Product-Record><Record-Type>D1</Record-Type><Pack-Qty>4.0000</Pack-Qty><Pack-Cost>148.3200</Pack-Cost><APN>0</APN><Product>55615156</Product><pmg-dtl-tech-key>2075362</pmg-dtl-tech-key><Case-Pack-id>55615156</Case-Pack-id><Product-Name>AQUA 24-006607 SHWL WRAP CARD</Product-Name><Location-Record><Record-Type>S1</Record-Type><location><DC-Number>5043</DC-Number><Pack-Quantity>1</Pack-Quantity></location><location><DC-Number>5045</DC-Number><Pack-Quantity>1</Pack-Quantity></location><location><DC-Number>5065</DC-Number><Pack-Quantity>1</Pack-Quantity></location><location><DC-Number>3331</DC-Number><Pack-Quantity>51560001</Pack-Quantity></location><location><DC-Number></DC-Number><Pack-Quantity>0</Pack-Quantity></location><location><DC-Number></DC-Number><Pack-Quantity>0</Pack-Quantity></location><location><DC-Number></DC-Number><Pack-Quantity>0</Pack-Quantity></location><location><DC-Number></DC-Number><Pack-Quantity>0</Pack-Quantity></location><location><DC-Number></DC-Number><Pack-Quantity>0</Pack-Quantity></location><location><DC-Number></DC-Number><Pack-Quantity>0</Pack-Quantity></location></Location-Record></Product-Record></PO-Record><PO-Record><Record-Type>H1</Record-Type><Sequence-Number>45.350</Sequence-Number><Vendor>6228</Vendor><PO>222227</PO><Entry-Date>040909</Entry-Date><beg01-code>00</beg01-code><beg02-code></beg02-code><Department>200</Department><Expected-Reciept-Date>050102</Expected-Reciept-Date><Cancel-by-date>075966</Cancel-by-date><EDI-Type></EDI-Type><Add-Date></Add-Date><Department-Name>LADIES KNI</Department-Name><Prcoess-Type>C</Prcoess-Type><Order-Type>FT</Order-Type><Product-Record><Record-Type>D1</Record-Type><Pack-Qty>16.0000</Pack-Qty><Pack-Cost>6228148.3200</Pack-Cost><APN>2222</APN><Product>2224531</Product><pmg-dtl-tech-key>2075348</pmg-dtl-tech-key><Case-Pack-id>5614531</Case-Pack-id><Product-Name>DONKEY 24-006607 SHWL WRAP CARD</Product-Name><Location-Record><Record-Type>S1</Record-Type><location><DC-Number>5019</DC-Number><Pack-Quantity>1</Pack-Quantity></location><location><DC-Number>5037</DC-Number><Pack-Quantity>1</Pack-Quantity></location><location><DC-Number>5074</DC-Number><Pack-Quantity>1</Pack-Quantity></location><location><DC-Number>5078</DC-Number><Pack-Quantity>1</Pack-Quantity></location><location><DC-Number>5085</DC-Number><Pack-Quantity>1</Pack-Quantity></location><location><DC-Number>5091</DC-Number><Pack-Quantity>1</Pack-Quantity></location><location><DC-Number>5093</DC-Number><Pack-Quantity>1</Pack-Quantity></location><location><DC-Number>5095</DC-Number><Pack-Quantity>1</Pack-Quantity></location><location><DC-Number>51 D</DC-Number><Pack-Quantity>ONKEY 24</Pack-Quantity></location><location><DC-Number>-6</DC-Number><Pack-Quantity>607 SHWL</Pack-Quantity></location></Location-Record><Location-Record><Record-Type>S1</Record-Type><location><DC-Number>5171</DC-Number><Pack-Quantity>1</Pack-Quantity></location><location><DC-Number>5177</DC-Number><Pack-Quantity>1</Pack-Quantity></location><location><DC-Number>5089</DC-Number><Pack-Quantity>1</Pack-Quantity></location><location><DC-Number>5136</DC-Number><Pack-Quantity>1</Pack-Quantity></location><location><DC-Number>5145</DC-Number><Pack-Quantity>1</Pack-Quantity></location><location><DC-Number>5096</DC-Number><Pack-Quantity>1</Pack-Quantity></location><location><DC-Number></DC-Number><Pack-Quantity>0</Pack-Quantity></location><location><DC-Number></DC-Number><Pack-Quantity>0</Pack-Quantity></location><location><DC-Number></DC-Number><Pack-Quantity>0</Pack-Quantity></location><location><DC-Number></DC-Number><Pack-Quantity>0</Pack-Quantity></location></Location-Record></Product-Record><Product-Record><Record-Type>D1</Record-Type><Pack-Qty>8.0000</Pack-Qty><Pack-Cost>148.3200</Pack-Cost><APN>0</APN><Product>62224944</Product><pmg-dtl-tech-key>2075349</pmg-dtl-tech-key><Case-Pack-id>65614944</Case-Pack-id><Product-Name>MILK 24-006607 SHWL WRAP CARD</Product-Name><Location-Record><Record-Type>S1</Record-Type><location><DC-Number>5019</DC-Number><Pack-Quantity>1</Pack-Quantity></location><location><DC-Number>5037</DC-Number><Pack-Quantity>1</Pack-Quantity></location><location><DC-Number>5078</DC-Number><Pack-Quantity>1</Pack-Quantity></location><location><DC-Number>5091</DC-Number><Pack-Quantity>1</Pack-Quantity></location><location><DC-Number>5093</DC-Number><Pack-Quantity>1</Pack-Quantity></location><location><DC-Number>5129</DC-Number><Pack-Quantity>1</Pack-Quantity></location><location><DC-Number>5177</DC-Number><Pack-Quantity>1</Pack-Quantity></location><location><DC-Number>5145</DC-Number><Pack-Quantity>1</Pack-Quantity></location><location><DC-Number></DC-Number><Pack-Quantity>0</Pack-Quantity></location><location><DC-Number></DC-Number><Pack-Quantity>0</Pack-Quantity></location></Location-Record></Product-Record><Product-Record><Record-Type>D1</Record-Type><Pack-Qty>108.0000</Pack-Qty><Pack-Cost>148.3200</Pack-Cost><APN>0</APN><Product>62225071</Product><pmg-dtl-tech-key>2075350</pmg-dtl-tech-key><Case-Pack-id>65615071</Case-Pack-id><Product-Name>M.ROSE 24-006607 SHWL WRAP CARD</Product-Name><Location-Record><Record-Type>S1</Record-Type><location><DC-Number>5015</DC-Number><Pack-Quantity>2</Pack-Quantity></location><location><DC-Number>5019</DC-Number><Pack-Quantity>5</Pack-Quantity></location><location><DC-Number>5033</DC-Number><Pack-Quantity>2</Pack-Quantity></location><location><DC-Number>5035</DC-Number><Pack-Quantity>2</Pack-Quantity></location><location><DC-Number>5037</DC-Number><Pack-Quantity>4</Pack-Quantity></location><location><DC-Number>5052</DC-Number><Pack-Quantity>2</Pack-Quantity></location><location><DC-Number>5055</DC-Number><Pack-Quantity>2</Pack-Quantity></location><location><DC-Number>5060</DC-Number><Pack-Quantity>2</Pack-Quantity></location><location><DC-Number>5070</DC-Number><Pack-Quantity>2</Pack-Quantity></location><location><DC-Number>5074</DC-Number><Pack-Quantity>4</Pack-Quantity></location></Location-Record><Location-Record><Record-Type>S1</Record-Type><location><DC-Number>5078</DC-Number><Pack-Quantity>5</Pack-Quantity></location><location><DC-Number>5081</DC-Number><Pack-Quantity>2</Pack-Quantity></location><location><DC-Number>5085</DC-Number><Pack-Quantity>3</Pack-Quantity></location><location><DC-Number>5090</DC-Number><Pack-Quantity>2</Pack-Quantity></location><location><DC-Number>5091</DC-Number><Pack-Quantity>4</Pack-Quantity></location><location><DC-Number>5093</DC-Number><Pack-Quantity>4</Pack-Quantity></location><location><DC-Number>5095</DC-Number><Pack-Quantity>4</Pack-Quantity></location><location><DC-Number>5129</DC-Number><Pack-Quantity>4</Pack-Quantity></location><location><DC-Number>5144</DC-Number><Pack-Quantity>4</Pack-Quantity></location><location><DC-Number>5165</DC-Number><Pack-Quantity>2</Pack-Quantity></location></Location-Record><Location-Record><Record-Type>S1</Record-Type><location><DC-Number>5303</DC-Number><Pack-Quantity>2</Pack-Quantity></location><location><DC-Number>5169</DC-Number><Pack-Quantity>2</Pack-Quantity></location><location><DC-Number>5170</DC-Number><Pack-Quantity>2</Pack-Quantity></location><location><DC-Number>5171</DC-Number><Pack-Quantity>3</Pack-Quantity></location><location><DC-Number>5177</DC-Number><Pack-Quantity>4</Pack-Quantity></location><location><DC-Number>5016</DC-Number><Pack-Quantity>2</Pack-Quantity></location><location><DC-Number>5089</DC-Number><Pack-Quantity>4</Pack-Quantity></location><location><DC-Number>5136</DC-Number><Pack-Quantity>3</Pack-Quantity></location><location><DC-Number>5011</DC-Number><Pack-Quantity>2</Pack-Quantity></location><location><DC-Number>5046</DC-Number><Pack-Quantity>2</Pack-Quantity></location></Location-Record><Location-Record><Record-Type>S1</Record-Type><location><DC-Number>5145</DC-Number><Pack-Quantity>4</Pack-Quantity></location><location><DC-Number>5096</DC-Number><Pack-Quantity>3</Pack-Quantity></location><location><DC-Number>5154</DC-Number><Pack-Quantity>2</Pack-Quantity></location><location><DC-Number>5162</DC-Number><Pack-Quantity>2</Pack-Quantity></location><location><DC-Number>5163</DC-Number><Pack-Quantity>2</Pack-Quantity></location><location><DC-Number>5164</DC-Number><Pack-Quantity>2</Pack-Quantity></location><location><DC-Number>5192</DC-Number><Pack-Quantity>2</Pack-Quantity></location><location><DC-Number>5150</DC-Number><Pack-Quantity>2</Pack-Quantity></location><location><DC-Number>5175</DC-Number><Pack-Quantity>2</Pack-Quantity></location><location><DC-Number></DC-Number><Pack-Quantity>0</Pack-Quantity></location></Location-Record></Product-Record><Product-Record><Record-Type>D1</Record-Type><Pack-Qty>8.0000</Pack-Qty><Pack-Cost>148.3200</Pack-Cost><APN>0</APN><Product>52225156</Product><pmg-dtl-tech-key>2075351</pmg-dtl-tech-key><Case-Pack-id>55615156</Case-Pack-id><Product-Name>M.ROSE 24-006607 SHWL WRAP CARD</Product-Name><Location-Record><Record-Type>S1</Record-Type><location><DC-Number>5019</DC-Number><Pack-Quantity>1</Pack-Quantity></location><location><DC-Number>5037</DC-Number><Pack-Quantity>1</Pack-Quantity></location><location><DC-Number>5078</DC-Number><Pack-Quantity>1</Pack-Quantity></location><location><DC-Number>5091</DC-Number><Pack-Quantity>1</Pack-Quantity></location><location><DC-Number>5093</DC-Number><Pack-Quantity>1</Pack-Quantity></location><location><DC-Number>5129</DC-Number><Pack-Quantity>1</Pack-Quantity></location><location><DC-Number>5177</DC-Number><Pack-Quantity>1</Pack-Quantity></location><location><DC-Number>5145</DC-Number><Pack-Quantity>1</Pack-Quantity></location><location><DC-Number></DC-Number><Pack-Quantity>0</Pack-Quantity></location><location><DC-Number></DC-Number><Pack-Quantity>0</Pack-Quantity></location></Location-Record></Product-Record></PO-Record><PO-Record><Record-Type>H1</Record-Type><Sequence-Number>45.351</Sequence-Number><Vendor>6228</Vendor><PO>222243</PO><Entry-Date>040909</Entry-Date><beg01-code>00</beg01-code><beg02-code></beg02-code><Department>200</Department><Expected-Reciept-Date>050102</Expected-Reciept-Date><Cancel-by-date>075968</Cancel-by-date><EDI-Type></EDI-Type><Add-Date></Add-Date><Department-Name>LADIES KNI</Department-Name><Prcoess-Type>C</Prcoess-Type><Order-Type>FT</Order-Type><Product-Record><Record-Type>D1</Record-Type><Pack-Qty>6.0000</Pack-Qty><Pack-Cost>148.3200</Pack-Cost><APN>0</APN><Product>45614531</Product><pmg-dtl-tech-key>2075352</pmg-dtl-tech-key><Case-Pack-id>45614531</Case-Pack-id><Product-Name>DONKEY 24-006607 SHWL WRAP CARD</Product-Name><Location-Record><Record-Type>S1</Record-Type><location><DC-Number>5009</DC-Number><Pack-Quantity>1</Pack-Quantity></location><location><DC-Number>5021</DC-Number><Pack-Quantity>1</Pack-Quantity></location><location><DC-Number>5024</DC-Number><Pack-Quantity>1</Pack-Quantity></location><location><DC-Number>5025</DC-Number><Pack-Quantity>1</Pack-Quantity></location><location><DC-Number>5026</DC-Number><Pack-Quantity>1</Pack-Quantity></location><location><DC-Number>5127</DC-Number><Pack-Quantity>1</Pack-Quantity></location><location><DC-Number></DC-Number><Pack-Quantity>0</Pack-Quantity></location><location><DC-Number></DC-Number><Pack-Quantity>0</Pack-Quantity></location><location><DC-Number></DC-Number><Pack-Quantity>0</Pack-Quantity></location><location><DC-Number></DC-Number><Pack-Quantity>0</Pack-Quantity></location></Location-Record></Product-Record><Product-Record><Record-Type>D1</Record-Type><Pack-Qty>3.0000</Pack-Qty><Pack-Cost>148.3200</Pack-Cost><APN>0</APN><Product>45614944</Product><pmg-dtl-tech-key>2075353</pmg-dtl-tech-key><Case-Pack-id>45614944</Case-Pack-id><Product-Name>MILK 24-006607 SHWL WRAP CARD</Product-Name><Location-Record><Record-Type>S1</Record-Type><location><DC-Number>5009</DC-Number><Pack-Quantity>1</Pack-Quantity></location><location><DC-Number>5021</DC-Number><Pack-Quantity>1</Pack-Quantity></location><location><DC-Number>5127</DC-Number><Pack-Quantity>1</Pack-Quantity></location><location><DC-Number></DC-Number><Pack-Quantity>0</Pack-Quantity></location><location><DC-Number></DC-Number><Pack-Quantity>0</Pack-Quantity></location><location><DC-Number></DC-Number><Pack-Quantity>0</Pack-Quantity></location><location><DC-Number></DC-Number><Pack-Quantity>0</Pack-Quantity></location><location><DC-Number></DC-Number><Pack-Quantity>0</Pack-Quantity></location><location><DC-Number></DC-Number><Pack-Quantity>0</Pack-Quantity></location><location><DC-Number></DC-Number><Pack-Quantity>0</Pack-Quantity></location></Location-Record></Product-Record><Product-Record><Record-Type>D1</Record-Type><Pack-Qty>44.0000</Pack-Qty><Pack-Cost>148.3200</Pack-Cost><APN>0</APN><Product>45615071</Product><pmg-dtl-tech-key>2075354</pmg-dtl-tech-key><Case-Pack-id>45615071</Case-Pack-id><Product-Name>M.ROSE 24-006607 SHWL WRAP CARD</Product-Name><Location-Record><Record-Type>S1</Record-Type><location><DC-Number>5009</DC-Number><Pack-Quantity>5</Pack-Quantity></location><location><DC-Number>5021</DC-Number><Pack-Quantity>5</Pack-Quantity></location><location><DC-Number>5024</DC-Number><Pack-Quantity>4</Pack-Quantity></location><location><DC-Number>5025</DC-Number><Pack-Quantity>4</Pack-Quantity></location><location><DC-Number>5026</DC-Number><Pack-Quantity>4</Pack-Quantity></location><location><DC-Number>5047</DC-Number><Pack-Quantity>3</Pack-Quantity></location><location><DC-Number>5077</DC-Number><Pack-Quantity>2</Pack-Quantity></location><location><DC-Number>5127</DC-Number><Pack-Quantity>5</Pack-Quantity></location><location><DC-Number>5134</DC-Number><Pack-Quantity>4</Pack-Quantity></location><location><DC-Number>5142</DC-Number><Pack-Quantity>2</Pack-Quantity></location></Location-Record><Location-Record><Record-Type>S1</Record-Type><location><DC-Number>5044</DC-Number><Pack-Quantity>2</Pack-Quantity></location><location><DC-Number>5071</DC-Number><Pack-Quantity>2</Pack-Quantity></location><location><DC-Number>5159</DC-Number><Pack-Quantity>2</Pack-Quantity></location><location><DC-Number></DC-Number><Pack-Quantity>0</Pack-Quantity></location><location><DC-Number></DC-Number><Pack-Quantity>0</Pack-Quantity></location><location><DC-Number></DC-Number><Pack-Quantity>0</Pack-Quantity></location><location><DC-Number></DC-Number><Pack-Quantity>0</Pack-Quantity></location><location><DC-Number></DC-Number><Pack-Quantity>0</Pack-Quantity></location><location><DC-Number></DC-Number><Pack-Quantity>0</Pack-Quantity></location><location><DC-Number></DC-Number><Pack-Quantity>0</Pack-Quantity></location></Location-Record></Product-Record><Product-Record><Record-Type>D1</Record-Type><Pack-Qty>3.0000</Pack-Qty><Pack-Cost>148.3200</Pack-Cost><APN>0</APN><Product>45615156</Product><pmg-dtl-tech-key>2075355</pmg-dtl-tech-key><Case-Pack-id>35615156</Case-Pack-id><Product-Name>AQUA 24-006607 SHWL WRAP CARD</Product-Name><Location-Record><Record-Type>S1</Record-Type><location><DC-Number>5009</DC-Number><Pack-Quantity>1</Pack-Quantity></location><location><DC-Number>5021</DC-Number><Pack-Quantity>1</Pack-Quantity></location><location><DC-Number>5127</DC-Number><Pack-Quantity>1</Pack-Quantity></location><location><DC-Number></DC-Number><Pack-Quantity>0</Pack-Quantity></location><location><DC-Number></DC-Number><Pack-Quantity>0</Pack-Quantity></location><location><DC-Number></DC-Number><Pack-Quantity>0</Pack-Quantity></location><location><DC-Number></DC-Number><Pack-Quantity>0</Pack-Quantity></location><location><DC-Number></DC-Number><Pack-Quantity>0</Pack-Quantity></location><location><DC-Number></DC-Number><Pack-Quantity>0</Pack-Quantity></location><location><DC-Number></DC-Number><Pack-Quantity>0</Pack-Quantity></location></Location-Record></Product-Record></PO-Record><PO-Record><Record-Type>H1</Record-Type><Sequence-Number>45.352</Sequence-Number><Vendor>5341</Vendor><PO>294915</PO><Entry-Date>041013</Entry-Date><beg01-code>00</beg01-code><beg02-code></beg02-code><Department>475</Department><Expected-Reciept-Date>041231</Expected-Reciept-Date><Cancel-by-date>075965</Cancel-by-date><EDI-Type>P</EDI-Type><Add-Date></Add-Date><Department-Name>WOMENS SHO</Department-Name><Prcoess-Type>C</Prcoess-Type><Order-Type>FT</Order-Type><Product-Record><Record-Type>D1</Record-Type><Pack-Qty>30.0000</Pack-Qty><Pack-Cost>292.6800</Pack-Cost><APN>0</APN><Product>45846680</Product><pmg-dtl-tech-key>2120736</pmg-dtl-tech-key><Case-Pack-id>45615156</Case-Pack-id><Product-Name>CONCERTO BLACK LEATHER ANKLE BOOT</Product-Name><Location-Record><Record-Type>S1</Record-Type><location><DC-Number>5036</DC-Number><Pack-Quantity>2</Pack-Quantity></location><location><DC-Number>5043</DC-Number><Pack-Quantity>3</Pack-Quantity></location><location><DC-Number>5045</DC-Number><Pack-Quantity>3</Pack-Quantity></location><location><DC-Number>5057</DC-Number><Pack-Quantity>1</Pack-Quantity></location><location><DC-Number>5065</DC-Number><Pack-Quantity>2</Pack-Quantity></location><location><DC-Number>5069</DC-Number><Pack-Quantity>2</Pack-Quantity></location><location><DC-Number>5076</DC-Number><Pack-Quantity>3</Pack-Quantity></location><location><DC-Number>5079</DC-Number><Pack-Quantity>1</Pack-Quantity></location><location><DC-Number>5094</DC-Number><Pack-Quantity>3</Pack-Quantity></location><location><DC-Number>5128</DC-Number><Pack-Quantity>3</Pack-Quantity></location></Location-Record><Location-Record><Record-Type>S1</Record-Type><location><DC-Number>5151</DC-Number><Pack-Quantity>3</Pack-Quantity></location><location><DC-Number>5180</DC-Number><Pack-Quantity>2</Pack-Quantity></location><location><DC-Number>5072</DC-Number><Pack-Quantity>1</Pack-Quantity></location><location><DC-Number>5173</DC-Number><Pack-Quantity>1</Pack-Quantity></location><location><DC-Number></DC-Number><Pack-Quantity>0</Pack-Quantity></location><location><DC-Number></DC-Number><Pack-Quantity>0</Pack-Quantity></location><location><DC-Number></DC-Number><Pack-Quantity>0</Pack-Quantity></location><location><DC-Number></DC-Number><Pack-Quantity>0</Pack-Quantity></location><location><DC-Number></DC-Number><Pack-Quantity>0</Pack-Quantity></location><location><DC-Number></DC-Number><Pack-Quantity>0</Pack-Quantity></location></Location-Record></Product-Record></PO-Record><PO-Record><Record-Type>H1</Record-Type><Sequence-Number>45.353</Sequence-Number><Vendor>5341</Vendor><PO>294987</PO><Entry-Date>041013</Entry-Date><beg01-code>00</beg01-code><beg02-code></beg02-code><Department>475</Department><Expected-Reciept-Date>041231</Expected-Reciept-Date><Cancel-by-date>075965</Cancel-by-date><EDI-Type>P</EDI-Type><Add-Date></Add-Date><Department-Name>WOMENS SHO</Department-Name><Prcoess-Type>C</Prcoess-Type><Order-Type>FT</Order-Type><Product-Record><Record-Type>D1</Record-Type><Pack-Qty>29.0000</Pack-Qty><Pack-Cost>198.3600</Pack-Cost><APN>0</APN><Product>45846772</Product><pmg-dtl-tech-key>2121104</pmg-dtl-tech-key><Case-Pack-id>5846772</Case-Pack-id><Product-Name>ANGEL PINK SYNTHETIC MICRO SUEDE SLOUCH BOOT</Product-Name><Location-Record><Record-Type>S1</Record-Type><location><DC-Number>5036</DC-Number><Pack-Quantity>2</Pack-Quantity></location><location><DC-Number>5043</DC-Number><Pack-Quantity>3</Pack-Quantity></location><location><DC-Number>5045</DC-Number><Pack-Quantity>3</Pack-Quantity></location><location><DC-Number>5057</DC-Number><Pack-Quantity>1</Pack-Quantity></location><location><DC-Number>5065</DC-Number><Pack-Quantity>2</Pack-Quantity></location><location><DC-Number>5069</DC-Number><Pack-Quantity>2</Pack-Quantity></location><location><DC-Number>5076</DC-Number><Pack-Quantity>3</Pack-Quantity></location><location><DC-Number>5079</DC-Number><Pack-Quantity>1</Pack-Quantity></location><location><DC-Number>5094</DC-Number><Pack-Quantity>2</Pack-Quantity></location><location><DC-Number>5128</DC-Number><Pack-Quantity>3</Pack-Quantity></location></Location-Record><Location-Record><Record-Type>S1</Record-Type><location><DC-Number>5151</DC-Number><Pack-Quantity>3</Pack-Quantity></location><location><DC-Number>5180</DC-Number><Pack-Quantity>2</Pack-Quantity></location><location><DC-Number>5072</DC-Number><Pack-Quantity>1</Pack-Quantity></location><location><DC-Number>5173</DC-Number><Pack-Quantity>1</Pack-Quantity></location><location><DC-Number></DC-Number><Pack-Quantity>0</Pack-Quantity></location><location><DC-Number></DC-Number><Pack-Quantity>0</Pack-Quantity></location><location><DC-Number></DC-Number><Pack-Quantity>0</Pack-Quantity></location><location><DC-Number></DC-Number><Pack-Quantity>0</Pack-Quantity></location><location><DC-Number></DC-Number><Pack-Quantity>0</Pack-Quantity></location><location><DC-Number></DC-Number><Pack-Quantity>0</Pack-Quantity></location></Location-Record></Product-Record><Product-Record><Record-Type>D1</Record-Type><Pack-Qty>29.0000</Pack-Qty><Pack-Cost>198.3600</Pack-Cost><APN>0</APN><Product>45847489</Product><pmg-dtl-tech-key>2121627</pmg-dtl-tech-key><Case-Pack-id>45847489</Case-Pack-id><Product-Name>ANGEL PINK SYNTHETIC MICRO SUEDE SLOUCH BOOT</Product-Name><Location-Record><Record-Type>S1</Record-Type><location><DC-Number>5036</DC-Number><Pack-Quantity>2</Pack-Quantity></location><location><DC-Number>5043</DC-Number><Pack-Quantity>3</Pack-Quantity></location><location><DC-Number>5045</DC-Number><Pack-Quantity>3</Pack-Quantity></location><location><DC-Number>5057</DC-Number><Pack-Quantity>1</Pack-Quantity></location><location><DC-Number>5065</DC-Number><Pack-Quantity>2</Pack-Quantity></location><location><DC-Number>5069</DC-Number><Pack-Quantity>2</Pack-Quantity></location><location><DC-Number>5076</DC-Number><Pack-Quantity>2</Pack-Quantity></location><location><DC-Number>5079</DC-Number><Pack-Quantity>1</Pack-Quantity></location><location><DC-Number>5094</DC-Number><Pack-Quantity>3</Pack-Quantity></location><location><DC-Number>5128</DC-Number><Pack-Quantity>3</Pack-Quantity></location></Location-Record><Location-Record><Record-Type>S1</Record-Type><location><DC-Number>5151</DC-Number><Pack-Quantity>3</Pack-Quantity></location><location><DC-Number>5180</DC-Number><Pack-Quantity>2</Pack-Quantity></location><location><DC-Number>5072</DC-Number><Pack-Quantity>1</Pack-Quantity></location><location><DC-Number>5173</DC-Number><Pack-Quantity>1</Pack-Quantity></location><location><DC-Number></DC-Number><Pack-Quantity>0</Pack-Quantity></location><location><DC-Number></DC-Number><Pack-Quantity>0</Pack-Quantity></location><location><DC-Number></DC-Number><Pack-Quantity>0</Pack-Quantity></location><location><DC-Number></DC-Number><Pack-Quantity>0</Pack-Quantity></location><location><DC-Number></DC-Number><Pack-Quantity>0</Pack-Quantity></location><location><DC-Number></DC-Number><Pack-Quantity>0</Pack-Quantity></location></Location-Record></Product-Record></PO-Record><PO-Record><Record-Type>H1</Record-Type><Sequence-Number>45.354</Sequence-Number><Vendor>5341</Vendor><PO>295139</PO><Entry-Date>041013</Entry-Date><beg01-code>00</beg01-code><beg02-code></beg02-code><Department>475</Department><Expected-Reciept-Date>041231</Expected-Reciept-Date><Cancel-by-date>075965</Cancel-by-date><EDI-Type>P</EDI-Type><Add-Date></Add-Date><Department-Name>WOMENS SHO</Department-Name><Prcoess-Type>C</Prcoess-Type><Order-Type>FT</Order-Type><Product-Record><Record-Type>D1</Record-Type><Pack-Qty>25.0000</Pack-Qty><Pack-Cost>465.4800</Pack-Cost><APN>0</APN><Product>45848707</Product><pmg-dtl-tech-key>2179843</pmg-dtl-tech-key><Case-Pack-id>45848707A</Case-Pack-id><Product-Name>ANGEL PINK SYNTHETIC MICRO SUEDE SLOUCH BOOT</Product-Name><Location-Record><Record-Type>S1</Record-Type><location><DC-Number>5036</DC-Number><Pack-Quantity>2</Pack-Quantity></location><location><DC-Number>5043</DC-Number><Pack-Quantity>2</Pack-Quantity></location><location><DC-Number>5045</DC-Number><Pack-Quantity>2</Pack-Quantity></location><location><DC-Number>5057</DC-Number><Pack-Quantity>1</Pack-Quantity></location><location><DC-Number>5065</DC-Number><Pack-Quantity>2</Pack-Quantity></location><location><DC-Number>5069</DC-Number><Pack-Quantity>2</Pack-Quantity></location><location><DC-Number>5076</DC-Number><Pack-Quantity>2</Pack-Quantity></location><location><DC-Number>5079</DC-Number><Pack-Quantity>1</Pack-Quantity></location><location><DC-Number>5094</DC-Number><Pack-Quantity>2</Pack-Quantity></location><location><DC-Number>5128</DC-Number><Pack-Quantity>2</Pack-Quantity></location></Location-Record><Location-Record><Record-Type>S1</Record-Type><location><DC-Number>5151</DC-Number><Pack-Quantity>2</Pack-Quantity></location><location><DC-Number>5180</DC-Number><Pack-Quantity>2</Pack-Quantity></location><location><DC-Number>5072</DC-Number><Pack-Quantity>2</Pack-Quantity></location><location><DC-Number>5173</DC-Number><Pack-Quantity>1</Pack-Quantity></location><location><DC-Number></DC-Number><Pack-Quantity>0</Pack-Quantity></location><location><DC-Number></DC-Number><Pack-Quantity>0</Pack-Quantity></location><location><DC-Number></DC-Number><Pack-Quantity>0</Pack-Quantity></location><location><DC-Number></DC-Number><Pack-Quantity>0</Pack-Quantity></location><location><DC-Number></DC-Number><Pack-Quantity>0</Pack-Quantity></location><location><DC-Number></DC-Number><Pack-Quantity>0</Pack-Quantity></location></Location-Record></Product-Record></PO-Record><PO-Record><Record-Type>H1</Record-Type><Sequence-Number>45.355</Sequence-Number><Vendor>5341</Vendor><PO>303662</PO><Entry-Date>041110</Entry-Date><beg01-code>00</beg01-code><beg02-code></beg02-code><Department>310</Department><Expected-Reciept-Date>041231</Expected-Reciept-Date><Cancel-by-date>075965</Cancel-by-date><EDI-Type>P</EDI-Type><Add-Date></Add-Date><Department-Name>YOUTH SHOE</Department-Name><Prcoess-Type>C</Prcoess-Type><Order-Type>FT</Order-Type><Product-Record><Record-Type>D1</Record-Type><Pack-Qty>8.0000</Pack-Qty><Pack-Cost>82.1600</Pack-Cost><APN>0</APN><Product>46164790</Product><pmg-dtl-tech-key>2203070</pmg-dtl-tech-key><Case-Pack-id>46164790B8</Case-Pack-id><Product-Name>ANGEL PINK SYNTHETIC MICRO SUEDE SLOUCH BOOT     E</Product-Name><Location-Record><Record-Type>S1</Record-Type><location><DC-Number>5043</DC-Number><Pack-Quantity>1</Pack-Quantity></location><location><DC-Number>5045</DC-Number><Pack-Quantity>1</Pack-Quantity></location><location><DC-Number>5065</DC-Number><Pack-Quantity>1</Pack-Quantity></location><location><DC-Number>5069</DC-Number><Pack-Quantity>1</Pack-Quantity></location><location><DC-Number>5076</DC-Number><Pack-Quantity>1</Pack-Quantity></location><location><DC-Number>5094</DC-Number><Pack-Quantity>1</Pack-Quantity></location><location><DC-Number>5128</DC-Number><Pack-Quantity>1</Pack-Quantity></location><location><DC-Number>5151</DC-Number><Pack-Quantity>1</Pack-Quantity></location><location><DC-Number></DC-Number><Pack-Quantity>0</Pack-Quantity></location><location><DC-Number></DC-Number><Pack-Quantity>0</Pack-Quantity></location></Location-Record></Product-Record><Product-Record><Record-Type>D1</Record-Type><Pack-Qty>24.0000</Pack-Qty><Pack-Cost>112.9700</Pack-Cost><APN>0</APN><Product>46164790</Product><pmg-dtl-tech-key>2203056</pmg-dtl-tech-key><Case-Pack-id>46164790</Case-Pack-id><Product-Name>ANGEL PINK SYNTHETIC MICRO SUEDE SLOUCH BOOT     E</Product-Name><Location-Record><Record-Type>S1</Record-Type><location><DC-Number>5036</DC-Number><Pack-Quantity>1</Pack-Quantity></location><location><DC-Number>5043</DC-Number><Pack-Quantity>2</Pack-Quantity></location><location><DC-Number>5045</DC-Number><Pack-Quantity>2</Pack-Quantity></location><location><DC-Number>5057</DC-Number><Pack-Quantity>1</Pack-Quantity></location><location><DC-Number>5065</DC-Number><Pack-Quantity>2</Pack-Quantity></location><location><DC-Number>5069</DC-Number><Pack-Quantity>2</Pack-Quantity></location><location><DC-Number>5076</DC-Number><Pack-Quantity>2</Pack-Quantity></location><location><DC-Number>5079</DC-Number><Pack-Quantity>1</Pack-Quantity></location><location><DC-Number>5094</DC-Number><Pack-Quantity>2</Pack-Quantity></location><location><DC-Number>5128</DC-Number><Pack-Quantity>2</Pack-Quantity></location></Location-Record><Location-Record><Record-Type>S1</Record-Type><location><DC-Number>5151</DC-Number><Pack-Quantity>3</Pack-Quantity></location><location><DC-Number>5180</DC-Number><Pack-Quantity>2</Pack-Quantity></location><location><DC-Number>5072</DC-Number><Pack-Quantity>1</Pack-Quantity></location><location><DC-Number>5173</DC-Number><Pack-Quantity>1</Pack-Quantity></location><location><DC-Number></DC-Number><Pack-Quantity>0</Pack-Quantity></location><location><DC-Number></DC-Number><Pack-Quantity>0</Pack-Quantity></location><location><DC-Number></DC-Number><Pack-Quantity>0</Pack-Quantity></location><location><DC-Number></DC-Number><Pack-Quantity>0</Pack-Quantity></location><location><DC-Number></DC-Number><Pack-Quantity>0</Pack-Quantity></location><location><DC-Number></DC-Number><Pack-Quantity>0</Pack-Quantity></location></Location-Record></Product-Record><Product-Record><Record-Type>D1</Record-Type><Pack-Qty>7.0000</Pack-Qty><Pack-Cost>82.1600</Pack-Cost><APN>0</APN><Product>46165360</Product><pmg-dtl-tech-key>2203075</pmg-dtl-tech-key><Case-Pack-id>46165360B8</Case-Pack-id><Product-Name>CABERETCARAMEL MICRO SUEDE PEEP TOE</Product-Name><Location-Record><Record-Type>S1</Record-Type><location><DC-Number>5043</DC-Number><Pack-Quantity>1</Pack-Quantity></location><location><DC-Number>5045</DC-Number><Pack-Quantity>1</Pack-Quantity></location><location><DC-Number>5065</DC-Number><Pack-Quantity>1</Pack-Quantity></location><location><DC-Number>5069</DC-Number><Pack-Quantity>1</Pack-Quantity></location><location><DC-Number>5076</DC-Number><Pack-Quantity>1</Pack-Quantity></location><location><DC-Number>5128</DC-Number><Pack-Quantity>1</Pack-Quantity></location><location><DC-Number>5151</DC-Number><Pack-Quantity>1</Pack-Quantity></location><location><DC-Number></DC-Number><Pack-Quantity>0</Pack-Quantity></location><location><DC-Number></DC-Number><Pack-Quantity>0</Pack-Quantity></location><location><DC-Number></DC-Number><Pack-Quantity>0</Pack-Quantity></location></Location-Record></Product-Record><Product-Record><Record-Type>D1</Record-Type><Pack-Qty>23.0000</Pack-Qty><Pack-Cost>112.9700</Pack-Cost><APN>0</APN><Product>46165360</Product><pmg-dtl-tech-key>2203072</pmg-dtl-tech-key><Case-Pack-id>46165360</Case-Pack-id><Product-Name>CABERETCARAMEL MICRO SUEDE PEEP TOE</Product-Name><Location-Record><Record-Type>S1</Record-Type><location><DC-Number>5036</DC-Number><Pack-Quantity>1</Pack-Quantity></location><location><DC-Number>5043</DC-Number><Pack-Quantity>2</Pack-Quantity></location><location><DC-Number>5045</DC-Number><Pack-Quantity>2</Pack-Quantity></location><location><DC-Number>5057</DC-Number><Pack-Quantity>1</Pack-Quantity></location><location><DC-Number>5065</DC-Number><Pack-Quantity>2</Pack-Quantity></location><location><DC-Number>5069</DC-Number><Pack-Quantity>2</Pack-Quantity></location><location><DC-Number>5076</DC-Number><Pack-Quantity>2</Pack-Quantity></location><location><DC-Number>5079</DC-Number><Pack-Quantity>1</Pack-Quantity></location><location><DC-Number>5094</DC-Number><Pack-Quantity>1</Pack-Quantity></location><location><DC-Number>5128</DC-Number><Pack-Quantity>2</Pack-Quantity></location></Location-Record><Location-Record><Record-Type>S1</Record-Type><location><DC-Number>5151</DC-Number><Pack-Quantity>3</Pack-Quantity></location><location><DC-Number>5180</DC-Number><Pack-Quantity>2</Pack-Quantity></location><location><DC-Number>5072</DC-Number><Pack-Quantity>1</Pack-Quantity></location><location><DC-Number>5173</DC-Number><Pack-Quantity>1</Pack-Quantity></location><location><DC-Number></DC-Number><Pack-Quantity>0</Pack-Quantity></location><location><DC-Number></DC-Number><Pack-Quantity>0</Pack-Quantity></location><location><DC-Number></DC-Number><Pack-Quantity>0</Pack-Quantity></location><location><DC-Number></DC-Number><Pack-Quantity>0</Pack-Quantity></location><location><DC-Number></DC-Number><Pack-Quantity>0</Pack-Quantity></location><location><DC-Number></DC-Number><Pack-Quantity>0</Pack-Quantity></location></Location-Record></Product-Record></PO-Record><PO-Record><Record-Type>H1</Record-Type><Sequence-Number>45.356</Sequence-Number><Vendor>5341</Vendor><PO>304100</PO><Entry-Date>041111</Entry-Date><beg01-code>00</beg01-code><beg02-code></beg02-code><Department>310</Department><Expected-Reciept-Date>041231</Expected-Reciept-Date><Cancel-by-date>075965</Cancel-by-date><EDI-Type>P</EDI-Type><Add-Date></Add-Date><Department-Name>YOUTH SHOE</Department-Name><Prcoess-Type>C</Prcoess-Type><Order-Type>FT</Order-Type><Product-Record><Record-Type>D1</Record-Type><Pack-Qty>8.0000</Pack-Qty><Pack-Cost>83.8400</Pack-Cost><APN>0</APN><Product>45928553</Product><pmg-dtl-tech-key>2203222</pmg-dtl-tech-key><Case-Pack-id>45928553B8</Case-Pack-id><Product-Name>CABERETCARAMEL MICRO SUEDE PEEP TOE</Product-Name><Location-Record><Record-Type>S1</Record-Type><location><DC-Number>5043</DC-Number><Pack-Quantity>1</Pack-Quantity></location><location><DC-Number>5045</DC-Number><Pack-Quantity>1</Pack-Quantity></location><location><DC-Number>5069</DC-Number><Pack-Quantity>1</Pack-Quantity></location><location><DC-Number>5076</DC-Number><Pack-Quantity>1</Pack-Quantity></location><location><DC-Number>5094</DC-Number><Pack-Quantity>1</Pack-Quantity></location><location><DC-Number>5128</DC-Number><Pack-Quantity>1</Pack-Quantity></location><location><DC-Number>5151</DC-Number><Pack-Quantity>1</Pack-Quantity></location><location><DC-Number>5180</DC-Number><Pack-Quantity>1</Pack-Quantity></location><location><DC-Number></DC-Number><Pack-Quantity>0</Pack-Quantity></location><location><DC-Number></DC-Number><Pack-Quantity>0</Pack-Quantity></location></Location-Record></Product-Record><Product-Record><Record-Type>D1</Record-Type><Pack-Qty>22.0000</Pack-Qty><Pack-Cost>125.7600</Pack-Cost><APN>0</APN><Product>45928553</Product><pmg-dtl-tech-key>2203219</pmg-dtl-tech-key><Case-Pack-id>45928553</Case-Pack-id><Product-Name>CABERETCARAMEL MICRO SUEDE PEEP TOE</Product-Name><Location-Record><Record-Type>S1</Record-Type><location><DC-Number>5036</DC-Number><Pack-Quantity>1</Pack-Quantity></location><location><DC-Number>5043</DC-Number><Pack-Quantity>2</Pack-Quantity></location><location><DC-Number>5045</DC-Number><Pack-Quantity>2</Pack-Quantity></location><location><DC-Number>5057</DC-Number><Pack-Quantity>1</Pack-Quantity></location><location><DC-Number>5065</DC-Number><Pack-Quantity>1</Pack-Quantity></location><location><DC-Number>5069</DC-Number><Pack-Quantity>2</Pack-Quantity></location><location><DC-Number>5076</DC-Number><Pack-Quantity>2</Pack-Quantity></location><location><DC-Number>5079</DC-Number><Pack-Quantity>1</Pack-Quantity></location><location><DC-Number>5094</DC-Number><Pack-Quantity>2</Pack-Quantity></location><location><DC-Number>5128</DC-Number><Pack-Quantity>2</Pack-Quantity></location></Location-Record><Location-Record><Record-Type>S1</Record-Type><location><DC-Number>5151</DC-Number><Pack-Quantity>2</Pack-Quantity></location><location><DC-Number>5180</DC-Number><Pack-Quantity>2</Pack-Quantity></location><location><DC-Number>5072</DC-Number><Pack-Quantity>1</Pack-Quantity></location><location><DC-Number>5173</DC-Number><Pack-Quantity>1</Pack-Quantity></location><location><DC-Number></DC-Number><Pack-Quantity>0</Pack-Quantity></location><location><DC-Number></DC-Number><Pack-Quantity>0</Pack-Quantity></location><location><DC-Number></DC-Number><Pack-Quantity>0</Pack-Quantity></location><location><DC-Number></DC-Number><Pack-Quantity>0</Pack-Quantity></location><location><DC-Number></DC-Number><Pack-Quantity>0</Pack-Quantity></location><location><DC-Number></DC-Number><Pack-Quantity>0</Pack-Quantity></location></Location-Record></Product-Record><Product-Record><Record-Type>D1</Record-Type><Pack-Qty>22.0000</Pack-Qty><Pack-Cost>125.7600</Pack-Cost><APN>0</APN><Product>15935759</Product><pmg-dtl-tech-key>2203223</pmg-dtl-tech-key><Case-Pack-id>05935759</Case-Pack-id><Product-Name>JAZZ DUSTY PINK HEELED PEEP TOE</Product-Name><Location-Record><Record-Type>S1</Record-Type><location><DC-Number>5036</DC-Number><Pack-Quantity>1</Pack-Quantity></location><location><DC-Number>5043</DC-Number><Pack-Quantity>2</Pack-Quantity></location><location><DC-Number>5045</DC-Number><Pack-Quantity>2</Pack-Quantity></location><location><DC-Number>5057</DC-Number><Pack-Quantity>1</Pack-Quantity></location><location><DC-Number>5065</DC-Number><Pack-Quantity>1</Pack-Quantity></location><location><DC-Number>5069</DC-Number><Pack-Quantity>2</Pack-Quantity></location><location><DC-Number>5076</DC-Number><Pack-Quantity>2</Pack-Quantity></location><location><DC-Number>5079</DC-Number><Pack-Quantity>1</Pack-Quantity></location><location><DC-Number>5094</DC-Number><Pack-Quantity>2</Pack-Quantity></location><location><DC-Number>5128</DC-Number><Pack-Quantity>2</Pack-Quantity></location></Location-Record><Location-Record><Record-Type>S1</Record-Type><location><DC-Number>5151</DC-Number><Pack-Quantity>3</Pack-Quantity></location><location><DC-Number>5180</DC-Number><Pack-Quantity>1</Pack-Quantity></location><location><DC-Number>5072</DC-Number><Pack-Quantity>1</Pack-Quantity></location><location><DC-Number>5173</DC-Number><Pack-Quantity>1</Pack-Quantity></location><location><DC-Number></DC-Number><Pack-Quantity>0</Pack-Quantity></location><location><DC-Number></DC-Number><Pack-Quantity>0</Pack-Quantity></location><location><DC-Number></DC-Number><Pack-Quantity>0</Pack-Quantity></location><location><DC-Number></DC-Number><Pack-Quantity>0</Pack-Quantity></location><location><DC-Number></DC-Number><Pack-Quantity>0</Pack-Quantity></location><location><DC-Number></DC-Number><Pack-Quantity>0</Pack-Quantity></location></Location-Record></Product-Record><Product-Record><Record-Type>D1</Record-Type><Pack-Qty>7.0000</Pack-Qty><Pack-Cost>83.8400</Pack-Cost><APN>0</APN><Product>45935759</Product><pmg-dtl-tech-key>2203224</pmg-dtl-tech-key><Case-Pack-id>45935759B8</Case-Pack-id><Product-Name>JAZZ DUSTY PINK HEELED PEEP TOE</Product-Name><Location-Record><Record-Type>S1</Record-Type><location><DC-Number>5043</DC-Number><Pack-Quantity>1</Pack-Quantity></location><location><DC-Number>5045</DC-Number><Pack-Quantity>1</Pack-Quantity></location><location><DC-Number>5069</DC-Number><Pack-Quantity>1</Pack-Quantity></location><location><DC-Number>5076</DC-Number><Pack-Quantity>1</Pack-Quantity></location><location><DC-Number>5094</DC-Number><Pack-Quantity>1</Pack-Quantity></location><location><DC-Number>5128</DC-Number><Pack-Quantity>1</Pack-Quantity></location><location><DC-Number>5151</DC-Number><Pack-Quantity>1</Pack-Quantity></location><location><DC-Number></DC-Number><Pack-Quantity>0</Pack-Quantity></location><location><DC-Number></DC-Number><Pack-Quantity>0</Pack-Quantity></location><location><DC-Number></DC-Number><Pack-Quantity>0</Pack-Quantity></location></Location-Record></Product-Record></PO-Record></CobolData>