<?xml version="1.0" encoding="UTF-8"?><CobolData><PO_Record><Record_Type>H1</Record_Type><Sequence_Number>45.349</Sequence_Number><Vendor>6060</Vendor><PO>286225</PO><Entry_Date>040909</Entry_Date><beg01_code>00</beg01_code><beg02_code></beg02_code><Department>200</Department><Expected_Reciept_Date>050102</Expected_Reciept_Date><Cancel_by_date>075965</Cancel_by_date><EDI_Type></EDI_Type><Add_Date></Add_Date><Department_Name>LADIES KNI</Department_Name><Prcoess_Type>C</Prcoess_Type><Order_Type>FT</Order_Type><Product_Record><Record_Type>D1</Record_Type><Pack_Qty>7.0000</Pack_Qty><Pack_Cost>0.0002</Pack_Cost><APN>2222500000000</APN><Product>43314531</Product><pmg_dtl_tech_key>2075359</pmg_dtl_tech_key><Case_Pack_id>45614531</Case_Pack_id><Product_Name>DONKEY 24-006607 SHWL WRAP CARD</Product_Name><Location_Record><Record_Type>S1</Record_Type><location><DC_Number>5043</DC_Number><Pack_Quantity>1</Pack_Quantity></location><location><DC_Number>5045</DC_Number><Pack_Quantity>1</Pack_Quantity></location><location><DC_Number>5065</DC_Number><Pack_Quantity>1</Pack_Quantity></location><location><DC_Number>5076</DC_Number><Pack_Quantity>1</Pack_Quantity></location><location><DC_Number>5079</DC_Number><Pack_Quantity>1</Pack_Quantity></location><location><DC_Number>5151</DC_Number><Pack_Quantity>1</Pack_Quantity></location><location><DC_Number>5072</DC_Number><Pack_Quantity>1</Pack_Quantity></location></Location_Record></Product_Record><Product_Record><Record_Type>D1</Record_Type><Pack_Qty>4.0000</Pack_Qty><Pack_Cost>148.3200</Pack_Cost><APN>0</APN><Product>5614944</Product><pmg_dtl_tech_key>2075360</pmg_dtl_tech_key><Case_Pack_id>5614944</Case_Pack_id><Product_Name>MILK 24-006607 SHWL WRAP CARD</Product_Name><Location_Record><Record_Type>S1</Record_Type><location><DC_Number>5045</DC_Number><Pack_Quantity>1</Pack_Quantity></location><location><DC_Number>5076</DC_Number><Pack_Quantity>1</Pack_Quantity></location><location><DC_Number>5079</DC_Number><Pack_Quantity>1</Pack_Quantity></location><location><DC_Number>3331</DC_Number><Pack_Quantity>49440001</Pack_Quantity></location></Location_Record></Product_Record><Product_Record><Record_Type>D1</Record_Type><Pack_Qty>48.0000</Pack_Qty><Pack_Cost>148.3200</Pack_Cost><APN>0</APN><Product>55615071</Product><pmg_dtl_tech_key>2075361</pmg_dtl_tech_key><Case_Pack_id>55615071</Case_Pack_id><Product_Name>M.ROSE 24-006607 SHWL WRAP CARD</Product_Name><Location_Record><Record_Type>S1</Record_Type><location><DC_Number>5036</DC_Number><Pack_Quantity>3</Pack_Quantity></location><location><DC_Number>5043</DC_Number><Pack_Quantity>5</Pack_Quantity></location><location><DC_Number>5045</DC_Number><Pack_Quantity>5</Pack_Quantity></location><location><DC_Number>3331</DC_Number><Pack_Quantity>50710003</Pack_Quantity></location><location><DC_Number>5065</DC_Number><Pack_Quantity>4</Pack_Quantity></location><location><DC_Number>5069</DC_Number><Pack_Quantity>4</Pack_Quantity></location><location><DC_Number>5076</DC_Number><Pack_Quantity>4</Pack_Quantity></location><location><DC_Number>5079</DC_Number><Pack_Quantity>2</Pack_Quantity></location><location><DC_Number>5094</DC_Number><Pack_Quantity>4</Pack_Quantity></location><location><DC_Number>5128</DC_Number><Pack_Quantity>3</Pack_Quantity></location></Location_Record><Location_Record><Record_Type>S1</Record_Type><location><DC_Number>5151</DC_Number><Pack_Quantity>4</Pack_Quantity></location><location><DC_Number>5180</DC_Number><Pack_Quantity>3</Pack_Quantity></location><location><DC_Number>5072</DC_Number><Pack_Quantity>2</Pack_Quantity></location><location><DC_Number>5173</DC_Number><Pack_Quantity>2</Pack_Quantity></location></Location_Record></Product_Record><Product_Record><Record_Type>D1</Record_Type><Pack_Qty>4.0000</Pack_Qty><Pack_Cost>148.3200</Pack_Cost><APN>0</APN><Product>55615156</Product><pmg_dtl_tech_key>2075362</pmg_dtl_tech_key><Case_Pack_id>55615156</Case_Pack_id><Product_Name>AQUA 24-006607 SHWL WRAP CARD</Product_Name><Location_Record><Record_Type>S1</Record_Type><location><DC_Number>5043</DC_Number><Pack_Quantity>1</Pack_Quantity></location><location><DC_Number>5045</DC_Number><Pack_Quantity>1</Pack_Quantity></location><location><DC_Number>5065</DC_Number><Pack_Quantity>1</Pack_Quantity></location><location><DC_Number>3331</DC_Number><Pack_Quantity>51560001</Pack_Quantity></location></Location_Record></Product_Record></PO_Record><PO_Record><Record_Type>H1</Record_Type><Sequence_Number>45.350</Sequence_Number><Vendor>6228</Vendor><PO>222227</PO><Entry_Date>040909</Entry_Date><beg01_code>00</beg01_code><beg02_code></beg02_code><Department>200</Department><Expected_Reciept_Date>050102</Expected_Reciept_Date><Cancel_by_date>075966</Cancel_by_date><EDI_Type></EDI_Type><Add_Date></Add_Date><Department_Name>LADIES KNI</Department_Name><Prcoess_Type>C</Prcoess_Type><Order_Type>FT</Order_Type><Product_Record><Record_Type>D1</Record_Type><Pack_Qty>16.0000</Pack_Qty><Pack_Cost>6228148.3200</Pack_Cost><APN>2222</APN><Product>2224531</Product><pmg_dtl_tech_key>2075348</pmg_dtl_tech_key><Case_Pack_id>5614531</Case_Pack_id><Product_Name>DONKEY 24-006607 SHWL WRAP CARD</Product_Name><Location_Record><Record_Type>S1</Record_Type><location><DC_Number>5019</DC_Number><Pack_Quantity>1</Pack_Quantity></location><location><DC_Number>5037</DC_Number><Pack_Quantity>1</Pack_Quantity></location><location><DC_Number>5074</DC_Number><Pack_Quantity>1</Pack_Quantity></location><location><DC_Number>5078</DC_Number><Pack_Quantity>1</Pack_Quantity></location><location><DC_Number>5085</DC_Number><Pack_Quantity>1</Pack_Quantity></location><location><DC_Number>5091</DC_Number><Pack_Quantity>1</Pack_Quantity></location><location><DC_Number>5093</DC_Number><Pack_Quantity>1</Pack_Quantity></location><location><DC_Number>5095</DC_Number><Pack_Quantity>1</Pack_Quantity></location></Location_Record><Location_Record><Record_Type>S1</Record_Type><location><DC_Number>5171</DC_Number><Pack_Quantity>1</Pack_Quantity></location><location><DC_Number>5177</DC_Number><Pack_Quantity>1</Pack_Quantity></location><location><DC_Number>5089</DC_Number><Pack_Quantity>1</Pack_Quantity></location><location><DC_Number>5136</DC_Number><Pack_Quantity>1</Pack_Quantity></location><location><DC_Number>5145</DC_Number><Pack_Quantity>1</Pack_Quantity></location><location><DC_Number>5096</DC_Number><Pack_Quantity>1</Pack_Quantity></location></Location_Record></Product_Record><Product_Record><Record_Type>D1</Record_Type><Pack_Qty>8.0000</Pack_Qty><Pack_Cost>148.3200</Pack_Cost><APN>0</APN><Product>62224944</Product><pmg_dtl_tech_key>2075349</pmg_dtl_tech_key><Case_Pack_id>65614944</Case_Pack_id><Product_Name>MILK 24-006607 SHWL WRAP CARD</Product_Name><Location_Record><Record_Type>S1</Record_Type><location><DC_Number>5019</DC_Number><Pack_Quantity>1</Pack_Quantity></location><location><DC_Number>5037</DC_Number><Pack_Quantity>1</Pack_Quantity></location><location><DC_Number>5078</DC_Number><Pack_Quantity>1</Pack_Quantity></location><location><DC_Number>5091</DC_Number><Pack_Quantity>1</Pack_Quantity></location><location><DC_Number>5093</DC_Number><Pack_Quantity>1</Pack_Quantity></location><location><DC_Number>5129</DC_Number><Pack_Quantity>1</Pack_Quantity></location><location><DC_Number>5177</DC_Number><Pack_Quantity>1</Pack_Quantity></location><location><DC_Number>5145</DC_Number><Pack_Quantity>1</Pack_Quantity></location></Location_Record></Product_Record><Product_Record><Record_Type>D1</Record_Type><Pack_Qty>108.0000</Pack_Qty><Pack_Cost>148.3200</Pack_Cost><APN>0</APN><Product>62225071</Product><pmg_dtl_tech_key>2075350</pmg_dtl_tech_key><Case_Pack_id>65615071</Case_Pack_id><Product_Name>M.ROSE 24-006607 SHWL WRAP CARD</Product_Name><Location_Record><Record_Type>S1</Record_Type><location><DC_Number>5015</DC_Number><Pack_Quantity>2</Pack_Quantity></location><location><DC_Number>5019</DC_Number><Pack_Quantity>5</Pack_Quantity></location><location><DC_Number>5033</DC_Number><Pack_Quantity>2</Pack_Quantity></location><location><DC_Number>5035</DC_Number><Pack_Quantity>2</Pack_Quantity></location><location><DC_Number>5037</DC_Number><Pack_Quantity>4</Pack_Quantity></location><location><DC_Number>5052</DC_Number><Pack_Quantity>2</Pack_Quantity></location><location><DC_Number>5055</DC_Number><Pack_Quantity>2</Pack_Quantity></location><location><DC_Number>5060</DC_Number><Pack_Quantity>2</Pack_Quantity></location><location><DC_Number>5070</DC_Number><Pack_Quantity>2</Pack_Quantity></location><location><DC_Number>5074</DC_Number><Pack_Quantity>4</Pack_Quantity></location></Location_Record><Location_Record><Record_Type>S1</Record_Type><location><DC_Number>5078</DC_Number><Pack_Quantity>5</Pack_Quantity></location><location><DC_Number>5081</DC_Number><Pack_Quantity>2</Pack_Quantity></location><location><DC_Number>5085</DC_Number><Pack_Quantity>3</Pack_Quantity></location><location><DC_Number>5090</DC_Number><Pack_Quantity>2</Pack_Quantity></location><location><DC_Number>5091</DC_Number><Pack_Quantity>4</Pack_Quantity></location><location><DC_Number>5093</DC_Number><Pack_Quantity>4</Pack_Quantity></location><location><DC_Number>5095</DC_Number><Pack_Quantity>4</Pack_Quantity></location><location><DC_Number>5129</DC_Number><Pack_Quantity>4</Pack_Quantity></location><location><DC_Number>5144</DC_Number><Pack_Quantity>4</Pack_Quantity></location><location><DC_Number>5165</DC_Number><Pack_Quantity>2</Pack_Quantity></location></Location_Record><Location_Record><Record_Type>S1</Record_Type><location><DC_Number>5303</DC_Number><Pack_Quantity>2</Pack_Quantity></location><location><DC_Number>5169</DC_Number><Pack_Quantity>2</Pack_Quantity></location><location><DC_Number>5170</DC_Number><Pack_Quantity>2</Pack_Quantity></location><location><DC_Number>5171</DC_Number><Pack_Quantity>3</Pack_Quantity></location><location><DC_Number>5177</DC_Number><Pack_Quantity>4</Pack_Quantity></location><location><DC_Number>5016</DC_Number><Pack_Quantity>2</Pack_Quantity></location><location><DC_Number>5089</DC_Number><Pack_Quantity>4</Pack_Quantity></location><location><DC_Number>5136</DC_Number><Pack_Quantity>3</Pack_Quantity></location><location><DC_Number>5011</DC_Number><Pack_Quantity>2</Pack_Quantity></location><location><DC_Number>5046</DC_Number><Pack_Quantity>2</Pack_Quantity></location></Location_Record><Location_Record><Record_Type>S1</Record_Type><location><DC_Number>5145</DC_Number><Pack_Quantity>4</Pack_Quantity></location><location><DC_Number>5096</DC_Number><Pack_Quantity>3</Pack_Quantity></location><location><DC_Number>5154</DC_Number><Pack_Quantity>2</Pack_Quantity></location><location><DC_Number>5162</DC_Number><Pack_Quantity>2</Pack_Quantity></location><location><DC_Number>5163</DC_Number><Pack_Quantity>2</Pack_Quantity></location><location><DC_Number>5164</DC_Number><Pack_Quantity>2</Pack_Quantity></location><location><DC_Number>5192</DC_Number><Pack_Quantity>2</Pack_Quantity></location><location><DC_Number>5150</DC_Number><Pack_Quantity>2</Pack_Quantity></location><location><DC_Number>5175</DC_Number><Pack_Quantity>2</Pack_Quantity></location></Location_Record></Product_Record><Product_Record><Record_Type>D1</Record_Type><Pack_Qty>8.0000</Pack_Qty><Pack_Cost>148.3200</Pack_Cost><APN>0</APN><Product>52225156</Product><pmg_dtl_tech_key>2075351</pmg_dtl_tech_key><Case_Pack_id>55615156</Case_Pack_id><Product_Name>M.ROSE 24-006607 SHWL WRAP CARD</Product_Name><Location_Record><Record_Type>S1</Record_Type><location><DC_Number>5019</DC_Number><Pack_Quantity>1</Pack_Quantity></location><location><DC_Number>5037</DC_Number><Pack_Quantity>1</Pack_Quantity></location><location><DC_Number>5078</DC_Number><Pack_Quantity>1</Pack_Quantity></location><location><DC_Number>5091</DC_Number><Pack_Quantity>1</Pack_Quantity></location><location><DC_Number>5093</DC_Number><Pack_Quantity>1</Pack_Quantity></location><location><DC_Number>5129</DC_Number><Pack_Quantity>1</Pack_Quantity></location><location><DC_Number>5177</DC_Number><Pack_Quantity>1</Pack_Quantity></location><location><DC_Number>5145</DC_Number><Pack_Quantity>1</Pack_Quantity></location></Location_Record></Product_Record></PO_Record><PO_Record><Record_Type>H1</Record_Type><Sequence_Number>45.351</Sequence_Number><Vendor>6228</Vendor><PO>222243</PO><Entry_Date>040909</Entry_Date><beg01_code>00</beg01_code><beg02_code></beg02_code><Department>200</Department><Expected_Reciept_Date>050102</Expected_Reciept_Date><Cancel_by_date>075968</Cancel_by_date><EDI_Type></EDI_Type><Add_Date></Add_Date><Department_Name>LADIES KNI</Department_Name><Prcoess_Type>C</Prcoess_Type><Order_Type>FT</Order_Type><Product_Record><Record_Type>D1</Record_Type><Pack_Qty>6.0000</Pack_Qty><Pack_Cost>148.3200</Pack_Cost><APN>0</APN><Product>45614531</Product><pmg_dtl_tech_key>2075352</pmg_dtl_tech_key><Case_Pack_id>45614531</Case_Pack_id><Product_Name>DONKEY 24-006607 SHWL WRAP CARD</Product_Name><Location_Record><Record_Type>S1</Record_Type><location><DC_Number>5009</DC_Number><Pack_Quantity>1</Pack_Quantity></location><location><DC_Number>5021</DC_Number><Pack_Quantity>1</Pack_Quantity></location><location><DC_Number>5024</DC_Number><Pack_Quantity>1</Pack_Quantity></location><location><DC_Number>5025</DC_Number><Pack_Quantity>1</Pack_Quantity></location><location><DC_Number>5026</DC_Number><Pack_Quantity>1</Pack_Quantity></location><location><DC_Number>5127</DC_Number><Pack_Quantity>1</Pack_Quantity></location></Location_Record></Product_Record><Product_Record><Record_Type>D1</Record_Type><Pack_Qty>3.0000</Pack_Qty><Pack_Cost>148.3200</Pack_Cost><APN>0</APN><Product>45614944</Product><pmg_dtl_tech_key>2075353</pmg_dtl_tech_key><Case_Pack_id>45614944</Case_Pack_id><Product_Name>MILK 24-006607 SHWL WRAP CARD</Product_Name><Location_Record><Record_Type>S1</Record_Type><location><DC_Number>5009</DC_Number><Pack_Quantity>1</Pack_Quantity></location><location><DC_Number>5021</DC_Number><Pack_Quantity>1</Pack_Quantity></location><location><DC_Number>5127</DC_Number><Pack_Quantity>1</Pack_Quantity></location></Location_Record></Product_Record><Product_Record><Record_Type>D1</Record_Type><Pack_Qty>44.0000</Pack_Qty><Pack_Cost>148.3200</Pack_Cost><APN>0</APN><Product>45615071</Product><pmg_dtl_tech_key>2075354</pmg_dtl_tech_key><Case_Pack_id>45615071</Case_Pack_id><Product_Name>M.ROSE 24-006607 SHWL WRAP CARD</Product_Name><Location_Record><Record_Type>S1</Record_Type><location><DC_Number>5009</DC_Number><Pack_Quantity>5</Pack_Quantity></location><location><DC_Number>5021</DC_Number><Pack_Quantity>5</Pack_Quantity></location><location><DC_Number>5024</DC_Number><Pack_Quantity>4</Pack_Quantity></location><location><DC_Number>5025</DC_Number><Pack_Quantity>4</Pack_Quantity></location><location><DC_Number>5026</DC_Number><Pack_Quantity>4</Pack_Quantity></location><location><DC_Number>5047</DC_Number><Pack_Quantity>3</Pack_Quantity></location><location><DC_Number>5077</DC_Number><Pack_Quantity>2</Pack_Quantity></location><location><DC_Number>5127</DC_Number><Pack_Quantity>5</Pack_Quantity></location><location><DC_Number>5134</DC_Number><Pack_Quantity>4</Pack_Quantity></location><location><DC_Number>5142</DC_Number><Pack_Quantity>2</Pack_Quantity></location></Location_Record><Location_Record><Record_Type>S1</Record_Type><location><DC_Number>5044</DC_Number><Pack_Quantity>2</Pack_Quantity></location><location><DC_Number>5071</DC_Number><Pack_Quantity>2</Pack_Quantity></location><location><DC_Number>5159</DC_Number><Pack_Quantity>2</Pack_Quantity></location></Location_Record></Product_Record><Product_Record><Record_Type>D1</Record_Type><Pack_Qty>3.0000</Pack_Qty><Pack_Cost>148.3200</Pack_Cost><APN>0</APN><Product>45615156</Product><pmg_dtl_tech_key>2075355</pmg_dtl_tech_key><Case_Pack_id>35615156</Case_Pack_id><Product_Name>AQUA 24-006607 SHWL WRAP CARD</Product_Name><Location_Record><Record_Type>S1</Record_Type><location><DC_Number>5009</DC_Number><Pack_Quantity>1</Pack_Quantity></location><location><DC_Number>5021</DC_Number><Pack_Quantity>1</Pack_Quantity></location><location><DC_Number>5127</DC_Number><Pack_Quantity>1</Pack_Quantity></location></Location_Record></Product_Record></PO_Record><PO_Record><Record_Type>H1</Record_Type><Sequence_Number>45.352</Sequence_Number><Vendor>5341</Vendor><PO>294915</PO><Entry_Date>041013</Entry_Date><beg01_code>00</beg01_code><beg02_code></beg02_code><Department>475</Department><Expected_Reciept_Date>041231</Expected_Reciept_Date><Cancel_by_date>075965</Cancel_by_date><EDI_Type>P</EDI_Type><Add_Date></Add_Date><Department_Name>WOMENS SHO</Department_Name><Prcoess_Type>C</Prcoess_Type><Order_Type>FT</Order_Type><Product_Record><Record_Type>D1</Record_Type><Pack_Qty>30.0000</Pack_Qty><Pack_Cost>292.6800</Pack_Cost><APN>0</APN><Product>45846680</Product><pmg_dtl_tech_key>2120736</pmg_dtl_tech_key><Case_Pack_id>45615156</Case_Pack_id><Product_Name>CONCERTO BLACK LEATHER ANKLE BOOT</Product_Name><Location_Record><Record_Type>S1</Record_Type><location><DC_Number>5036</DC_Number><Pack_Quantity>2</Pack_Quantity></location><location><DC_Number>5043</DC_Number><Pack_Quantity>3</Pack_Quantity></location><location><DC_Number>5045</DC_Number><Pack_Quantity>3</Pack_Quantity></location><location><DC_Number>5057</DC_Number><Pack_Quantity>1</Pack_Quantity></location><location><DC_Number>5065</DC_Number><Pack_Quantity>2</Pack_Quantity></location><location><DC_Number>5069</DC_Number><Pack_Quantity>2</Pack_Quantity></location><location><DC_Number>5076</DC_Number><Pack_Quantity>3</Pack_Quantity></location><location><DC_Number>5079</DC_Number><Pack_Quantity>1</Pack_Quantity></location><location><DC_Number>5094</DC_Number><Pack_Quantity>3</Pack_Quantity></location><location><DC_Number>5128</DC_Number><Pack_Quantity>3</Pack_Quantity></location></Location_Record><Location_Record><Record_Type>S1</Record_Type><location><DC_Number>5151</DC_Number><Pack_Quantity>3</Pack_Quantity></location><location><DC_Number>5180</DC_Number><Pack_Quantity>2</Pack_Quantity></location><location><DC_Number>5072</DC_Number><Pack_Quantity>1</Pack_Quantity></location><location><DC_Number>5173</DC_Number><Pack_Quantity>1</Pack_Quantity></location></Location_Record></Product_Record></PO_Record><PO_Record><Record_Type>H1</Record_Type><Sequence_Number>45.353</Sequence_Number><Vendor>5341</Vendor><PO>294987</PO><Entry_Date>041013</Entry_Date><beg01_code>00</beg01_code><beg02_code></beg02_code><Department>475</Department><Expected_Reciept_Date>041231</Expected_Reciept_Date><Cancel_by_date>075965</Cancel_by_date><EDI_Type>P</EDI_Type><Add_Date></Add_Date><Department_Name>WOMENS SHO</Department_Name><Prcoess_Type>C</Prcoess_Type><Order_Type>FT</Order_Type><Product_Record><Record_Type>D1</Record_Type><Pack_Qty>29.0000</Pack_Qty><Pack_Cost>198.3600</Pack_Cost><APN>0</APN><Product>45846772</Product><pmg_dtl_tech_key>2121104</pmg_dtl_tech_key><Case_Pack_id>5846772</Case_Pack_id><Product_Name>ANGEL PINK SYNTHETIC MICRO SUEDE SLOUCH BOOT</Product_Name><Location_Record><Record_Type>S1</Record_Type><location><DC_Number>5036</DC_Number><Pack_Quantity>2</Pack_Quantity></location><location><DC_Number>5043</DC_Number><Pack_Quantity>3</Pack_Quantity></location><location><DC_Number>5045</DC_Number><Pack_Quantity>3</Pack_Quantity></location><location><DC_Number>5057</DC_Number><Pack_Quantity>1</Pack_Quantity></location><location><DC_Number>5065</DC_Number><Pack_Quantity>2</Pack_Quantity></location><location><DC_Number>5069</DC_Number><Pack_Quantity>2</Pack_Quantity></location><location><DC_Number>5076</DC_Number><Pack_Quantity>3</Pack_Quantity></location><location><DC_Number>5079</DC_Number><Pack_Quantity>1</Pack_Quantity></location><location><DC_Number>5094</DC_Number><Pack_Quantity>2</Pack_Quantity></location><location><DC_Number>5128</DC_Number><Pack_Quantity>3</Pack_Quantity></location></Location_Record><Location_Record><Record_Type>S1</Record_Type><location><DC_Number>5151</DC_Number><Pack_Quantity>3</Pack_Quantity></location><location><DC_Number>5180</DC_Number><Pack_Quantity>2</Pack_Quantity></location><location><DC_Number>5072</DC_Number><Pack_Quantity>1</Pack_Quantity></location><location><DC_Number>5173</DC_Number><Pack_Quantity>1</Pack_Quantity></location></Location_Record></Product_Record><Product_Record><Record_Type>D1</Record_Type><Pack_Qty>29.0000</Pack_Qty><Pack_Cost>198.3600</Pack_Cost><APN>0</APN><Product>45847489</Product><pmg_dtl_tech_key>2121627</pmg_dtl_tech_key><Case_Pack_id>45847489</Case_Pack_id><Product_Name>ANGEL PINK SYNTHETIC MICRO SUEDE SLOUCH BOOT</Product_Name><Location_Record><Record_Type>S1</Record_Type><location><DC_Number>5036</DC_Number><Pack_Quantity>2</Pack_Quantity></location><location><DC_Number>5043</DC_Number><Pack_Quantity>3</Pack_Quantity></location><location><DC_Number>5045</DC_Number><Pack_Quantity>3</Pack_Quantity></location><location><DC_Number>5057</DC_Number><Pack_Quantity>1</Pack_Quantity></location><location><DC_Number>5065</DC_Number><Pack_Quantity>2</Pack_Quantity></location><location><DC_Number>5069</DC_Number><Pack_Quantity>2</Pack_Quantity></location><location><DC_Number>5076</DC_Number><Pack_Quantity>2</Pack_Quantity></location><location><DC_Number>5079</DC_Number><Pack_Quantity>1</Pack_Quantity></location><location><DC_Number>5094</DC_Number><Pack_Quantity>3</Pack_Quantity></location><location><DC_Number>5128</DC_Number><Pack_Quantity>3</Pack_Quantity></location></Location_Record><Location_Record><Record_Type>S1</Record_Type><location><DC_Number>5151</DC_Number><Pack_Quantity>3</Pack_Quantity></location><location><DC_Number>5180</DC_Number><Pack_Quantity>2</Pack_Quantity></location><location><DC_Number>5072</DC_Number><Pack_Quantity>1</Pack_Quantity></location><location><DC_Number>5173</DC_Number><Pack_Quantity>1</Pack_Quantity></location></Location_Record></Product_Record></PO_Record><PO_Record><Record_Type>H1</Record_Type><Sequence_Number>45.354</Sequence_Number><Vendor>5341</Vendor><PO>295139</PO><Entry_Date>041013</Entry_Date><beg01_code>00</beg01_code><beg02_code></beg02_code><Department>475</Department><Expected_Reciept_Date>041231</Expected_Reciept_Date><Cancel_by_date>075965</Cancel_by_date><EDI_Type>P</EDI_Type><Add_Date></Add_Date><Department_Name>WOMENS SHO</Department_Name><Prcoess_Type>C</Prcoess_Type><Order_Type>FT</Order_Type><Product_Record><Record_Type>D1</Record_Type><Pack_Qty>25.0000</Pack_Qty><Pack_Cost>465.4800</Pack_Cost><APN>0</APN><Product>45848707</Product><pmg_dtl_tech_key>2179843</pmg_dtl_tech_key><Case_Pack_id>45848707A</Case_Pack_id><Product_Name>ANGEL PINK SYNTHETIC MICRO SUEDE SLOUCH BOOT</Product_Name><Location_Record><Record_Type>S1</Record_Type><location><DC_Number>5036</DC_Number><Pack_Quantity>2</Pack_Quantity></location><location><DC_Number>5043</DC_Number><Pack_Quantity>2</Pack_Quantity></location><location><DC_Number>5045</DC_Number><Pack_Quantity>2</Pack_Quantity></location><location><DC_Number>5057</DC_Number><Pack_Quantity>1</Pack_Quantity></location><location><DC_Number>5065</DC_Number><Pack_Quantity>2</Pack_Quantity></location><location><DC_Number>5069</DC_Number><Pack_Quantity>2</Pack_Quantity></location><location><DC_Number>5076</DC_Number><Pack_Quantity>2</Pack_Quantity></location><location><DC_Number>5079</DC_Number><Pack_Quantity>1</Pack_Quantity></location><location><DC_Number>5094</DC_Number><Pack_Quantity>2</Pack_Quantity></location><location><DC_Number>5128</DC_Number><Pack_Quantity>2</Pack_Quantity></location></Location_Record><Location_Record><Record_Type>S1</Record_Type><location><DC_Number>5151</DC_Number><Pack_Quantity>2</Pack_Quantity></location><location><DC_Number>5180</DC_Number><Pack_Quantity>2</Pack_Quantity></location><location><DC_Number>5072</DC_Number><Pack_Quantity>2</Pack_Quantity></location><location><DC_Number>5173</DC_Number><Pack_Quantity>1</Pack_Quantity></location></Location_Record></Product_Record></PO_Record><PO_Record><Record_Type>H1</Record_Type><Sequence_Number>45.355</Sequence_Number><Vendor>5341</Vendor><PO>303662</PO><Entry_Date>041110</Entry_Date><beg01_code>00</beg01_code><beg02_code></beg02_code><Department>310</Department><Expected_Reciept_Date>041231</Expected_Reciept_Date><Cancel_by_date>075965</Cancel_by_date><EDI_Type>P</EDI_Type><Add_Date></Add_Date><Department_Name>YOUTH SHOE</Department_Name><Prcoess_Type>C</Prcoess_Type><Order_Type>FT</Order_Type><Product_Record><Record_Type>D1</Record_Type><Pack_Qty>8.0000</Pack_Qty><Pack_Cost>82.1600</Pack_Cost><APN>0</APN><Product>46164790</Product><pmg_dtl_tech_key>2203070</pmg_dtl_tech_key><Case_Pack_id>46164790B8</Case_Pack_id><Product_Name>ANGEL PINK SYNTHETIC MICRO SUEDE SLOUCH BOOT     E</Product_Name><Location_Record><Record_Type>S1</Record_Type><location><DC_Number>5043</DC_Number><Pack_Quantity>1</Pack_Quantity></location><location><DC_Number>5045</DC_Number><Pack_Quantity>1</Pack_Quantity></location><location><DC_Number>5065</DC_Number><Pack_Quantity>1</Pack_Quantity></location><location><DC_Number>5069</DC_Number><Pack_Quantity>1</Pack_Quantity></location><location><DC_Number>5076</DC_Number><Pack_Quantity>1</Pack_Quantity></location><location><DC_Number>5094</DC_Number><Pack_Quantity>1</Pack_Quantity></location><location><DC_Number>5128</DC_Number><Pack_Quantity>1</Pack_Quantity></location><location><DC_Number>5151</DC_Number><Pack_Quantity>1</Pack_Quantity></location></Location_Record></Product_Record><Product_Record><Record_Type>D1</Record_Type><Pack_Qty>24.0000</Pack_Qty><Pack_Cost>112.9700</Pack_Cost><APN>0</APN><Product>46164790</Product><pmg_dtl_tech_key>2203056</pmg_dtl_tech_key><Case_Pack_id>46164790</Case_Pack_id><Product_Name>ANGEL PINK SYNTHETIC MICRO SUEDE SLOUCH BOOT     E</Product_Name><Location_Record><Record_Type>S1</Record_Type><location><DC_Number>5036</DC_Number><Pack_Quantity>1</Pack_Quantity></location><location><DC_Number>5043</DC_Number><Pack_Quantity>2</Pack_Quantity></location><location><DC_Number>5045</DC_Number><Pack_Quantity>2</Pack_Quantity></location><location><DC_Number>5057</DC_Number><Pack_Quantity>1</Pack_Quantity></location><location><DC_Number>5065</DC_Number><Pack_Quantity>2</Pack_Quantity></location><location><DC_Number>5069</DC_Number><Pack_Quantity>2</Pack_Quantity></location><location><DC_Number>5076</DC_Number><Pack_Quantity>2</Pack_Quantity></location><location><DC_Number>5079</DC_Number><Pack_Quantity>1</Pack_Quantity></location><location><DC_Number>5094</DC_Number><Pack_Quantity>2</Pack_Quantity></location><location><DC_Number>5128</DC_Number><Pack_Quantity>2</Pack_Quantity></location></Location_Record><Location_Record><Record_Type>S1</Record_Type><location><DC_Number>5151</DC_Number><Pack_Quantity>3</Pack_Quantity></location><location><DC_Number>5180</DC_Number><Pack_Quantity>2</Pack_Quantity></location><location><DC_Number>5072</DC_Number><Pack_Quantity>1</Pack_Quantity></location><location><DC_Number>5173</DC_Number><Pack_Quantity>1</Pack_Quantity></location></Location_Record></Product_Record><Product_Record><Record_Type>D1</Record_Type><Pack_Qty>7.0000</Pack_Qty><Pack_Cost>82.1600</Pack_Cost><APN>0</APN><Product>46165360</Product><pmg_dtl_tech_key>2203075</pmg_dtl_tech_key><Case_Pack_id>46165360B8</Case_Pack_id><Product_Name>CABERETCARAMEL MICRO SUEDE PEEP TOE</Product_Name><Location_Record><Record_Type>S1</Record_Type><location><DC_Number>5043</DC_Number><Pack_Quantity>1</Pack_Quantity></location><location><DC_Number>5045</DC_Number><Pack_Quantity>1</Pack_Quantity></location><location><DC_Number>5065</DC_Number><Pack_Quantity>1</Pack_Quantity></location><location><DC_Number>5069</DC_Number><Pack_Quantity>1</Pack_Quantity></location><location><DC_Number>5076</DC_Number><Pack_Quantity>1</Pack_Quantity></location><location><DC_Number>5128</DC_Number><Pack_Quantity>1</Pack_Quantity></location><location><DC_Number>5151</DC_Number><Pack_Quantity>1</Pack_Quantity></location></Location_Record></Product_Record><Product_Record><Record_Type>D1</Record_Type><Pack_Qty>23.0000</Pack_Qty><Pack_Cost>112.9700</Pack_Cost><APN>0</APN><Product>46165360</Product><pmg_dtl_tech_key>2203072</pmg_dtl_tech_key><Case_Pack_id>46165360</Case_Pack_id><Product_Name>CABERETCARAMEL MICRO SUEDE PEEP TOE</Product_Name><Location_Record><Record_Type>S1</Record_Type><location><DC_Number>5036</DC_Number><Pack_Quantity>1</Pack_Quantity></location><location><DC_Number>5043</DC_Number><Pack_Quantity>2</Pack_Quantity></location><location><DC_Number>5045</DC_Number><Pack_Quantity>2</Pack_Quantity></location><location><DC_Number>5057</DC_Number><Pack_Quantity>1</Pack_Quantity></location><location><DC_Number>5065</DC_Number><Pack_Quantity>2</Pack_Quantity></location><location><DC_Number>5069</DC_Number><Pack_Quantity>2</Pack_Quantity></location><location><DC_Number>5076</DC_Number><Pack_Quantity>2</Pack_Quantity></location><location><DC_Number>5079</DC_Number><Pack_Quantity>1</Pack_Quantity></location><location><DC_Number>5094</DC_Number><Pack_Quantity>1</Pack_Quantity></location><location><DC_Number>5128</DC_Number><Pack_Quantity>2</Pack_Quantity></location></Location_Record><Location_Record><Record_Type>S1</Record_Type><location><DC_Number>5151</DC_Number><Pack_Quantity>3</Pack_Quantity></location><location><DC_Number>5180</DC_Number><Pack_Quantity>2</Pack_Quantity></location><location><DC_Number>5072</DC_Number><Pack_Quantity>1</Pack_Quantity></location><location><DC_Number>5173</DC_Number><Pack_Quantity>1</Pack_Quantity></location></Location_Record></Product_Record></PO_Record><PO_Record><Record_Type>H1</Record_Type><Sequence_Number>45.356</Sequence_Number><Vendor>5341</Vendor><PO>304100</PO><Entry_Date>041111</Entry_Date><beg01_code>00</beg01_code><beg02_code></beg02_code><Department>310</Department><Expected_Reciept_Date>041231</Expected_Reciept_Date><Cancel_by_date>075965</Cancel_by_date><EDI_Type>P</EDI_Type><Add_Date></Add_Date><Department_Name>YOUTH SHOE</Department_Name><Prcoess_Type>C</Prcoess_Type><Order_Type>FT</Order_Type><Product_Record><Record_Type>D1</Record_Type><Pack_Qty>8.0000</Pack_Qty><Pack_Cost>83.8400</Pack_Cost><APN>0</APN><Product>45928553</Product><pmg_dtl_tech_key>2203222</pmg_dtl_tech_key><Case_Pack_id>45928553B8</Case_Pack_id><Product_Name>CABERETCARAMEL MICRO SUEDE PEEP TOE</Product_Name><Location_Record><Record_Type>S1</Record_Type><location><DC_Number>5043</DC_Number><Pack_Quantity>1</Pack_Quantity></location><location><DC_Number>5045</DC_Number><Pack_Quantity>1</Pack_Quantity></location><location><DC_Number>5069</DC_Number><Pack_Quantity>1</Pack_Quantity></location><location><DC_Number>5076</DC_Number><Pack_Quantity>1</Pack_Quantity></location><location><DC_Number>5094</DC_Number><Pack_Quantity>1</Pack_Quantity></location><location><DC_Number>5128</DC_Number><Pack_Quantity>1</Pack_Quantity></location><location><DC_Number>5151</DC_Number><Pack_Quantity>1</Pack_Quantity></location><location><DC_Number>5180</DC_Number><Pack_Quantity>1</Pack_Quantity></location></Location_Record></Product_Record><Product_Record><Record_Type>D1</Record_Type><Pack_Qty>22.0000</Pack_Qty><Pack_Cost>125.7600</Pack_Cost><APN>0</APN><Product>45928553</Product><pmg_dtl_tech_key>2203219</pmg_dtl_tech_key><Case_Pack_id>45928553</Case_Pack_id><Product_Name>CABERETCARAMEL MICRO SUEDE PEEP TOE</Product_Name><Location_Record><Record_Type>S1</Record_Type><location><DC_Number>5036</DC_Number><Pack_Quantity>1</Pack_Quantity></location><location><DC_Number>5043</DC_Number><Pack_Quantity>2</Pack_Quantity></location><location><DC_Number>5045</DC_Number><Pack_Quantity>2</Pack_Quantity></location><location><DC_Number>5057</DC_Number><Pack_Quantity>1</Pack_Quantity></location><location><DC_Number>5065</DC_Number><Pack_Quantity>1</Pack_Quantity></location><location><DC_Number>5069</DC_Number><Pack_Quantity>2</Pack_Quantity></location><location><DC_Number>5076</DC_Number><Pack_Quantity>2</Pack_Quantity></location><location><DC_Number>5079</DC_Number><Pack_Quantity>1</Pack_Quantity></location><location><DC_Number>5094</DC_Number><Pack_Quantity>2</Pack_Quantity></location><location><DC_Number>5128</DC_Number><Pack_Quantity>2</Pack_Quantity></location></Location_Record><Location_Record><Record_Type>S1</Record_Type><location><DC_Number>5151</DC_Number><Pack_Quantity>2</Pack_Quantity></location><location><DC_Number>5180</DC_Number><Pack_Quantity>2</Pack_Quantity></location><location><DC_Number>5072</DC_Number><Pack_Quantity>1</Pack_Quantity></location><location><DC_Number>5173</DC_Number><Pack_Quantity>1</Pack_Quantity></location></Location_Record></Product_Record><Product_Record><Record_Type>D1</Record_Type><Pack_Qty>22.0000</Pack_Qty><Pack_Cost>125.7600</Pack_Cost><APN>0</APN><Product>15935759</Product><pmg_dtl_tech_key>2203223</pmg_dtl_tech_key><Case_Pack_id>05935759</Case_Pack_id><Product_Name>JAZZ DUSTY PINK HEELED PEEP TOE</Product_Name><Location_Record><Record_Type>S1</Record_Type><location><DC_Number>5036</DC_Number><Pack_Quantity>1</Pack_Quantity></location><location><DC_Number>5043</DC_Number><Pack_Quantity>2</Pack_Quantity></location><location><DC_Number>5045</DC_Number><Pack_Quantity>2</Pack_Quantity></location><location><DC_Number>5057</DC_Number><Pack_Quantity>1</Pack_Quantity></location><location><DC_Number>5065</DC_Number><Pack_Quantity>1</Pack_Quantity></location><location><DC_Number>5069</DC_Number><Pack_Quantity>2</Pack_Quantity></location><location><DC_Number>5076</DC_Number><Pack_Quantity>2</Pack_Quantity></location><location><DC_Number>5079</DC_Number><Pack_Quantity>1</Pack_Quantity></location><location><DC_Number>5094</DC_Number><Pack_Quantity>2</Pack_Quantity></location><location><DC_Number>5128</DC_Number><Pack_Quantity>2</Pack_Quantity></location></Location_Record><Location_Record><Record_Type>S1</Record_Type><location><DC_Number>5151</DC_Number><Pack_Quantity>3</Pack_Quantity></location><location><DC_Number>5180</DC_Number><Pack_Quantity>1</Pack_Quantity></location><location><DC_Number>5072</DC_Number><Pack_Quantity>1</Pack_Quantity></location><location><DC_Number>5173</DC_Number><Pack_Quantity>1</Pack_Quantity></location></Location_Record></Product_Record><Product_Record><Record_Type>D1</Record_Type><Pack_Qty>7.0000</Pack_Qty><Pack_Cost>83.8400</Pack_Cost><APN>0</APN><Product>45935759</Product><pmg_dtl_tech_key>2203224</pmg_dtl_tech_key><Case_Pack_id>45935759B8</Case_Pack_id><Product_Name>JAZZ DUSTY PINK HEELED PEEP TOE</Product_Name><Location_Record><Record_Type>S1</Record_Type><location><DC_Number>5043</DC_Number><Pack_Quantity>1</Pack_Quantity></location><location><DC_Number>5045</DC_Number><Pack_Quantity>1</Pack_Quantity></location><location><DC_Number>5069</DC_Number><Pack_Quantity>1</Pack_Quantity></location><location><DC_Number>5076</DC_Number><Pack_Quantity>1</Pack_Quantity></location><location><DC_Number>5094</DC_Number><Pack_Quantity>1</Pack_Quantity></location><location><DC_Number>5128</DC_Number><Pack_Quantity>1</Pack_Quantity></location><location><DC_Number>5151</DC_Number><Pack_Quantity>1</Pack_Quantity></location></Location_Record></Product_Record></PO_Record></CobolData>