<?xml version="1.0" encoding="UTF-8"?><CobolData><Line><KCODE-STORE-KEY><KEYCODE-NO>69684558</KEYCODE-NO><STORE-NO>20</STORE-NO></KCODE-STORE-KEY><DATE>40118</DATE><DEPT-NO>280</DEPT-NO><QTY-SOLD>1</QTY-SOLD><SALE-PRICE>19.00</SALE-PRICE></Line><Line><KCODE-STORE-KEY><KEYCODE-NO>69684558</KEYCODE-NO><STORE-NO>20</STORE-NO></KCODE-STORE-KEY><DATE>40118</DATE><DEPT-NO>280</DEPT-NO><QTY-SOLD>-1</QTY-SOLD><SALE-PRICE>-19.00</SALE-PRICE></Line><Line><KCODE-STORE-KEY><KEYCODE-NO>69684558</KEYCODE-NO><STORE-NO>20</STORE-NO></KCODE-STORE-KEY><DATE>40118</DATE><DEPT-NO>280</DEPT-NO><QTY-SOLD>1</QTY-SOLD><SALE-PRICE>5.01</SALE-PRICE></Line><Line><KCODE-STORE-KEY><KEYCODE-NO>69694158</KEYCODE-NO><STORE-NO>20</STORE-NO></KCODE-STORE-KEY><DATE>40118</DATE><DEPT-NO>280</DEPT-NO><QTY-SOLD>1</QTY-SOLD><SALE-PRICE>19.00</SALE-PRICE></Line><Line><KCODE-STORE-KEY><KEYCODE-NO>69694158</KEYCODE-NO><STORE-NO>20</STORE-NO></KCODE-STORE-KEY><DATE>40118</DATE><DEPT-NO>280</DEPT-NO><QTY-SOLD>-1</QTY-SOLD><SALE-PRICE>-19.00</SALE-PRICE></Line><Line><KCODE-STORE-KEY><KEYCODE-NO>69694158</KEYCODE-NO><STORE-NO>20</STORE-NO></KCODE-STORE-KEY><DATE>40118</DATE><DEPT-NO>280</DEPT-NO><QTY-SOLD>1</QTY-SOLD><SALE-PRICE>5.01</SALE-PRICE></Line><Line><KCODE-STORE-KEY><KEYCODE-NO>63604808</KEYCODE-NO><STORE-NO>20</STORE-NO></KCODE-STORE-KEY><DATE>40118</DATE><DEPT-NO>170</DEPT-NO><QTY-SOLD>1</QTY-SOLD><SALE-PRICE>4.87</SALE-PRICE></Line><Line><KCODE-STORE-KEY><KEYCODE-NO>62684671</KEYCODE-NO><STORE-NO>20</STORE-NO></KCODE-STORE-KEY><DATE>40118</DATE><DEPT-NO>685</DEPT-NO><QTY-SOLD>1</QTY-SOLD><SALE-PRICE>69.99</SALE-PRICE></Line><Line><KCODE-STORE-KEY><KEYCODE-NO>62684671</KEYCODE-NO><STORE-NO>20</STORE-NO></KCODE-STORE-KEY><DATE>40118</DATE><DEPT-NO>685</DEPT-NO><QTY-SOLD>-1</QTY-SOLD><SALE-PRICE>-69.99</SALE-PRICE></Line><Line><KCODE-STORE-KEY><KEYCODE-NO>64634429</KEYCODE-NO><STORE-NO>20</STORE-NO></KCODE-STORE-KEY><DATE>40118</DATE><DEPT-NO>957</DEPT-NO><QTY-SOLD>1</QTY-SOLD><SALE-PRICE>3.99</SALE-PRICE></Line><Line><KCODE-STORE-KEY><KEYCODE-NO>66624458</KEYCODE-NO><STORE-NO>20</STORE-NO></KCODE-STORE-KEY><DATE>40118</DATE><DEPT-NO>957</DEPT-NO><QTY-SOLD>1</QTY-SOLD><SALE-PRICE>0.89</SALE-PRICE></Line><Line><KCODE-STORE-KEY><KEYCODE-NO>63674861</KEYCODE-NO><STORE-NO>20</STORE-NO></KCODE-STORE-KEY><DATE>40118</DATE><DEPT-NO>957</DEPT-NO><QTY-SOLD>10</QTY-SOLD><SALE-PRICE>2.70</SALE-PRICE></Line><Line><KCODE-STORE-KEY><KEYCODE-NO>65674532</KEYCODE-NO><STORE-NO>20</STORE-NO></KCODE-STORE-KEY><DATE>40118</DATE><DEPT-NO>929</DEPT-NO><QTY-SOLD>1</QTY-SOLD><SALE-PRICE>3.59</SALE-PRICE></Line><Line><KCODE-STORE-KEY><KEYCODE-NO>64614401</KEYCODE-NO><STORE-NO>59</STORE-NO></KCODE-STORE-KEY><DATE>40118</DATE><DEPT-NO>957</DEPT-NO><QTY-SOLD>1</QTY-SOLD><SALE-PRICE>1.99</SALE-PRICE></Line><Line><KCODE-STORE-KEY><KEYCODE-NO>64614401</KEYCODE-NO><STORE-NO>59</STORE-NO></KCODE-STORE-KEY><DATE>40118</DATE><DEPT-NO>957</DEPT-NO><QTY-SOLD>1</QTY-SOLD><SALE-PRICE>1.99</SALE-PRICE></Line><Line><KCODE-STORE-KEY><KEYCODE-NO>61664713</KEYCODE-NO><STORE-NO>59</STORE-NO></KCODE-STORE-KEY><DATE>40118</DATE><DEPT-NO>335</DEPT-NO><QTY-SOLD>1</QTY-SOLD><SALE-PRICE>17.99</SALE-PRICE></Line><Line><KCODE-STORE-KEY><KEYCODE-NO>61664713</KEYCODE-NO><STORE-NO>59</STORE-NO></KCODE-STORE-KEY><DATE>40118</DATE><DEPT-NO>335</DEPT-NO><QTY-SOLD>-1</QTY-SOLD><SALE-PRICE>-17.99</SALE-PRICE></Line><Line><KCODE-STORE-KEY><KEYCODE-NO>68634752</KEYCODE-NO><STORE-NO>59</STORE-NO></KCODE-STORE-KEY><DATE>40118</DATE><DEPT-NO>410</DEPT-NO><QTY-SOLD>1</QTY-SOLD><SALE-PRICE>8.99</SALE-PRICE></Line><Line><KCODE-STORE-KEY><KEYCODE-NO>60614487</KEYCODE-NO><STORE-NO>59</STORE-NO></KCODE-STORE-KEY><DATE>40118</DATE><DEPT-NO>878</DEPT-NO><QTY-SOLD>1</QTY-SOLD><SALE-PRICE>5.95</SALE-PRICE></Line><Line><KCODE-STORE-KEY><KEYCODE-NO>63644339</KEYCODE-NO><STORE-NO>59</STORE-NO></KCODE-STORE-KEY><DATE>40118</DATE><DEPT-NO>878</DEPT-NO><QTY-SOLD>1</QTY-SOLD><SALE-PRICE>12.65</SALE-PRICE></Line><Line><KCODE-STORE-KEY><KEYCODE-NO>60694698</KEYCODE-NO><STORE-NO>59</STORE-NO></KCODE-STORE-KEY><DATE>40118</DATE><DEPT-NO>620</DEPT-NO><QTY-SOLD>1</QTY-SOLD><SALE-PRICE>3.99</SALE-PRICE></Line><Line><KCODE-STORE-KEY><KEYCODE-NO>60664659</KEYCODE-NO><STORE-NO>59</STORE-NO></KCODE-STORE-KEY><DATE>40118</DATE><DEPT-NO>620</DEPT-NO><QTY-SOLD>1</QTY-SOLD><SALE-PRICE>3.99</SALE-PRICE></Line><Line><KCODE-STORE-KEY><KEYCODE-NO>62684217</KEYCODE-NO><STORE-NO>59</STORE-NO></KCODE-STORE-KEY><DATE>40118</DATE><DEPT-NO>957</DEPT-NO><QTY-SOLD>1</QTY-SOLD><SALE-PRICE>9.99</SALE-PRICE></Line><Line><KCODE-STORE-KEY><KEYCODE-NO>67674686</KEYCODE-NO><STORE-NO>59</STORE-NO></KCODE-STORE-KEY><DATE>40118</DATE><DEPT-NO>929</DEPT-NO><QTY-SOLD>1</QTY-SOLD><SALE-PRICE>3.99</SALE-PRICE></Line><Line><KCODE-STORE-KEY><KEYCODE-NO>61684613</KEYCODE-NO><STORE-NO>59</STORE-NO></KCODE-STORE-KEY><DATE>40118</DATE><DEPT-NO>335</DEPT-NO><QTY-SOLD>1</QTY-SOLD><SALE-PRICE>12.99</SALE-PRICE></Line><Line><KCODE-STORE-KEY><KEYCODE-NO>64624770</KEYCODE-NO><STORE-NO>59</STORE-NO></KCODE-STORE-KEY><DATE>40118</DATE><DEPT-NO>957</DEPT-NO><QTY-SOLD>1</QTY-SOLD><SALE-PRICE>2.59</SALE-PRICE></Line><Line><KCODE-STORE-KEY><KEYCODE-NO>69694814</KEYCODE-NO><STORE-NO>166</STORE-NO></KCODE-STORE-KEY><DATE>40118</DATE><DEPT-NO>360</DEPT-NO><QTY-SOLD>1</QTY-SOLD><SALE-PRICE>2.50</SALE-PRICE></Line><Line><KCODE-STORE-KEY><KEYCODE-NO>69694814</KEYCODE-NO><STORE-NO>166</STORE-NO></KCODE-STORE-KEY><DATE>40118</DATE><DEPT-NO>360</DEPT-NO><QTY-SOLD>1</QTY-SOLD><SALE-PRICE>2.50</SALE-PRICE></Line><Line><KCODE-STORE-KEY><KEYCODE-NO>69644164</KEYCODE-NO><STORE-NO>166</STORE-NO></KCODE-STORE-KEY><DATE>40118</DATE><DEPT-NO>193</DEPT-NO><QTY-SOLD>1</QTY-SOLD><SALE-PRICE>21.59</SALE-PRICE></Line><Line><KCODE-STORE-KEY><KEYCODE-NO>62684907</KEYCODE-NO><STORE-NO>166</STORE-NO></KCODE-STORE-KEY><DATE>40118</DATE><DEPT-NO>375</DEPT-NO><QTY-SOLD>1</QTY-SOLD><SALE-PRICE>13.99</SALE-PRICE></Line><Line><KCODE-STORE-KEY><KEYCODE-NO>62694193</KEYCODE-NO><STORE-NO>166</STORE-NO></KCODE-STORE-KEY><DATE>40118</DATE><DEPT-NO>375</DEPT-NO><QTY-SOLD>1</QTY-SOLD><SALE-PRICE>13.99</SALE-PRICE></Line><Line><KCODE-STORE-KEY><KEYCODE-NO>62694193</KEYCODE-NO><STORE-NO>166</STORE-NO></KCODE-STORE-KEY><DATE>40118</DATE><DEPT-NO>375</DEPT-NO><QTY-SOLD>-1</QTY-SOLD><SALE-PRICE>-13.99</SALE-PRICE></Line><Line><KCODE-STORE-KEY><KEYCODE-NO>62694193</KEYCODE-NO><STORE-NO>166</STORE-NO></KCODE-STORE-KEY><DATE>40118</DATE><DEPT-NO>375</DEPT-NO><QTY-SOLD>1</QTY-SOLD><SALE-PRICE>11.99</SALE-PRICE></Line><Line><KCODE-STORE-KEY><KEYCODE-NO>63654450</KEYCODE-NO><STORE-NO>166</STORE-NO></KCODE-STORE-KEY><DATE>40118</DATE><DEPT-NO>320</DEPT-NO><QTY-SOLD>1</QTY-SOLD><SALE-PRICE>13.99</SALE-PRICE></Line><Line><KCODE-STORE-KEY><KEYCODE-NO>62664576</KEYCODE-NO><STORE-NO>166</STORE-NO></KCODE-STORE-KEY><DATE>40118</DATE><DEPT-NO>320</DEPT-NO><QTY-SOLD>1</QTY-SOLD><SALE-PRICE>9.72</SALE-PRICE></Line><Line><KCODE-STORE-KEY><KEYCODE-NO>63634260</KEYCODE-NO><STORE-NO>166</STORE-NO></KCODE-STORE-KEY><DATE>40118</DATE><DEPT-NO>320</DEPT-NO><QTY-SOLD>1</QTY-SOLD><SALE-PRICE>5.59</SALE-PRICE></Line><Line><KCODE-STORE-KEY><KEYCODE-NO>64684534</KEYCODE-NO><STORE-NO>166</STORE-NO></KCODE-STORE-KEY><DATE>40118</DATE><DEPT-NO>440</DEPT-NO><QTY-SOLD>1</QTY-SOLD><SALE-PRICE>14.99</SALE-PRICE></Line><Line><KCODE-STORE-KEY><KEYCODE-NO>64674965</KEYCODE-NO><STORE-NO>166</STORE-NO></KCODE-STORE-KEY><DATE>40118</DATE><DEPT-NO>235</DEPT-NO><QTY-SOLD>1</QTY-SOLD><SALE-PRICE>19.99</SALE-PRICE></Line><Line><KCODE-STORE-KEY><KEYCODE-NO>64674965</KEYCODE-NO><STORE-NO>166</STORE-NO></KCODE-STORE-KEY><DATE>40118</DATE><DEPT-NO>235</DEPT-NO><QTY-SOLD>-1</QTY-SOLD><SALE-PRICE>-19.99</SALE-PRICE></Line><Line><KCODE-STORE-KEY><KEYCODE-NO>64674965</KEYCODE-NO><STORE-NO>166</STORE-NO></KCODE-STORE-KEY><DATE>40118</DATE><DEPT-NO>235</DEPT-NO><QTY-SOLD>1</QTY-SOLD><SALE-PRICE>12.00</SALE-PRICE></Line><Line><KCODE-STORE-KEY><KEYCODE-NO>60624523</KEYCODE-NO><STORE-NO>166</STORE-NO></KCODE-STORE-KEY><DATE>40118</DATE><DEPT-NO>261</DEPT-NO><QTY-SOLD>1</QTY-SOLD><SALE-PRICE>12.00</SALE-PRICE></Line><Line><KCODE-STORE-KEY><KEYCODE-NO>66624253</KEYCODE-NO><STORE-NO>166</STORE-NO></KCODE-STORE-KEY><DATE>40118</DATE><DEPT-NO>957</DEPT-NO><QTY-SOLD>1</QTY-SOLD><SALE-PRICE>3.49</SALE-PRICE></Line><Line><KCODE-STORE-KEY><KEYCODE-NO>66624253</KEYCODE-NO><STORE-NO>166</STORE-NO></KCODE-STORE-KEY><DATE>40118</DATE><DEPT-NO>957</DEPT-NO><QTY-SOLD>1</QTY-SOLD><SALE-PRICE>3.49</SALE-PRICE></Line><Line><KCODE-STORE-KEY><KEYCODE-NO>64654284</KEYCODE-NO><STORE-NO>166</STORE-NO></KCODE-STORE-KEY><DATE>40118</DATE><DEPT-NO>957</DEPT-NO><QTY-SOLD>1</QTY-SOLD><SALE-PRICE>3.99</SALE-PRICE></Line><Line><KCODE-STORE-KEY><KEYCODE-NO>60684907</KEYCODE-NO><STORE-NO>166</STORE-NO></KCODE-STORE-KEY><DATE>40118</DATE><DEPT-NO>805</DEPT-NO><QTY-SOLD>1</QTY-SOLD><SALE-PRICE>5.50</SALE-PRICE></Line><Line><KCODE-STORE-KEY><KEYCODE-NO>63624299</KEYCODE-NO><STORE-NO>166</STORE-NO></KCODE-STORE-KEY><DATE>40118</DATE><DEPT-NO>870</DEPT-NO><QTY-SOLD>1</QTY-SOLD><SALE-PRICE>10.99</SALE-PRICE></Line><Line><KCODE-STORE-KEY><KEYCODE-NO>63624367</KEYCODE-NO><STORE-NO>166</STORE-NO></KCODE-STORE-KEY><DATE>40118</DATE><DEPT-NO>870</DEPT-NO><QTY-SOLD>1</QTY-SOLD><SALE-PRICE>11.19</SALE-PRICE></Line><Line><KCODE-STORE-KEY><KEYCODE-NO>62694575</KEYCODE-NO><STORE-NO>166</STORE-NO></KCODE-STORE-KEY><DATE>40118</DATE><DEPT-NO>475</DEPT-NO><QTY-SOLD>1</QTY-SOLD><SALE-PRICE>14.99</SALE-PRICE></Line><Line><KCODE-STORE-KEY><KEYCODE-NO>69614011</KEYCODE-NO><STORE-NO>166</STORE-NO></KCODE-STORE-KEY><DATE>40118</DATE><DEPT-NO>905</DEPT-NO><QTY-SOLD>1</QTY-SOLD><SALE-PRICE>6.99</SALE-PRICE></Line><Line><KCODE-STORE-KEY><KEYCODE-NO>62634996</KEYCODE-NO><STORE-NO>166</STORE-NO></KCODE-STORE-KEY><DATE>40118</DATE><DEPT-NO>650</DEPT-NO><QTY-SOLD>1</QTY-SOLD><SALE-PRICE>9.99</SALE-PRICE></Line><Line><KCODE-STORE-KEY><KEYCODE-NO>67634503</KEYCODE-NO><STORE-NO>166</STORE-NO></KCODE-STORE-KEY><DATE>40118</DATE><DEPT-NO>970</DEPT-NO><QTY-SOLD>1</QTY-SOLD><SALE-PRICE>24.99</SALE-PRICE></Line><Line><KCODE-STORE-KEY><KEYCODE-NO>65604476</KEYCODE-NO><STORE-NO>166</STORE-NO></KCODE-STORE-KEY><DATE>40118</DATE><DEPT-NO>830</DEPT-NO><QTY-SOLD>1</QTY-SOLD><SALE-PRICE>19.95</SALE-PRICE></Line><Line><KCODE-STORE-KEY><KEYCODE-NO>62694170</KEYCODE-NO><STORE-NO>166</STORE-NO></KCODE-STORE-KEY><DATE>40118</DATE><DEPT-NO>851</DEPT-NO><QTY-SOLD>1</QTY-SOLD><SALE-PRICE>16.99</SALE-PRICE></Line><Line><KCODE-STORE-KEY><KEYCODE-NO>63684098</KEYCODE-NO><STORE-NO>166</STORE-NO></KCODE-STORE-KEY><DATE>40118</DATE><DEPT-NO>410</DEPT-NO><QTY-SOLD>1</QTY-SOLD><SALE-PRICE>1.98</SALE-PRICE></Line><Line><KCODE-STORE-KEY><KEYCODE-NO>63684098</KEYCODE-NO><STORE-NO>166</STORE-NO></KCODE-STORE-KEY><DATE>40118</DATE><DEPT-NO>410</DEPT-NO><QTY-SOLD>1</QTY-SOLD><SALE-PRICE>1.98</SALE-PRICE></Line><Line><KCODE-STORE-KEY><KEYCODE-NO>63684098</KEYCODE-NO><STORE-NO>166</STORE-NO></KCODE-STORE-KEY><DATE>40118</DATE><DEPT-NO>410</DEPT-NO><QTY-SOLD>1</QTY-SOLD><SALE-PRICE>1.98</SALE-PRICE></Line><Line><KCODE-STORE-KEY><KEYCODE-NO>64674609</KEYCODE-NO><STORE-NO>166</STORE-NO></KCODE-STORE-KEY><DATE>40118</DATE><DEPT-NO>485</DEPT-NO><QTY-SOLD>1</QTY-SOLD><SALE-PRICE>29.99</SALE-PRICE></Line><Line><KCODE-STORE-KEY><KEYCODE-NO>62614014</KEYCODE-NO><STORE-NO>166</STORE-NO></KCODE-STORE-KEY><DATE>40118</DATE><DEPT-NO>366</DEPT-NO><QTY-SOLD>1</QTY-SOLD><SALE-PRICE>14.99</SALE-PRICE></Line><Line><KCODE-STORE-KEY><KEYCODE-NO>61694741</KEYCODE-NO><STORE-NO>166</STORE-NO></KCODE-STORE-KEY><DATE>40118</DATE><DEPT-NO>432</DEPT-NO><QTY-SOLD>1</QTY-SOLD><SALE-PRICE>9.06</SALE-PRICE></Line><Line><KCODE-STORE-KEY><KEYCODE-NO>62614534</KEYCODE-NO><STORE-NO>166</STORE-NO></KCODE-STORE-KEY><DATE>40118</DATE><DEPT-NO>432</DEPT-NO><QTY-SOLD>1</QTY-SOLD><SALE-PRICE>9.09</SALE-PRICE></Line><Line><KCODE-STORE-KEY><KEYCODE-NO>64604876</KEYCODE-NO><STORE-NO>166</STORE-NO></KCODE-STORE-KEY><DATE>40118</DATE><DEPT-NO>801</DEPT-NO><QTY-SOLD>1</QTY-SOLD><SALE-PRICE>29.62</SALE-PRICE></Line><Line><KCODE-STORE-KEY><KEYCODE-NO>66624829</KEYCODE-NO><STORE-NO>166</STORE-NO></KCODE-STORE-KEY><DATE>40118</DATE><DEPT-NO>957</DEPT-NO><QTY-SOLD>1</QTY-SOLD><SALE-PRICE>1.99</SALE-PRICE></Line><Line><KCODE-STORE-KEY><KEYCODE-NO>62694843</KEYCODE-NO><STORE-NO>166</STORE-NO></KCODE-STORE-KEY><DATE>40118</DATE><DEPT-NO>193</DEPT-NO><QTY-SOLD>1</QTY-SOLD><SALE-PRICE>13.59</SALE-PRICE></Line><Line><KCODE-STORE-KEY><KEYCODE-NO>62684580</KEYCODE-NO><STORE-NO>166</STORE-NO></KCODE-STORE-KEY><DATE>40118</DATE><DEPT-NO>265</DEPT-NO><QTY-SOLD>1</QTY-SOLD><SALE-PRICE>19.00</SALE-PRICE></Line><Line><KCODE-STORE-KEY><KEYCODE-NO>62664909</KEYCODE-NO><STORE-NO>166</STORE-NO></KCODE-STORE-KEY><DATE>40118</DATE><DEPT-NO>957</DEPT-NO><QTY-SOLD>1</QTY-SOLD><SALE-PRICE>3.29</SALE-PRICE></Line><Line><KCODE-STORE-KEY><KEYCODE-NO>62674751</KEYCODE-NO><STORE-NO>166</STORE-NO></KCODE-STORE-KEY><DATE>40118</DATE><DEPT-NO>957</DEPT-NO><QTY-SOLD>1</QTY-SOLD><SALE-PRICE>1.99</SALE-PRICE></Line><Line><KCODE-STORE-KEY><KEYCODE-NO>62674492</KEYCODE-NO><STORE-NO>166</STORE-NO></KCODE-STORE-KEY><DATE>40118</DATE><DEPT-NO>957</DEPT-NO><QTY-SOLD>1</QTY-SOLD><SALE-PRICE>1.49</SALE-PRICE></Line><Line><KCODE-STORE-KEY><KEYCODE-NO>62674492</KEYCODE-NO><STORE-NO>166</STORE-NO></KCODE-STORE-KEY><DATE>40118</DATE><DEPT-NO>957</DEPT-NO><QTY-SOLD>1</QTY-SOLD><SALE-PRICE>1.49</SALE-PRICE></Line><Line><KCODE-STORE-KEY><KEYCODE-NO>62694706</KEYCODE-NO><STORE-NO>166</STORE-NO></KCODE-STORE-KEY><DATE>40118</DATE><DEPT-NO>193</DEPT-NO><QTY-SOLD>1</QTY-SOLD><SALE-PRICE>13.59</SALE-PRICE></Line><Line><KCODE-STORE-KEY><KEYCODE-NO>69644602</KEYCODE-NO><STORE-NO>166</STORE-NO></KCODE-STORE-KEY><DATE>40118</DATE><DEPT-NO>265</DEPT-NO><QTY-SOLD>1</QTY-SOLD><SALE-PRICE>19.00</SALE-PRICE></Line><Line><KCODE-STORE-KEY><KEYCODE-NO>63634768</KEYCODE-NO><STORE-NO>166</STORE-NO></KCODE-STORE-KEY><DATE>40118</DATE><DEPT-NO>270</DEPT-NO><QTY-SOLD>1</QTY-SOLD><SALE-PRICE>12.00</SALE-PRICE></Line><Line><KCODE-STORE-KEY><KEYCODE-NO>62684207</KEYCODE-NO><STORE-NO>166</STORE-NO></KCODE-STORE-KEY><DATE>40118</DATE><DEPT-NO>265</DEPT-NO><QTY-SOLD>1</QTY-SOLD><SALE-PRICE>19.00</SALE-PRICE></Line><Line><KCODE-STORE-KEY><KEYCODE-NO>69644961</KEYCODE-NO><STORE-NO>166</STORE-NO></KCODE-STORE-KEY><DATE>40118</DATE><DEPT-NO>230</DEPT-NO><QTY-SOLD>1</QTY-SOLD><SALE-PRICE>9.60</SALE-PRICE></Line><Line><KCODE-STORE-KEY><KEYCODE-NO>69604743</KEYCODE-NO><STORE-NO>166</STORE-NO></KCODE-STORE-KEY><DATE>40118</DATE><DEPT-NO>250</DEPT-NO><QTY-SOLD>1</QTY-SOLD><SALE-PRICE>29.95</SALE-PRICE></Line><Line><KCODE-STORE-KEY><KEYCODE-NO>63634081</KEYCODE-NO><STORE-NO>166</STORE-NO></KCODE-STORE-KEY><DATE>40118</DATE><DEPT-NO>929</DEPT-NO><QTY-SOLD>1</QTY-SOLD><SALE-PRICE>3.89</SALE-PRICE></Line><Line><KCODE-STORE-KEY><KEYCODE-NO>69614229</KEYCODE-NO><STORE-NO>166</STORE-NO></KCODE-STORE-KEY><DATE>40118</DATE><DEPT-NO>902</DEPT-NO><QTY-SOLD>1</QTY-SOLD><SALE-PRICE>15.95</SALE-PRICE></Line><Line><KCODE-STORE-KEY><KEYCODE-NO>62654454</KEYCODE-NO><STORE-NO>166</STORE-NO></KCODE-STORE-KEY><DATE>40118</DATE><DEPT-NO>845</DEPT-NO><QTY-SOLD>1</QTY-SOLD><SALE-PRICE>5.95</SALE-PRICE></Line><Line><KCODE-STORE-KEY><KEYCODE-NO>64634712</KEYCODE-NO><STORE-NO>166</STORE-NO></KCODE-STORE-KEY><DATE>40118</DATE><DEPT-NO>845</DEPT-NO><QTY-SOLD>1</QTY-SOLD><SALE-PRICE>3.90</SALE-PRICE></Line><Line><KCODE-STORE-KEY><KEYCODE-NO>62674092</KEYCODE-NO><STORE-NO>166</STORE-NO></KCODE-STORE-KEY><DATE>40118</DATE><DEPT-NO>851</DEPT-NO><QTY-SOLD>1</QTY-SOLD><SALE-PRICE>15.99</SALE-PRICE></Line><Line><KCODE-STORE-KEY><KEYCODE-NO>67664966</KEYCODE-NO><STORE-NO>166</STORE-NO></KCODE-STORE-KEY><DATE>40118</DATE><DEPT-NO>929</DEPT-NO><QTY-SOLD>1</QTY-SOLD><SALE-PRICE>0.89</SALE-PRICE></Line><Line><KCODE-STORE-KEY><KEYCODE-NO>67664966</KEYCODE-NO><STORE-NO>166</STORE-NO></KCODE-STORE-KEY><DATE>40118</DATE><DEPT-NO>929</DEPT-NO><QTY-SOLD>1</QTY-SOLD><SALE-PRICE>0.89</SALE-PRICE></Line><Line><KCODE-STORE-KEY><KEYCODE-NO>64674633</KEYCODE-NO><STORE-NO>166</STORE-NO></KCODE-STORE-KEY><DATE>40118</DATE><DEPT-NO>220</DEPT-NO><QTY-SOLD>1</QTY-SOLD><SALE-PRICE>15.99</SALE-PRICE></Line><Line><KCODE-STORE-KEY><KEYCODE-NO>64624081</KEYCODE-NO><STORE-NO>166</STORE-NO></KCODE-STORE-KEY><DATE>40118</DATE><DEPT-NO>280</DEPT-NO><QTY-SOLD>1</QTY-SOLD><SALE-PRICE>26.24</SALE-PRICE></Line><Line><KCODE-STORE-KEY><KEYCODE-NO>69674069</KEYCODE-NO><STORE-NO>166</STORE-NO></KCODE-STORE-KEY><DATE>40118</DATE><DEPT-NO>910</DEPT-NO><QTY-SOLD>1</QTY-SOLD><SALE-PRICE>10.49</SALE-PRICE></Line><Line><KCODE-STORE-KEY><KEYCODE-NO>62684028</KEYCODE-NO><STORE-NO>166</STORE-NO></KCODE-STORE-KEY><DATE>40118</DATE><DEPT-NO>520</DEPT-NO><QTY-SOLD>1</QTY-SOLD><SALE-PRICE>29.99</SALE-PRICE></Line><Line><KCODE-STORE-KEY><KEYCODE-NO>64604876</KEYCODE-NO><STORE-NO>166</STORE-NO></KCODE-STORE-KEY><DATE>40118</DATE><DEPT-NO>801</DEPT-NO><QTY-SOLD>1</QTY-SOLD><SALE-PRICE>29.62</SALE-PRICE></Line><Line><KCODE-STORE-KEY><KEYCODE-NO>68644966</KEYCODE-NO><STORE-NO>166</STORE-NO></KCODE-STORE-KEY><DATE>40118</DATE><DEPT-NO>902</DEPT-NO><QTY-SOLD>1</QTY-SOLD><SALE-PRICE>12.50</SALE-PRICE></Line><Line><KCODE-STORE-KEY><KEYCODE-NO>68644966</KEYCODE-NO><STORE-NO>166</STORE-NO></KCODE-STORE-KEY><DATE>40118</DATE><DEPT-NO>902</DEPT-NO><QTY-SOLD>-1</QTY-SOLD><SALE-PRICE>-12.50</SALE-PRICE></Line><Line><KCODE-STORE-KEY><KEYCODE-NO>68644966</KEYCODE-NO><STORE-NO>166</STORE-NO></KCODE-STORE-KEY><DATE>40118</DATE><DEPT-NO>902</DEPT-NO><QTY-SOLD>1</QTY-SOLD><SALE-PRICE>0.01</SALE-PRICE></Line><Line><KCODE-STORE-KEY><KEYCODE-NO>62664347</KEYCODE-NO><STORE-NO>166</STORE-NO></KCODE-STORE-KEY><DATE>40118</DATE><DEPT-NO>370</DEPT-NO><QTY-SOLD>1</QTY-SOLD><SALE-PRICE>8.99</SALE-PRICE></Line><Line><KCODE-STORE-KEY><KEYCODE-NO>62664231</KEYCODE-NO><STORE-NO>166</STORE-NO></KCODE-STORE-KEY><DATE>40118</DATE><DEPT-NO>370</DEPT-NO><QTY-SOLD>1</QTY-SOLD><SALE-PRICE>8.99</SALE-PRICE></Line><Line><KCODE-STORE-KEY><KEYCODE-NO>62694605</KEYCODE-NO><STORE-NO>166</STORE-NO></KCODE-STORE-KEY><DATE>40118</DATE><DEPT-NO>261</DEPT-NO><QTY-SOLD>1</QTY-SOLD><SALE-PRICE>25.00</SALE-PRICE></Line><Line><KCODE-STORE-KEY><KEYCODE-NO>69634922</KEYCODE-NO><STORE-NO>166</STORE-NO></KCODE-STORE-KEY><DATE>40118</DATE><DEPT-NO>261</DEPT-NO><QTY-SOLD>1</QTY-SOLD><SALE-PRICE>19.00</SALE-PRICE></Line><Line><KCODE-STORE-KEY><KEYCODE-NO>63694928</KEYCODE-NO><STORE-NO>166</STORE-NO></KCODE-STORE-KEY><DATE>40118</DATE><DEPT-NO>904</DEPT-NO><QTY-SOLD>1</QTY-SOLD><SALE-PRICE>11.49</SALE-PRICE></Line><Line><KCODE-STORE-KEY><KEYCODE-NO>60624185</KEYCODE-NO><STORE-NO>166</STORE-NO></KCODE-STORE-KEY><DATE>40118</DATE><DEPT-NO>500</DEPT-NO><QTY-SOLD>1</QTY-SOLD><SALE-PRICE>8.99</SALE-PRICE></Line><Line><KCODE-STORE-KEY><KEYCODE-NO>60624314</KEYCODE-NO><STORE-NO>166</STORE-NO></KCODE-STORE-KEY><DATE>40118</DATE><DEPT-NO>500</DEPT-NO><QTY-SOLD>1</QTY-SOLD><SALE-PRICE>8.99</SALE-PRICE></Line><Line><KCODE-STORE-KEY><KEYCODE-NO>69694959</KEYCODE-NO><STORE-NO>166</STORE-NO></KCODE-STORE-KEY><DATE>40118</DATE><DEPT-NO>270</DEPT-NO><QTY-SOLD>1</QTY-SOLD><SALE-PRICE>11.99</SALE-PRICE></Line><Line><KCODE-STORE-KEY><KEYCODE-NO>69624033</KEYCODE-NO><STORE-NO>166</STORE-NO></KCODE-STORE-KEY><DATE>40118</DATE><DEPT-NO>80</DEPT-NO><QTY-SOLD>1</QTY-SOLD><SALE-PRICE>18.19</SALE-PRICE></Line><Line><KCODE-STORE-KEY><KEYCODE-NO>62694485</KEYCODE-NO><STORE-NO>166</STORE-NO></KCODE-STORE-KEY><DATE>40118</DATE><DEPT-NO>193</DEPT-NO><QTY-SOLD>1</QTY-SOLD><SALE-PRICE>17.56</SALE-PRICE></Line><Line><KCODE-STORE-KEY><KEYCODE-NO>60614646</KEYCODE-NO><STORE-NO>166</STORE-NO></KCODE-STORE-KEY><DATE>40118</DATE><DEPT-NO>60</DEPT-NO><QTY-SOLD>1</QTY-SOLD><SALE-PRICE>6.00</SALE-PRICE></Line><Line><KCODE-STORE-KEY><KEYCODE-NO>63654066</KEYCODE-NO><STORE-NO>166</STORE-NO></KCODE-STORE-KEY><DATE>40118</DATE><DEPT-NO>275</DEPT-NO><QTY-SOLD>1</QTY-SOLD><SALE-PRICE>24.99</SALE-PRICE></Line><Line><KCODE-STORE-KEY><KEYCODE-NO>62684548</KEYCODE-NO><STORE-NO>166</STORE-NO></KCODE-STORE-KEY><DATE>40118</DATE><DEPT-NO>415</DEPT-NO><QTY-SOLD>1</QTY-SOLD><SALE-PRICE>39.99</SALE-PRICE></Line><Line><KCODE-STORE-KEY><KEYCODE-NO>62684548</KEYCODE-NO><STORE-NO>166</STORE-NO></KCODE-STORE-KEY><DATE>40118</DATE><DEPT-NO>415</DEPT-NO><QTY-SOLD>1</QTY-SOLD><SALE-PRICE>39.99</SALE-PRICE></Line><Line><KCODE-STORE-KEY><KEYCODE-NO>69694685</KEYCODE-NO><STORE-NO>166</STORE-NO></KCODE-STORE-KEY><DATE>40118</DATE><DEPT-NO>360</DEPT-NO><QTY-SOLD>1</QTY-SOLD><SALE-PRICE>6.99</SALE-PRICE></Line><Line><KCODE-STORE-KEY><KEYCODE-NO>63614741</KEYCODE-NO><STORE-NO>166</STORE-NO></KCODE-STORE-KEY><DATE>40118</DATE><DEPT-NO>395</DEPT-NO><QTY-SOLD>1</QTY-SOLD><SALE-PRICE>27.99</SALE-PRICE></Line><Line><KCODE-STORE-KEY><KEYCODE-NO>60664302</KEYCODE-NO><STORE-NO>166</STORE-NO></KCODE-STORE-KEY><DATE>40118</DATE><DEPT-NO>270</DEPT-NO><QTY-SOLD>1</QTY-SOLD><SALE-PRICE>9.00</SALE-PRICE></Line><Line><KCODE-STORE-KEY><KEYCODE-NO>60664241</KEYCODE-NO><STORE-NO>166</STORE-NO></KCODE-STORE-KEY><DATE>40118</DATE><DEPT-NO>270</DEPT-NO><QTY-SOLD>1</QTY-SOLD><SALE-PRICE>9.00</SALE-PRICE></Line><Line><KCODE-STORE-KEY><KEYCODE-NO>66674979</KEYCODE-NO><STORE-NO>166</STORE-NO></KCODE-STORE-KEY><DATE>40118</DATE><DEPT-NO>360</DEPT-NO><QTY-SOLD>1</QTY-SOLD><SALE-PRICE>4.50</SALE-PRICE></Line><Line><KCODE-STORE-KEY><KEYCODE-NO>62634862</KEYCODE-NO><STORE-NO>166</STORE-NO></KCODE-STORE-KEY><DATE>40118</DATE><DEPT-NO>355</DEPT-NO><QTY-SOLD>1</QTY-SOLD><SALE-PRICE>11.89</SALE-PRICE></Line><Line><KCODE-STORE-KEY><KEYCODE-NO>62604139</KEYCODE-NO><STORE-NO>166</STORE-NO></KCODE-STORE-KEY><DATE>40118</DATE><DEPT-NO>335</DEPT-NO><QTY-SOLD>1</QTY-SOLD><SALE-PRICE>7.99</SALE-PRICE></Line><Line><KCODE-STORE-KEY><KEYCODE-NO>62624382</KEYCODE-NO><STORE-NO>166</STORE-NO></KCODE-STORE-KEY><DATE>40118</DATE><DEPT-NO>370</DEPT-NO><QTY-SOLD>1</QTY-SOLD><SALE-PRICE>18.98</SALE-PRICE></Line><Line><KCODE-STORE-KEY><KEYCODE-NO>62624382</KEYCODE-NO><STORE-NO>166</STORE-NO></KCODE-STORE-KEY><DATE>40118</DATE><DEPT-NO>370</DEPT-NO><QTY-SOLD>-1</QTY-SOLD><SALE-PRICE>-18.98</SALE-PRICE></Line><Line><KCODE-STORE-KEY><KEYCODE-NO>69694937</KEYCODE-NO><STORE-NO>166</STORE-NO></KCODE-STORE-KEY><DATE>40118</DATE><DEPT-NO>360</DEPT-NO><QTY-SOLD>1</QTY-SOLD><SALE-PRICE>2.50</SALE-PRICE></Line><Line><KCODE-STORE-KEY><KEYCODE-NO>62624382</KEYCODE-NO><STORE-NO>166</STORE-NO></KCODE-STORE-KEY><DATE>40118</DATE><DEPT-NO>370</DEPT-NO><QTY-SOLD>1</QTY-SOLD><SALE-PRICE>18.98</SALE-PRICE></Line><Line><KCODE-STORE-KEY><KEYCODE-NO>62624382</KEYCODE-NO><STORE-NO>166</STORE-NO></KCODE-STORE-KEY><DATE>40118</DATE><DEPT-NO>370</DEPT-NO><QTY-SOLD>1</QTY-SOLD><SALE-PRICE>18.98</SALE-PRICE></Line><Line><KCODE-STORE-KEY><KEYCODE-NO>62624382</KEYCODE-NO><STORE-NO>166</STORE-NO></KCODE-STORE-KEY><DATE>40118</DATE><DEPT-NO>370</DEPT-NO><QTY-SOLD>-1</QTY-SOLD><SALE-PRICE>-18.98</SALE-PRICE></Line><Line><KCODE-STORE-KEY><KEYCODE-NO>62624382</KEYCODE-NO><STORE-NO>166</STORE-NO></KCODE-STORE-KEY><DATE>40118</DATE><DEPT-NO>370</DEPT-NO><QTY-SOLD>-1</QTY-SOLD><SALE-PRICE>-18.98</SALE-PRICE></Line><Line><KCODE-STORE-KEY><KEYCODE-NO>62624382</KEYCODE-NO><STORE-NO>166</STORE-NO></KCODE-STORE-KEY><DATE>40118</DATE><DEPT-NO>370</DEPT-NO><QTY-SOLD>1</QTY-SOLD><SALE-PRICE>18.98</SALE-PRICE></Line><Line><KCODE-STORE-KEY><KEYCODE-NO>62624382</KEYCODE-NO><STORE-NO>166</STORE-NO></KCODE-STORE-KEY><DATE>40118</DATE><DEPT-NO>370</DEPT-NO><QTY-SOLD>1</QTY-SOLD><SALE-PRICE>18.98</SALE-PRICE></Line><Line><KCODE-STORE-KEY><KEYCODE-NO>61684889</KEYCODE-NO><STORE-NO>166</STORE-NO></KCODE-STORE-KEY><DATE>40118</DATE><DEPT-NO>685</DEPT-NO><QTY-SOLD>1</QTY-SOLD><SALE-PRICE>4.49</SALE-PRICE></Line><Line><KCODE-STORE-KEY><KEYCODE-NO>68614651</KEYCODE-NO><STORE-NO>166</STORE-NO></KCODE-STORE-KEY><DATE>40118</DATE><DEPT-NO>370</DEPT-NO><QTY-SOLD>1</QTY-SOLD><SALE-PRICE>3.99</SALE-PRICE></Line><Line><KCODE-STORE-KEY><KEYCODE-NO>62664674</KEYCODE-NO><STORE-NO>166</STORE-NO></KCODE-STORE-KEY><DATE>40118</DATE><DEPT-NO>471</DEPT-NO><QTY-SOLD>1</QTY-SOLD><SALE-PRICE>24.99</SALE-PRICE></Line><Line><KCODE-STORE-KEY><KEYCODE-NO>61684889</KEYCODE-NO><STORE-NO>166</STORE-NO></KCODE-STORE-KEY><DATE>40118</DATE><DEPT-NO>685</DEPT-NO><QTY-SOLD>1</QTY-SOLD><SALE-PRICE>4.49</SALE-PRICE></Line><Line><KCODE-STORE-KEY><KEYCODE-NO>60694417</KEYCODE-NO><STORE-NO>166</STORE-NO></KCODE-STORE-KEY><DATE>40118</DATE><DEPT-NO>929</DEPT-NO><QTY-SOLD>1</QTY-SOLD><SALE-PRICE>0.65</SALE-PRICE></Line><Line><KCODE-STORE-KEY><KEYCODE-NO>65694328</KEYCODE-NO><STORE-NO>166</STORE-NO></KCODE-STORE-KEY><DATE>40118</DATE><DEPT-NO>929</DEPT-NO><QTY-SOLD>1</QTY-SOLD><SALE-PRICE>0.59</SALE-PRICE></Line><Line><KCODE-STORE-KEY><KEYCODE-NO>63684449</KEYCODE-NO><STORE-NO>166</STORE-NO></KCODE-STORE-KEY><DATE>40118</DATE><DEPT-NO>320</DEPT-NO><QTY-SOLD>1</QTY-SOLD><SALE-PRICE>16.99</SALE-PRICE></Line><Line><KCODE-STORE-KEY><KEYCODE-NO>62614815</KEYCODE-NO><STORE-NO>166</STORE-NO></KCODE-STORE-KEY><DATE>40118</DATE><DEPT-NO>405</DEPT-NO><QTY-SOLD>1</QTY-SOLD><SALE-PRICE>20.00</SALE-PRICE></Line><Line><KCODE-STORE-KEY><KEYCODE-NO>62664151</KEYCODE-NO><STORE-NO>166</STORE-NO></KCODE-STORE-KEY><DATE>40118</DATE><DEPT-NO>455</DEPT-NO><QTY-SOLD>1</QTY-SOLD><SALE-PRICE>25.00</SALE-PRICE></Line><Line><KCODE-STORE-KEY><KEYCODE-NO>64684719</KEYCODE-NO><STORE-NO>166</STORE-NO></KCODE-STORE-KEY><DATE>40118</DATE><DEPT-NO>410</DEPT-NO><QTY-SOLD>1</QTY-SOLD><SALE-PRICE>9.99</SALE-PRICE></Line><Line><KCODE-STORE-KEY><KEYCODE-NO>69654084</KEYCODE-NO><STORE-NO>166</STORE-NO></KCODE-STORE-KEY><DATE>40118</DATE><DEPT-NO>60</DEPT-NO><QTY-SOLD>1</QTY-SOLD><SALE-PRICE>6.00</SALE-PRICE></Line><Line><KCODE-STORE-KEY><KEYCODE-NO>69644897</KEYCODE-NO><STORE-NO>166</STORE-NO></KCODE-STORE-KEY><DATE>40118</DATE><DEPT-NO>60</DEPT-NO><QTY-SOLD>1</QTY-SOLD><SALE-PRICE>5.08</SALE-PRICE></Line><Line><KCODE-STORE-KEY><KEYCODE-NO>68654655</KEYCODE-NO><STORE-NO>166</STORE-NO></KCODE-STORE-KEY><DATE>40118</DATE><DEPT-NO>60</DEPT-NO><QTY-SOLD>1</QTY-SOLD><SALE-PRICE>5.08</SALE-PRICE></Line><Line><KCODE-STORE-KEY><KEYCODE-NO>68674560</KEYCODE-NO><STORE-NO>166</STORE-NO></KCODE-STORE-KEY><DATE>40118</DATE><DEPT-NO>170</DEPT-NO><QTY-SOLD>1</QTY-SOLD><SALE-PRICE>5.99</SALE-PRICE></Line><Line><KCODE-STORE-KEY><KEYCODE-NO>62694387</KEYCODE-NO><STORE-NO>166</STORE-NO></KCODE-STORE-KEY><DATE>40118</DATE><DEPT-NO>432</DEPT-NO><QTY-SOLD>1</QTY-SOLD><SALE-PRICE>7.99</SALE-PRICE></Line><Line><KCODE-STORE-KEY><KEYCODE-NO>62664568</KEYCODE-NO><STORE-NO>166</STORE-NO></KCODE-STORE-KEY><DATE>40118</DATE><DEPT-NO>432</DEPT-NO><QTY-SOLD>1</QTY-SOLD><SALE-PRICE>5.99</SALE-PRICE></Line><Line><KCODE-STORE-KEY><KEYCODE-NO>69634261</KEYCODE-NO><STORE-NO>166</STORE-NO></KCODE-STORE-KEY><DATE>40118</DATE><DEPT-NO>261</DEPT-NO><QTY-SOLD>1</QTY-SOLD><SALE-PRICE>12.00</SALE-PRICE></Line><Line><KCODE-STORE-KEY><KEYCODE-NO>69634660</KEYCODE-NO><STORE-NO>166</STORE-NO></KCODE-STORE-KEY><DATE>40118</DATE><DEPT-NO>261</DEPT-NO><QTY-SOLD>1</QTY-SOLD><SALE-PRICE>12.00</SALE-PRICE></Line><Line><KCODE-STORE-KEY><KEYCODE-NO>69684947</KEYCODE-NO><STORE-NO>166</STORE-NO></KCODE-STORE-KEY><DATE>40118</DATE><DEPT-NO>280</DEPT-NO><QTY-SOLD>1</QTY-SOLD><SALE-PRICE>22.49</SALE-PRICE></Line><Line><KCODE-STORE-KEY><KEYCODE-NO>60654072</KEYCODE-NO><STORE-NO>166</STORE-NO></KCODE-STORE-KEY><DATE>40118</DATE><DEPT-NO>905</DEPT-NO><QTY-SOLD>1</QTY-SOLD><SALE-PRICE>4.33</SALE-PRICE></Line><Line><KCODE-STORE-KEY><KEYCODE-NO>60654072</KEYCODE-NO><STORE-NO>166</STORE-NO></KCODE-STORE-KEY><DATE>40118</DATE><DEPT-NO>905</DEPT-NO><QTY-SOLD>1</QTY-SOLD><SALE-PRICE>4.33</SALE-PRICE></Line><Line><KCODE-STORE-KEY><KEYCODE-NO>69624221</KEYCODE-NO><STORE-NO>166</STORE-NO></KCODE-STORE-KEY><DATE>40118</DATE><DEPT-NO>355</DEPT-NO><QTY-SOLD>1</QTY-SOLD><SALE-PRICE>16.99</SALE-PRICE></Line><Line><KCODE-STORE-KEY><KEYCODE-NO>62654800</KEYCODE-NO><STORE-NO>166</STORE-NO></KCODE-STORE-KEY><DATE>40118</DATE><DEPT-NO>355</DEPT-NO><QTY-SOLD>1</QTY-SOLD><SALE-PRICE>19.99</SALE-PRICE></Line><Line><KCODE-STORE-KEY><KEYCODE-NO>64644495</KEYCODE-NO><STORE-NO>166</STORE-NO></KCODE-STORE-KEY><DATE>40118</DATE><DEPT-NO>801</DEPT-NO><QTY-SOLD>1</QTY-SOLD><SALE-PRICE>29.65</SALE-PRICE></Line><Line><KCODE-STORE-KEY><KEYCODE-NO>67664645</KEYCODE-NO><STORE-NO>166</STORE-NO></KCODE-STORE-KEY><DATE>40118</DATE><DEPT-NO>929</DEPT-NO><QTY-SOLD>1</QTY-SOLD><SALE-PRICE>1.39</SALE-PRICE></Line><Line><KCODE-STORE-KEY><KEYCODE-NO>60614265</KEYCODE-NO><STORE-NO>166</STORE-NO></KCODE-STORE-KEY><DATE>40118</DATE><DEPT-NO>395</DEPT-NO><QTY-SOLD>1</QTY-SOLD><SALE-PRICE>15.99</SALE-PRICE></Line><Line><KCODE-STORE-KEY><KEYCODE-NO>68604583</KEYCODE-NO><STORE-NO>166</STORE-NO></KCODE-STORE-KEY><DATE>40118</DATE><DEPT-NO>905</DEPT-NO><QTY-SOLD>1</QTY-SOLD><SALE-PRICE>15.99</SALE-PRICE></Line><Line><KCODE-STORE-KEY><KEYCODE-NO>60614265</KEYCODE-NO><STORE-NO>166</STORE-NO></KCODE-STORE-KEY><DATE>40118</DATE><DEPT-NO>395</DEPT-NO><QTY-SOLD>1</QTY-SOLD><SALE-PRICE>15.99</SALE-PRICE></Line><Line><KCODE-STORE-KEY><KEYCODE-NO>60614265</KEYCODE-NO><STORE-NO>166</STORE-NO></KCODE-STORE-KEY><DATE>40118</DATE><DEPT-NO>395</DEPT-NO><QTY-SOLD>-1</QTY-SOLD><SALE-PRICE>-15.99</SALE-PRICE></Line><Line><KCODE-STORE-KEY><KEYCODE-NO>60614265</KEYCODE-NO><STORE-NO>166</STORE-NO></KCODE-STORE-KEY><DATE>40118</DATE><DEPT-NO>395</DEPT-NO><QTY-SOLD>-1</QTY-SOLD><SALE-PRICE>-15.99</SALE-PRICE></Line><Line><KCODE-STORE-KEY><KEYCODE-NO>68604583</KEYCODE-NO><STORE-NO>166</STORE-NO></KCODE-STORE-KEY><DATE>40118</DATE><DEPT-NO>905</DEPT-NO><QTY-SOLD>-1</QTY-SOLD><SALE-PRICE>-15.99</SALE-PRICE></Line><Line><KCODE-STORE-KEY><KEYCODE-NO>68604583</KEYCODE-NO><STORE-NO>166</STORE-NO></KCODE-STORE-KEY><DATE>40118</DATE><DEPT-NO>905</DEPT-NO><QTY-SOLD>1</QTY-SOLD><SALE-PRICE>15.99</SALE-PRICE></Line><Line><KCODE-STORE-KEY><KEYCODE-NO>68604583</KEYCODE-NO><STORE-NO>166</STORE-NO></KCODE-STORE-KEY><DATE>40118</DATE><DEPT-NO>905</DEPT-NO><QTY-SOLD>-1</QTY-SOLD><SALE-PRICE>-15.99</SALE-PRICE></Line><Line><KCODE-STORE-KEY><KEYCODE-NO>68604583</KEYCODE-NO><STORE-NO>166</STORE-NO></KCODE-STORE-KEY><DATE>40118</DATE><DEPT-NO>905</DEPT-NO><QTY-SOLD>1</QTY-SOLD><SALE-PRICE>12.80</SALE-PRICE></Line><Line><KCODE-STORE-KEY><KEYCODE-NO>60614265</KEYCODE-NO><STORE-NO>166</STORE-NO></KCODE-STORE-KEY><DATE>40118</DATE><DEPT-NO>395</DEPT-NO><QTY-SOLD>1</QTY-SOLD><SALE-PRICE>15.99</SALE-PRICE></Line><Line><KCODE-STORE-KEY><KEYCODE-NO>60614265</KEYCODE-NO><STORE-NO>166</STORE-NO></KCODE-STORE-KEY><DATE>40118</DATE><DEPT-NO>395</DEPT-NO><QTY-SOLD>-1</QTY-SOLD><SALE-PRICE>-15.99</SALE-PRICE></Line><Line><KCODE-STORE-KEY><KEYCODE-NO>60614265</KEYCODE-NO><STORE-NO>166</STORE-NO></KCODE-STORE-KEY><DATE>40118</DATE><DEPT-NO>395</DEPT-NO><QTY-SOLD>1</QTY-SOLD><SALE-PRICE>12.80</SALE-PRICE></Line><Line><KCODE-STORE-KEY><KEYCODE-NO>69664661</KEYCODE-NO><STORE-NO>166</STORE-NO></KCODE-STORE-KEY><DATE>40118</DATE><DEPT-NO>904</DEPT-NO><QTY-SOLD>1</QTY-SOLD><SALE-PRICE>14.95</SALE-PRICE></Line><Line><KCODE-STORE-KEY><KEYCODE-NO>68664211</KEYCODE-NO><STORE-NO>166</STORE-NO></KCODE-STORE-KEY><DATE>40118</DATE><DEPT-NO>193</DEPT-NO><QTY-SOLD>1</QTY-SOLD><SALE-PRICE>11.19</SALE-PRICE></Line><Line><KCODE-STORE-KEY><KEYCODE-NO>60614707</KEYCODE-NO><STORE-NO>166</STORE-NO></KCODE-STORE-KEY><DATE>40118</DATE><DEPT-NO>60</DEPT-NO><QTY-SOLD>1</QTY-SOLD><SALE-PRICE>6.00</SALE-PRICE></Line><Line><KCODE-STORE-KEY><KEYCODE-NO>64604513</KEYCODE-NO><STORE-NO>166</STORE-NO></KCODE-STORE-KEY><DATE>40118</DATE><DEPT-NO>235</DEPT-NO><QTY-SOLD>1</QTY-SOLD><SALE-PRICE>16.99</SALE-PRICE></Line><Line><KCODE-STORE-KEY><KEYCODE-NO>60624864</KEYCODE-NO><STORE-NO>166</STORE-NO></KCODE-STORE-KEY><DATE>40118</DATE><DEPT-NO>261</DEPT-NO><QTY-SOLD>1</QTY-SOLD><SALE-PRICE>15.00</SALE-PRICE></Line><Line><KCODE-STORE-KEY><KEYCODE-NO>69644909</KEYCODE-NO><STORE-NO>166</STORE-NO></KCODE-STORE-KEY><DATE>40118</DATE><DEPT-NO>261</DEPT-NO><QTY-SOLD>1</QTY-SOLD><SALE-PRICE>9.00</SALE-PRICE></Line><Line><KCODE-STORE-KEY><KEYCODE-NO>60604100</KEYCODE-NO><STORE-NO>166</STORE-NO></KCODE-STORE-KEY><DATE>40118</DATE><DEPT-NO>80</DEPT-NO><QTY-SOLD>1</QTY-SOLD><SALE-PRICE>13.30</SALE-PRICE></Line><Line><KCODE-STORE-KEY><KEYCODE-NO>69634263</KEYCODE-NO><STORE-NO>166</STORE-NO></KCODE-STORE-KEY><DATE>40118</DATE><DEPT-NO>261</DEPT-NO><QTY-SOLD>1</QTY-SOLD><SALE-PRICE>25.00</SALE-PRICE></Line><Line><KCODE-STORE-KEY><KEYCODE-NO>69634263</KEYCODE-NO><STORE-NO>166</STORE-NO></KCODE-STORE-KEY><DATE>40118</DATE><DEPT-NO>261</DEPT-NO><QTY-SOLD>-1</QTY-SOLD><SALE-PRICE>-25.00</SALE-PRICE></Line><Line><KCODE-STORE-KEY><KEYCODE-NO>69634263</KEYCODE-NO><STORE-NO>166</STORE-NO></KCODE-STORE-KEY><DATE>40118</DATE><DEPT-NO>261</DEPT-NO><QTY-SOLD>1</QTY-SOLD><SALE-PRICE>12.00</SALE-PRICE></Line><Line><KCODE-STORE-KEY><KEYCODE-NO>61674701</KEYCODE-NO><STORE-NO>166</STORE-NO></KCODE-STORE-KEY><DATE>40118</DATE><DEPT-NO>670</DEPT-NO><QTY-SOLD>1</QTY-SOLD><SALE-PRICE>3.99</SALE-PRICE></Line><Line><KCODE-STORE-KEY><KEYCODE-NO>63654007</KEYCODE-NO><STORE-NO>166</STORE-NO></KCODE-STORE-KEY><DATE>40118</DATE><DEPT-NO>670</DEPT-NO><QTY-SOLD>1</QTY-SOLD><SALE-PRICE>56.99</SALE-PRICE></Line><Line><KCODE-STORE-KEY><KEYCODE-NO>67624103</KEYCODE-NO><STORE-NO>166</STORE-NO></KCODE-STORE-KEY><DATE>40118</DATE><DEPT-NO>801</DEPT-NO><QTY-SOLD>1</QTY-SOLD><SALE-PRICE>16.50</SALE-PRICE></Line><Line><KCODE-STORE-KEY><KEYCODE-NO>68614329</KEYCODE-NO><STORE-NO>166</STORE-NO></KCODE-STORE-KEY><DATE>40118</DATE><DEPT-NO>905</DEPT-NO><QTY-SOLD>1</QTY-SOLD><SALE-PRICE>39.99</SALE-PRICE></Line><Line><KCODE-STORE-KEY><KEYCODE-NO>67644384</KEYCODE-NO><STORE-NO>166</STORE-NO></KCODE-STORE-KEY><DATE>40118</DATE><DEPT-NO>193</DEPT-NO><QTY-SOLD>1</QTY-SOLD><SALE-PRICE>23.96</SALE-PRICE></Line><Line><KCODE-STORE-KEY><KEYCODE-NO>64644495</KEYCODE-NO><STORE-NO>166</STORE-NO></KCODE-STORE-KEY><DATE>40118</DATE><DEPT-NO>801</DEPT-NO><QTY-SOLD>1</QTY-SOLD><SALE-PRICE>29.65</SALE-PRICE></Line><Line><KCODE-STORE-KEY><KEYCODE-NO>60684484</KEYCODE-NO><STORE-NO>184</STORE-NO></KCODE-STORE-KEY><DATE>40118</DATE><DEPT-NO>220</DEPT-NO><QTY-SOLD>1</QTY-SOLD><SALE-PRICE>9.00</SALE-PRICE></Line><Line><KCODE-STORE-KEY><KEYCODE-NO>60684484</KEYCODE-NO><STORE-NO>184</STORE-NO></KCODE-STORE-KEY><DATE>40118</DATE><DEPT-NO>220</DEPT-NO><QTY-SOLD>1</QTY-SOLD><SALE-PRICE>9.00</SALE-PRICE></Line><Line><KCODE-STORE-KEY><KEYCODE-NO>67674299</KEYCODE-NO><STORE-NO>184</STORE-NO></KCODE-STORE-KEY><DATE>40118</DATE><DEPT-NO>905</DEPT-NO><QTY-SOLD>1</QTY-SOLD><SALE-PRICE>4.99</SALE-PRICE></Line><Line><KCODE-STORE-KEY><KEYCODE-NO>69664620</KEYCODE-NO><STORE-NO>184</STORE-NO></KCODE-STORE-KEY><DATE>40118</DATE><DEPT-NO>355</DEPT-NO><QTY-SOLD>1</QTY-SOLD><SALE-PRICE>11.89</SALE-PRICE></Line><Line><KCODE-STORE-KEY><KEYCODE-NO>69664620</KEYCODE-NO><STORE-NO>184</STORE-NO></KCODE-STORE-KEY><DATE>40118</DATE><DEPT-NO>355</DEPT-NO><QTY-SOLD>-1</QTY-SOLD><SALE-PRICE>-11.89</SALE-PRICE></Line><Line><KCODE-STORE-KEY><KEYCODE-NO>69664620</KEYCODE-NO><STORE-NO>184</STORE-NO></KCODE-STORE-KEY><DATE>40118</DATE><DEPT-NO>355</DEPT-NO><QTY-SOLD>1</QTY-SOLD><SALE-PRICE>9.09</SALE-PRICE></Line><Line><KCODE-STORE-KEY><KEYCODE-NO>60674210</KEYCODE-NO><STORE-NO>184</STORE-NO></KCODE-STORE-KEY><DATE>40118</DATE><DEPT-NO>275</DEPT-NO><QTY-SOLD>-1</QTY-SOLD><SALE-PRICE>-15.00</SALE-PRICE></Line><Line><KCODE-STORE-KEY><KEYCODE-NO>60664048</KEYCODE-NO><STORE-NO>184</STORE-NO></KCODE-STORE-KEY><DATE>40118</DATE><DEPT-NO>60</DEPT-NO><QTY-SOLD>-1</QTY-SOLD><SALE-PRICE>-4.80</SALE-PRICE></Line><Line><KCODE-STORE-KEY><KEYCODE-NO>60614866</KEYCODE-NO><STORE-NO>184</STORE-NO></KCODE-STORE-KEY><DATE>40118</DATE><DEPT-NO>60</DEPT-NO><QTY-SOLD>-1</QTY-SOLD><SALE-PRICE>-4.80</SALE-PRICE></Line><Line><KCODE-STORE-KEY><KEYCODE-NO>60664048</KEYCODE-NO><STORE-NO>184</STORE-NO></KCODE-STORE-KEY><DATE>40118</DATE><DEPT-NO>60</DEPT-NO><QTY-SOLD>-1</QTY-SOLD><SALE-PRICE>-4.80</SALE-PRICE></Line><Line><KCODE-STORE-KEY><KEYCODE-NO>60664048</KEYCODE-NO><STORE-NO>184</STORE-NO></KCODE-STORE-KEY><DATE>40118</DATE><DEPT-NO>60</DEPT-NO><QTY-SOLD>-1</QTY-SOLD><SALE-PRICE>-4.80</SALE-PRICE></Line><Line><KCODE-STORE-KEY><KEYCODE-NO>60614866</KEYCODE-NO><STORE-NO>184</STORE-NO></KCODE-STORE-KEY><DATE>40118</DATE><DEPT-NO>60</DEPT-NO><QTY-SOLD>-1</QTY-SOLD><SALE-PRICE>-4.80</SALE-PRICE></Line><Line><KCODE-STORE-KEY><KEYCODE-NO>69654081</KEYCODE-NO><STORE-NO>184</STORE-NO></KCODE-STORE-KEY><DATE>40118</DATE><DEPT-NO>70</DEPT-NO><QTY-SOLD>1</QTY-SOLD><SALE-PRICE>12.99</SALE-PRICE></Line><Line><KCODE-STORE-KEY><KEYCODE-NO>63664643</KEYCODE-NO><STORE-NO>184</STORE-NO></KCODE-STORE-KEY><DATE>40118</DATE><DEPT-NO>193</DEPT-NO><QTY-SOLD>1</QTY-SOLD><SALE-PRICE>16.79</SALE-PRICE></Line><Line><KCODE-STORE-KEY><KEYCODE-NO>69654135</KEYCODE-NO><STORE-NO>184</STORE-NO></KCODE-STORE-KEY><DATE>40118</DATE><DEPT-NO>70</DEPT-NO><QTY-SOLD>1</QTY-SOLD><SALE-PRICE>12.99</SALE-PRICE></Line><Line><KCODE-STORE-KEY><KEYCODE-NO>60644672</KEYCODE-NO><STORE-NO>184</STORE-NO></KCODE-STORE-KEY><DATE>40118</DATE><DEPT-NO>160</DEPT-NO><QTY-SOLD>1</QTY-SOLD><SALE-PRICE>9.09</SALE-PRICE></Line><Line><KCODE-STORE-KEY><KEYCODE-NO>62654852</KEYCODE-NO><STORE-NO>184</STORE-NO></KCODE-STORE-KEY><DATE>40118</DATE><DEPT-NO>345</DEPT-NO><QTY-SOLD>-1</QTY-SOLD><SALE-PRICE>-19.59</SALE-PRICE></Line><Line><KCODE-STORE-KEY><KEYCODE-NO>62674960</KEYCODE-NO><STORE-NO>184</STORE-NO></KCODE-STORE-KEY><DATE>40118</DATE><DEPT-NO>490</DEPT-NO><QTY-SOLD>-1</QTY-SOLD><SALE-PRICE>-16.00</SALE-PRICE></Line><Line><KCODE-STORE-KEY><KEYCODE-NO>62674960</KEYCODE-NO><STORE-NO>184</STORE-NO></KCODE-STORE-KEY><DATE>40118</DATE><DEPT-NO>490</DEPT-NO><QTY-SOLD>1</QTY-SOLD><SALE-PRICE>16.00</SALE-PRICE></Line><Line><KCODE-STORE-KEY><KEYCODE-NO>65674126</KEYCODE-NO><STORE-NO>184</STORE-NO></KCODE-STORE-KEY><DATE>40118</DATE><DEPT-NO>929</DEPT-NO><QTY-SOLD>1</QTY-SOLD><SALE-PRICE>2.69</SALE-PRICE></Line><Line><KCODE-STORE-KEY><KEYCODE-NO>60634192</KEYCODE-NO><STORE-NO>184</STORE-NO></KCODE-STORE-KEY><DATE>40118</DATE><DEPT-NO>500</DEPT-NO><QTY-SOLD>1</QTY-SOLD><SALE-PRICE>24.99</SALE-PRICE></Line><Line><KCODE-STORE-KEY><KEYCODE-NO>64634500</KEYCODE-NO><STORE-NO>184</STORE-NO></KCODE-STORE-KEY><DATE>40118</DATE><DEPT-NO>957</DEPT-NO><QTY-SOLD>-1</QTY-SOLD><SALE-PRICE>-9.99</SALE-PRICE></Line><Line><KCODE-STORE-KEY><KEYCODE-NO>66624803</KEYCODE-NO><STORE-NO>184</STORE-NO></KCODE-STORE-KEY><DATE>40118</DATE><DEPT-NO>170</DEPT-NO><QTY-SOLD>1</QTY-SOLD><SALE-PRICE>2.00</SALE-PRICE></Line><Line><KCODE-STORE-KEY><KEYCODE-NO>66624803</KEYCODE-NO><STORE-NO>184</STORE-NO></KCODE-STORE-KEY><DATE>40118</DATE><DEPT-NO>170</DEPT-NO><QTY-SOLD>-1</QTY-SOLD><SALE-PRICE>-2.00</SALE-PRICE></Line><Line><KCODE-STORE-KEY><KEYCODE-NO>66624803</KEYCODE-NO><STORE-NO>184</STORE-NO></KCODE-STORE-KEY><DATE>40118</DATE><DEPT-NO>170</DEPT-NO><QTY-SOLD>1</QTY-SOLD><SALE-PRICE>1.04</SALE-PRICE></Line><Line><KCODE-STORE-KEY><KEYCODE-NO>66624889</KEYCODE-NO><STORE-NO>184</STORE-NO></KCODE-STORE-KEY><DATE>40118</DATE><DEPT-NO>170</DEPT-NO><QTY-SOLD>1</QTY-SOLD><SALE-PRICE>2.00</SALE-PRICE></Line><Line><KCODE-STORE-KEY><KEYCODE-NO>66624889</KEYCODE-NO><STORE-NO>184</STORE-NO></KCODE-STORE-KEY><DATE>40118</DATE><DEPT-NO>170</DEPT-NO><QTY-SOLD>-1</QTY-SOLD><SALE-PRICE>-2.00</SALE-PRICE></Line><Line><KCODE-STORE-KEY><KEYCODE-NO>66624889</KEYCODE-NO><STORE-NO>184</STORE-NO></KCODE-STORE-KEY><DATE>40118</DATE><DEPT-NO>170</DEPT-NO><QTY-SOLD>1</QTY-SOLD><SALE-PRICE>1.04</SALE-PRICE></Line><Line><KCODE-STORE-KEY><KEYCODE-NO>60624241</KEYCODE-NO><STORE-NO>184</STORE-NO></KCODE-STORE-KEY><DATE>40118</DATE><DEPT-NO>500</DEPT-NO><QTY-SOLD>1</QTY-SOLD><SALE-PRICE>34.99</SALE-PRICE></Line><Line><KCODE-STORE-KEY><KEYCODE-NO>62644079</KEYCODE-NO><STORE-NO>184</STORE-NO></KCODE-STORE-KEY><DATE>40118</DATE><DEPT-NO>650</DEPT-NO><QTY-SOLD>1</QTY-SOLD><SALE-PRICE>9.99</SALE-PRICE></Line><Line><KCODE-STORE-KEY><KEYCODE-NO>62664183</KEYCODE-NO><STORE-NO>184</STORE-NO></KCODE-STORE-KEY><DATE>40118</DATE><DEPT-NO>320</DEPT-NO><QTY-SOLD>-1</QTY-SOLD><SALE-PRICE>-20.99</SALE-PRICE></Line><Line><KCODE-STORE-KEY><KEYCODE-NO>64654047</KEYCODE-NO><STORE-NO>184</STORE-NO></KCODE-STORE-KEY><DATE>40118</DATE><DEPT-NO>320</DEPT-NO><QTY-SOLD>-1</QTY-SOLD><SALE-PRICE>-25.99</SALE-PRICE></Line><Line><KCODE-STORE-KEY><KEYCODE-NO>62694327</KEYCODE-NO><STORE-NO>184</STORE-NO></KCODE-STORE-KEY><DATE>40118</DATE><DEPT-NO>375</DEPT-NO><QTY-SOLD>-1</QTY-SOLD><SALE-PRICE>-10.39</SALE-PRICE></Line><Line><KCODE-STORE-KEY><KEYCODE-NO>69604894</KEYCODE-NO><STORE-NO>184</STORE-NO></KCODE-STORE-KEY><DATE>40118</DATE><DEPT-NO>275</DEPT-NO><QTY-SOLD>-1</QTY-SOLD><SALE-PRICE>-19.00</SALE-PRICE></Line><Line><KCODE-STORE-KEY><KEYCODE-NO>67644821</KEYCODE-NO><STORE-NO>184</STORE-NO></KCODE-STORE-KEY><DATE>40118</DATE><DEPT-NO>60</DEPT-NO><QTY-SOLD>-1</QTY-SOLD><SALE-PRICE>-14.99</SALE-PRICE></Line><Line><KCODE-STORE-KEY><KEYCODE-NO>67644118</KEYCODE-NO><STORE-NO>184</STORE-NO></KCODE-STORE-KEY><DATE>40118</DATE><DEPT-NO>60</DEPT-NO><QTY-SOLD>1</QTY-SOLD><SALE-PRICE>16.99</SALE-PRICE></Line><Line><KCODE-STORE-KEY><KEYCODE-NO>66664981</KEYCODE-NO><STORE-NO>184</STORE-NO></KCODE-STORE-KEY><DATE>40118</DATE><DEPT-NO>901</DEPT-NO><QTY-SOLD>1</QTY-SOLD><SALE-PRICE>3.09</SALE-PRICE></Line><Line><KCODE-STORE-KEY><KEYCODE-NO>66684899</KEYCODE-NO><STORE-NO>184</STORE-NO></KCODE-STORE-KEY><DATE>40118</DATE><DEPT-NO>901</DEPT-NO><QTY-SOLD>1</QTY-SOLD><SALE-PRICE>12.99</SALE-PRICE></Line><Line><KCODE-STORE-KEY><KEYCODE-NO>64634942</KEYCODE-NO><STORE-NO>184</STORE-NO></KCODE-STORE-KEY><DATE>40118</DATE><DEPT-NO>270</DEPT-NO><QTY-SOLD>1</QTY-SOLD><SALE-PRICE>15.99</SALE-PRICE></Line><Line><KCODE-STORE-KEY><KEYCODE-NO>63654826</KEYCODE-NO><STORE-NO>184</STORE-NO></KCODE-STORE-KEY><DATE>40118</DATE><DEPT-NO>275</DEPT-NO><QTY-SOLD>1</QTY-SOLD><SALE-PRICE>19.00</SALE-PRICE></Line><Line><KCODE-STORE-KEY><KEYCODE-NO>69604993</KEYCODE-NO><STORE-NO>184</STORE-NO></KCODE-STORE-KEY><DATE>40118</DATE><DEPT-NO>220</DEPT-NO><QTY-SOLD>-1</QTY-SOLD><SALE-PRICE>-14.39</SALE-PRICE></Line><Line><KCODE-STORE-KEY><KEYCODE-NO>63624118</KEYCODE-NO><STORE-NO>184</STORE-NO></KCODE-STORE-KEY><DATE>40118</DATE><DEPT-NO>250</DEPT-NO><QTY-SOLD>-1</QTY-SOLD><SALE-PRICE>-15.00</SALE-PRICE></Line><Line><KCODE-STORE-KEY><KEYCODE-NO>62684517</KEYCODE-NO><STORE-NO>184</STORE-NO></KCODE-STORE-KEY><DATE>40118</DATE><DEPT-NO>475</DEPT-NO><QTY-SOLD>-1</QTY-SOLD><SALE-PRICE>-29.99</SALE-PRICE></Line><Line><KCODE-STORE-KEY><KEYCODE-NO>67634503</KEYCODE-NO><STORE-NO>184</STORE-NO></KCODE-STORE-KEY><DATE>40118</DATE><DEPT-NO>970</DEPT-NO><QTY-SOLD>1</QTY-SOLD><SALE-PRICE>24.99</SALE-PRICE></Line><Line><KCODE-STORE-KEY><KEYCODE-NO>62694782</KEYCODE-NO><STORE-NO>184</STORE-NO></KCODE-STORE-KEY><DATE>40118</DATE><DEPT-NO>193</DEPT-NO><QTY-SOLD>-1</QTY-SOLD><SALE-PRICE>-16.99</SALE-PRICE></Line><Line><KCODE-STORE-KEY><KEYCODE-NO>62694683</KEYCODE-NO><STORE-NO>184</STORE-NO></KCODE-STORE-KEY><DATE>40118</DATE><DEPT-NO>193</DEPT-NO><QTY-SOLD>-1</QTY-SOLD><SALE-PRICE>-16.99</SALE-PRICE></Line><Line><KCODE-STORE-KEY><KEYCODE-NO>62694782</KEYCODE-NO><STORE-NO>184</STORE-NO></KCODE-STORE-KEY><DATE>40118</DATE><DEPT-NO>193</DEPT-NO><QTY-SOLD>-1</QTY-SOLD><SALE-PRICE>-16.99</SALE-PRICE></Line><Line><KCODE-STORE-KEY><KEYCODE-NO>62694782</KEYCODE-NO><STORE-NO>184</STORE-NO></KCODE-STORE-KEY><DATE>40118</DATE><DEPT-NO>193</DEPT-NO><QTY-SOLD>-1</QTY-SOLD><SALE-PRICE>-16.99</SALE-PRICE></Line><Line><KCODE-STORE-KEY><KEYCODE-NO>62684096</KEYCODE-NO><STORE-NO>184</STORE-NO></KCODE-STORE-KEY><DATE>40118</DATE><DEPT-NO>310</DEPT-NO><QTY-SOLD>1</QTY-SOLD><SALE-PRICE>14.00</SALE-PRICE></Line><Line><KCODE-STORE-KEY><KEYCODE-NO>69644199</KEYCODE-NO><STORE-NO>184</STORE-NO></KCODE-STORE-KEY><DATE>40118</DATE><DEPT-NO>193</DEPT-NO><QTY-SOLD>1</QTY-SOLD><SALE-PRICE>19.19</SALE-PRICE></Line><Line><KCODE-STORE-KEY><KEYCODE-NO>60634366</KEYCODE-NO><STORE-NO>184</STORE-NO></KCODE-STORE-KEY><DATE>40118</DATE><DEPT-NO>904</DEPT-NO><QTY-SOLD>1</QTY-SOLD><SALE-PRICE>7.99</SALE-PRICE></Line><Line><KCODE-STORE-KEY><KEYCODE-NO>67654448</KEYCODE-NO><STORE-NO>184</STORE-NO></KCODE-STORE-KEY><DATE>40118</DATE><DEPT-NO>70</DEPT-NO><QTY-SOLD>1</QTY-SOLD><SALE-PRICE>23.00</SALE-PRICE></Line><Line><KCODE-STORE-KEY><KEYCODE-NO>67654448</KEYCODE-NO><STORE-NO>184</STORE-NO></KCODE-STORE-KEY><DATE>40118</DATE><DEPT-NO>70</DEPT-NO><QTY-SOLD>-1</QTY-SOLD><SALE-PRICE>-23.00</SALE-PRICE></Line><Line><KCODE-STORE-KEY><KEYCODE-NO>67654448</KEYCODE-NO><STORE-NO>184</STORE-NO></KCODE-STORE-KEY><DATE>40118</DATE><DEPT-NO>70</DEPT-NO><QTY-SOLD>1</QTY-SOLD><SALE-PRICE>19.01</SALE-PRICE></Line><Line><KCODE-STORE-KEY><KEYCODE-NO>69654459</KEYCODE-NO><STORE-NO>184</STORE-NO></KCODE-STORE-KEY><DATE>40118</DATE><DEPT-NO>60</DEPT-NO><QTY-SOLD>1</QTY-SOLD><SALE-PRICE>5.08</SALE-PRICE></Line><Line><KCODE-STORE-KEY><KEYCODE-NO>60664779</KEYCODE-NO><STORE-NO>184</STORE-NO></KCODE-STORE-KEY><DATE>40118</DATE><DEPT-NO>60</DEPT-NO><QTY-SOLD>1</QTY-SOLD><SALE-PRICE>5.08</SALE-PRICE></Line><Line><KCODE-STORE-KEY><KEYCODE-NO>63674002</KEYCODE-NO><STORE-NO>184</STORE-NO></KCODE-STORE-KEY><DATE>40118</DATE><DEPT-NO>310</DEPT-NO><QTY-SOLD>-1</QTY-SOLD><SALE-PRICE>-29.99</SALE-PRICE></Line><Line><KCODE-STORE-KEY><KEYCODE-NO>68604041</KEYCODE-NO><STORE-NO>184</STORE-NO></KCODE-STORE-KEY><DATE>40118</DATE><DEPT-NO>870</DEPT-NO><QTY-SOLD>-1</QTY-SOLD><SALE-PRICE>-19.99</SALE-PRICE></Line><Line><KCODE-STORE-KEY><KEYCODE-NO>67634503</KEYCODE-NO><STORE-NO>184</STORE-NO></KCODE-STORE-KEY><DATE>40118</DATE><DEPT-NO>970</DEPT-NO><QTY-SOLD>1</QTY-SOLD><SALE-PRICE>24.99</SALE-PRICE></Line><Line><KCODE-STORE-KEY><KEYCODE-NO>68644941</KEYCODE-NO><STORE-NO>184</STORE-NO></KCODE-STORE-KEY><DATE>40118</DATE><DEPT-NO>60</DEPT-NO><QTY-SOLD>-1</QTY-SOLD><SALE-PRICE>-10.39</SALE-PRICE></Line><Line><KCODE-STORE-KEY><KEYCODE-NO>68644941</KEYCODE-NO><STORE-NO>184</STORE-NO></KCODE-STORE-KEY><DATE>40118</DATE><DEPT-NO>60</DEPT-NO><QTY-SOLD>-1</QTY-SOLD><SALE-PRICE>-10.39</SALE-PRICE></Line><Line><KCODE-STORE-KEY><KEYCODE-NO>68644941</KEYCODE-NO><STORE-NO>184</STORE-NO></KCODE-STORE-KEY><DATE>40118</DATE><DEPT-NO>60</DEPT-NO><QTY-SOLD>-1</QTY-SOLD><SALE-PRICE>-10.39</SALE-PRICE></Line><Line><KCODE-STORE-KEY><KEYCODE-NO>68644941</KEYCODE-NO><STORE-NO>184</STORE-NO></KCODE-STORE-KEY><DATE>40118</DATE><DEPT-NO>60</DEPT-NO><QTY-SOLD>-1</QTY-SOLD><SALE-PRICE>-10.39</SALE-PRICE></Line><Line><KCODE-STORE-KEY><KEYCODE-NO>68644934</KEYCODE-NO><STORE-NO>184</STORE-NO></KCODE-STORE-KEY><DATE>40118</DATE><DEPT-NO>60</DEPT-NO><QTY-SOLD>1</QTY-SOLD><SALE-PRICE>10.39</SALE-PRICE></Line><Line><KCODE-STORE-KEY><KEYCODE-NO>62674884</KEYCODE-NO><STORE-NO>184</STORE-NO></KCODE-STORE-KEY><DATE>40118</DATE><DEPT-NO>350</DEPT-NO><QTY-SOLD>-1</QTY-SOLD><SALE-PRICE>-8.99</SALE-PRICE></Line><Line><KCODE-STORE-KEY><KEYCODE-NO>68654381</KEYCODE-NO><STORE-NO>184</STORE-NO></KCODE-STORE-KEY><DATE>40118</DATE><DEPT-NO>235</DEPT-NO><QTY-SOLD>1</QTY-SOLD><SALE-PRICE>14.95</SALE-PRICE></Line><Line><KCODE-STORE-KEY><KEYCODE-NO>64644433</KEYCODE-NO><STORE-NO>184</STORE-NO></KCODE-STORE-KEY><DATE>40118</DATE><DEPT-NO>801</DEPT-NO><QTY-SOLD>1</QTY-SOLD><SALE-PRICE>24.99</SALE-PRICE></Line><Line><KCODE-STORE-KEY><KEYCODE-NO>64604829</KEYCODE-NO><STORE-NO>184</STORE-NO></KCODE-STORE-KEY><DATE>40118</DATE><DEPT-NO>805</DEPT-NO><QTY-SOLD>-1</QTY-SOLD><SALE-PRICE>-29.99</SALE-PRICE></Line><Line><KCODE-STORE-KEY><KEYCODE-NO>62634996</KEYCODE-NO><STORE-NO>184</STORE-NO></KCODE-STORE-KEY><DATE>40118</DATE><DEPT-NO>650</DEPT-NO><QTY-SOLD>1</QTY-SOLD><SALE-PRICE>9.99</SALE-PRICE></Line><Line><KCODE-STORE-KEY><KEYCODE-NO>60624270</KEYCODE-NO><STORE-NO>184</STORE-NO></KCODE-STORE-KEY><DATE>40118</DATE><DEPT-NO>670</DEPT-NO><QTY-SOLD>1</QTY-SOLD><SALE-PRICE>0.95</SALE-PRICE></Line><Line><KCODE-STORE-KEY><KEYCODE-NO>63664932</KEYCODE-NO><STORE-NO>184</STORE-NO></KCODE-STORE-KEY><DATE>40118</DATE><DEPT-NO>929</DEPT-NO><QTY-SOLD>1</QTY-SOLD><SALE-PRICE>1.59</SALE-PRICE></Line><Line><KCODE-STORE-KEY><KEYCODE-NO>69684804</KEYCODE-NO><STORE-NO>184</STORE-NO></KCODE-STORE-KEY><DATE>40118</DATE><DEPT-NO>851</DEPT-NO><QTY-SOLD>1</QTY-SOLD><SALE-PRICE>9.99</SALE-PRICE></Line><Line><KCODE-STORE-KEY><KEYCODE-NO>68664363</KEYCODE-NO><STORE-NO>184</STORE-NO></KCODE-STORE-KEY><DATE>40118</DATE><DEPT-NO>415</DEPT-NO><QTY-SOLD>-1</QTY-SOLD><SALE-PRICE>-29.95</SALE-PRICE></Line><Line><KCODE-STORE-KEY><KEYCODE-NO>62694503</KEYCODE-NO><STORE-NO>184</STORE-NO></KCODE-STORE-KEY><DATE>40118</DATE><DEPT-NO>929</DEPT-NO><QTY-SOLD>1</QTY-SOLD><SALE-PRICE>2.99</SALE-PRICE></Line><Line><KCODE-STORE-KEY><KEYCODE-NO>62644205</KEYCODE-NO><STORE-NO>184</STORE-NO></KCODE-STORE-KEY><DATE>40118</DATE><DEPT-NO>590</DEPT-NO><QTY-SOLD>1</QTY-SOLD><SALE-PRICE>24.99</SALE-PRICE></Line><Line><KCODE-STORE-KEY><KEYCODE-NO>62604912</KEYCODE-NO><STORE-NO>184</STORE-NO></KCODE-STORE-KEY><DATE>40118</DATE><DEPT-NO>590</DEPT-NO><QTY-SOLD>1</QTY-SOLD><SALE-PRICE>24.89</SALE-PRICE></Line><Line><KCODE-STORE-KEY><KEYCODE-NO>64634802</KEYCODE-NO><STORE-NO>184</STORE-NO></KCODE-STORE-KEY><DATE>40118</DATE><DEPT-NO>904</DEPT-NO><QTY-SOLD>1</QTY-SOLD><SALE-PRICE>4.29</SALE-PRICE></Line><Line><KCODE-STORE-KEY><KEYCODE-NO>60664257</KEYCODE-NO><STORE-NO>184</STORE-NO></KCODE-STORE-KEY><DATE>40118</DATE><DEPT-NO>901</DEPT-NO><QTY-SOLD>1</QTY-SOLD><SALE-PRICE>2.12</SALE-PRICE></Line><Line><KCODE-STORE-KEY><KEYCODE-NO>62684043</KEYCODE-NO><STORE-NO>184</STORE-NO></KCODE-STORE-KEY><DATE>40118</DATE><DEPT-NO>878</DEPT-NO><QTY-SOLD>-1</QTY-SOLD><SALE-PRICE>-19.95</SALE-PRICE></Line><Line><KCODE-STORE-KEY><KEYCODE-NO>62684043</KEYCODE-NO><STORE-NO>184</STORE-NO></KCODE-STORE-KEY><DATE>40118</DATE><DEPT-NO>878</DEPT-NO><QTY-SOLD>1</QTY-SOLD><SALE-PRICE>19.95</SALE-PRICE></Line><Line><KCODE-STORE-KEY><KEYCODE-NO>64644860</KEYCODE-NO><STORE-NO>184</STORE-NO></KCODE-STORE-KEY><DATE>40118</DATE><DEPT-NO>805</DEPT-NO><QTY-SOLD>-1</QTY-SOLD><SALE-PRICE>-3.95</SALE-PRICE></Line><Line><KCODE-STORE-KEY><KEYCODE-NO>62644590</KEYCODE-NO><STORE-NO>184</STORE-NO></KCODE-STORE-KEY><DATE>40118</DATE><DEPT-NO>590</DEPT-NO><QTY-SOLD>-1</QTY-SOLD><SALE-PRICE>-22.99</SALE-PRICE></Line><Line><KCODE-STORE-KEY><KEYCODE-NO>64664587</KEYCODE-NO><STORE-NO>184</STORE-NO></KCODE-STORE-KEY><DATE>40118</DATE><DEPT-NO>432</DEPT-NO><QTY-SOLD>-1</QTY-SOLD><SALE-PRICE>-16.99</SALE-PRICE></Line><Line><KCODE-STORE-KEY><KEYCODE-NO>64604930</KEYCODE-NO><STORE-NO>184</STORE-NO></KCODE-STORE-KEY><DATE>40118</DATE><DEPT-NO>801</DEPT-NO><QTY-SOLD>-1</QTY-SOLD><SALE-PRICE>-35.95</SALE-PRICE></Line><Line><KCODE-STORE-KEY><KEYCODE-NO>60604880</KEYCODE-NO><STORE-NO>184</STORE-NO></KCODE-STORE-KEY><DATE>40118</DATE><DEPT-NO>250</DEPT-NO><QTY-SOLD>1</QTY-SOLD><SALE-PRICE>9.00</SALE-PRICE></Line><Line><KCODE-STORE-KEY><KEYCODE-NO>68674372</KEYCODE-NO><STORE-NO>184</STORE-NO></KCODE-STORE-KEY><DATE>40118</DATE><DEPT-NO>845</DEPT-NO><QTY-SOLD>1</QTY-SOLD><SALE-PRICE>2.00</SALE-PRICE></Line><Line><KCODE-STORE-KEY><KEYCODE-NO>63684755</KEYCODE-NO><STORE-NO>184</STORE-NO></KCODE-STORE-KEY><DATE>40118</DATE><DEPT-NO>845</DEPT-NO><QTY-SOLD>1</QTY-SOLD><SALE-PRICE>2.00</SALE-PRICE></Line><Line><KCODE-STORE-KEY><KEYCODE-NO>64684439</KEYCODE-NO><STORE-NO>184</STORE-NO></KCODE-STORE-KEY><DATE>40118</DATE><DEPT-NO>929</DEPT-NO><QTY-SOLD>1</QTY-SOLD><SALE-PRICE>9.99</SALE-PRICE></Line><Line><KCODE-STORE-KEY><KEYCODE-NO>67624120</KEYCODE-NO><STORE-NO>184</STORE-NO></KCODE-STORE-KEY><DATE>40118</DATE><DEPT-NO>940</DEPT-NO><QTY-SOLD>1</QTY-SOLD><SALE-PRICE>0.98</SALE-PRICE></Line><Line><KCODE-STORE-KEY><KEYCODE-NO>67624120</KEYCODE-NO><STORE-NO>184</STORE-NO></KCODE-STORE-KEY><DATE>40118</DATE><DEPT-NO>940</DEPT-NO><QTY-SOLD>-1</QTY-SOLD><SALE-PRICE>-0.98</SALE-PRICE></Line><Line><KCODE-STORE-KEY><KEYCODE-NO>67624120</KEYCODE-NO><STORE-NO>184</STORE-NO></KCODE-STORE-KEY><DATE>40118</DATE><DEPT-NO>940</DEPT-NO><QTY-SOLD>1</QTY-SOLD><SALE-PRICE>0.49</SALE-PRICE></Line><Line><KCODE-STORE-KEY><KEYCODE-NO>67624120</KEYCODE-NO><STORE-NO>184</STORE-NO></KCODE-STORE-KEY><DATE>40118</DATE><DEPT-NO>940</DEPT-NO><QTY-SOLD>1</QTY-SOLD><SALE-PRICE>0.98</SALE-PRICE></Line><Line><KCODE-STORE-KEY><KEYCODE-NO>67624120</KEYCODE-NO><STORE-NO>184</STORE-NO></KCODE-STORE-KEY><DATE>40118</DATE><DEPT-NO>940</DEPT-NO><QTY-SOLD>-1</QTY-SOLD><SALE-PRICE>-0.98</SALE-PRICE></Line><Line><KCODE-STORE-KEY><KEYCODE-NO>67624120</KEYCODE-NO><STORE-NO>184</STORE-NO></KCODE-STORE-KEY><DATE>40118</DATE><DEPT-NO>940</DEPT-NO><QTY-SOLD>1</QTY-SOLD><SALE-PRICE>0.49</SALE-PRICE></Line><Line><KCODE-STORE-KEY><KEYCODE-NO>66614192</KEYCODE-NO><STORE-NO>184</STORE-NO></KCODE-STORE-KEY><DATE>40118</DATE><DEPT-NO>940</DEPT-NO><QTY-SOLD>1</QTY-SOLD><SALE-PRICE>1.23</SALE-PRICE></Line><Line><KCODE-STORE-KEY><KEYCODE-NO>66614192</KEYCODE-NO><STORE-NO>184</STORE-NO></KCODE-STORE-KEY><DATE>40118</DATE><DEPT-NO>940</DEPT-NO><QTY-SOLD>-1</QTY-SOLD><SALE-PRICE>-1.23</SALE-PRICE></Line><Line><KCODE-STORE-KEY><KEYCODE-NO>66614192</KEYCODE-NO><STORE-NO>184</STORE-NO></KCODE-STORE-KEY><DATE>40118</DATE><DEPT-NO>940</DEPT-NO><QTY-SOLD>1</QTY-SOLD><SALE-PRICE>0.69</SALE-PRICE></Line><Line><KCODE-STORE-KEY><KEYCODE-NO>66614192</KEYCODE-NO><STORE-NO>184</STORE-NO></KCODE-STORE-KEY><DATE>40118</DATE><DEPT-NO>940</DEPT-NO><QTY-SOLD>1</QTY-SOLD><SALE-PRICE>1.23</SALE-PRICE></Line><Line><KCODE-STORE-KEY><KEYCODE-NO>66614192</KEYCODE-NO><STORE-NO>184</STORE-NO></KCODE-STORE-KEY><DATE>40118</DATE><DEPT-NO>940</DEPT-NO><QTY-SOLD>-1</QTY-SOLD><SALE-PRICE>-1.23</SALE-PRICE></Line><Line><KCODE-STORE-KEY><KEYCODE-NO>66614192</KEYCODE-NO><STORE-NO>184</STORE-NO></KCODE-STORE-KEY><DATE>40118</DATE><DEPT-NO>940</DEPT-NO><QTY-SOLD>1</QTY-SOLD><SALE-PRICE>0.69</SALE-PRICE></Line><Line><KCODE-STORE-KEY><KEYCODE-NO>67624473</KEYCODE-NO><STORE-NO>184</STORE-NO></KCODE-STORE-KEY><DATE>40118</DATE><DEPT-NO>940</DEPT-NO><QTY-SOLD>1</QTY-SOLD><SALE-PRICE>0.50</SALE-PRICE></Line><Line><KCODE-STORE-KEY><KEYCODE-NO>67624473</KEYCODE-NO><STORE-NO>184</STORE-NO></KCODE-STORE-KEY><DATE>40118</DATE><DEPT-NO>940</DEPT-NO><QTY-SOLD>-1</QTY-SOLD><SALE-PRICE>-0.50</SALE-PRICE></Line><Line><KCODE-STORE-KEY><KEYCODE-NO>67624473</KEYCODE-NO><STORE-NO>184</STORE-NO></KCODE-STORE-KEY><DATE>40118</DATE><DEPT-NO>940</DEPT-NO><QTY-SOLD>1</QTY-SOLD><SALE-PRICE>0.19</SALE-PRICE></Line><Line><KCODE-STORE-KEY><KEYCODE-NO>67614923</KEYCODE-NO><STORE-NO>184</STORE-NO></KCODE-STORE-KEY><DATE>40118</DATE><DEPT-NO>875</DEPT-NO><QTY-SOLD>-1</QTY-SOLD><SALE-PRICE>-19.95</SALE-PRICE></Line><Line><KCODE-STORE-KEY><KEYCODE-NO>63604715</KEYCODE-NO><STORE-NO>184</STORE-NO></KCODE-STORE-KEY><DATE>40118</DATE><DEPT-NO>432</DEPT-NO><QTY-SOLD>-1</QTY-SOLD><SALE-PRICE>-6.99</SALE-PRICE></Line><Line><KCODE-STORE-KEY><KEYCODE-NO>63604715</KEYCODE-NO><STORE-NO>184</STORE-NO></KCODE-STORE-KEY><DATE>40118</DATE><DEPT-NO>432</DEPT-NO><QTY-SOLD>-1</QTY-SOLD><SALE-PRICE>-6.99</SALE-PRICE></Line><Line><KCODE-STORE-KEY><KEYCODE-NO>63604715</KEYCODE-NO><STORE-NO>184</STORE-NO></KCODE-STORE-KEY><DATE>40118</DATE><DEPT-NO>432</DEPT-NO><QTY-SOLD>-1</QTY-SOLD><SALE-PRICE>-6.99</SALE-PRICE></Line><Line><KCODE-STORE-KEY><KEYCODE-NO>62684102</KEYCODE-NO><STORE-NO>184</STORE-NO></KCODE-STORE-KEY><DATE>40118</DATE><DEPT-NO>310</DEPT-NO><QTY-SOLD>1</QTY-SOLD><SALE-PRICE>14.00</SALE-PRICE></Line><Line><KCODE-STORE-KEY><KEYCODE-NO>63654091</KEYCODE-NO><STORE-NO>184</STORE-NO></KCODE-STORE-KEY><DATE>40118</DATE><DEPT-NO>805</DEPT-NO><QTY-SOLD>1</QTY-SOLD><SALE-PRICE>4.95</SALE-PRICE></Line><Line><KCODE-STORE-KEY><KEYCODE-NO>68694729</KEYCODE-NO><STORE-NO>184</STORE-NO></KCODE-STORE-KEY><DATE>40118</DATE><DEPT-NO>855</DEPT-NO><QTY-SOLD>-1</QTY-SOLD><SALE-PRICE>-16.99</SALE-PRICE></Line><Line><KCODE-STORE-KEY><KEYCODE-NO>60684563</KEYCODE-NO><STORE-NO>184</STORE-NO></KCODE-STORE-KEY><DATE>40118</DATE><DEPT-NO>220</DEPT-NO><QTY-SOLD>1</QTY-SOLD><SALE-PRICE>9.59</SALE-PRICE></Line><Line><KCODE-STORE-KEY><KEYCODE-NO>68664957</KEYCODE-NO><STORE-NO>184</STORE-NO></KCODE-STORE-KEY><DATE>40118</DATE><DEPT-NO>80</DEPT-NO><QTY-SOLD>1</QTY-SOLD><SALE-PRICE>13.99</SALE-PRICE></Line><Line><KCODE-STORE-KEY><KEYCODE-NO>67604116</KEYCODE-NO><STORE-NO>184</STORE-NO></KCODE-STORE-KEY><DATE>40118</DATE><DEPT-NO>801</DEPT-NO><QTY-SOLD>1</QTY-SOLD><SALE-PRICE>21.00</SALE-PRICE></Line><Line><KCODE-STORE-KEY><KEYCODE-NO>64664047</KEYCODE-NO><STORE-NO>184</STORE-NO></KCODE-STORE-KEY><DATE>40118</DATE><DEPT-NO>801</DEPT-NO><QTY-SOLD>1</QTY-SOLD><SALE-PRICE>22.99</SALE-PRICE></Line><Line><KCODE-STORE-KEY><KEYCODE-NO>67634497</KEYCODE-NO><STORE-NO>184</STORE-NO></KCODE-STORE-KEY><DATE>40118</DATE><DEPT-NO>970</DEPT-NO><QTY-SOLD>1</QTY-SOLD><SALE-PRICE>24.99</SALE-PRICE></Line><Line><KCODE-STORE-KEY><KEYCODE-NO>64664270</KEYCODE-NO><STORE-NO>184</STORE-NO></KCODE-STORE-KEY><DATE>40118</DATE><DEPT-NO>929</DEPT-NO><QTY-SOLD>1</QTY-SOLD><SALE-PRICE>3.19</SALE-PRICE></Line><Line><KCODE-STORE-KEY><KEYCODE-NO>60634150</KEYCODE-NO><STORE-NO>184</STORE-NO></KCODE-STORE-KEY><DATE>40118</DATE><DEPT-NO>160</DEPT-NO><QTY-SOLD>-1</QTY-SOLD><SALE-PRICE>-14.99</SALE-PRICE></Line><Line><KCODE-STORE-KEY><KEYCODE-NO>68684135</KEYCODE-NO><STORE-NO>184</STORE-NO></KCODE-STORE-KEY><DATE>40118</DATE><DEPT-NO>878</DEPT-NO><QTY-SOLD>-1</QTY-SOLD><SALE-PRICE>-249.00</SALE-PRICE></Line><Line><KCODE-STORE-KEY><KEYCODE-NO>68684135</KEYCODE-NO><STORE-NO>184</STORE-NO></KCODE-STORE-KEY><DATE>40118</DATE><DEPT-NO>878</DEPT-NO><QTY-SOLD>1</QTY-SOLD><SALE-PRICE>269.00</SALE-PRICE></Line><Line><KCODE-STORE-KEY><KEYCODE-NO>68684135</KEYCODE-NO><STORE-NO>184</STORE-NO></KCODE-STORE-KEY><DATE>40118</DATE><DEPT-NO>878</DEPT-NO><QTY-SOLD>-1</QTY-SOLD><SALE-PRICE>-269.00</SALE-PRICE></Line><Line><KCODE-STORE-KEY><KEYCODE-NO>68684135</KEYCODE-NO><STORE-NO>184</STORE-NO></KCODE-STORE-KEY><DATE>40118</DATE><DEPT-NO>878</DEPT-NO><QTY-SOLD>1</QTY-SOLD><SALE-PRICE>249.00</SALE-PRICE></Line><Line><KCODE-STORE-KEY><KEYCODE-NO>69624909</KEYCODE-NO><STORE-NO>184</STORE-NO></KCODE-STORE-KEY><DATE>40118</DATE><DEPT-NO>235</DEPT-NO><QTY-SOLD>-1</QTY-SOLD><SALE-PRICE>-26.21</SALE-PRICE></Line><Line><KCODE-STORE-KEY><KEYCODE-NO>62634962</KEYCODE-NO><STORE-NO>184</STORE-NO></KCODE-STORE-KEY><DATE>40118</DATE><DEPT-NO>530</DEPT-NO><QTY-SOLD>-1</QTY-SOLD><SALE-PRICE>-6.89</SALE-PRICE></Line><Line><KCODE-STORE-KEY><KEYCODE-NO>67614726</KEYCODE-NO><STORE-NO>184</STORE-NO></KCODE-STORE-KEY><DATE>40118</DATE><DEPT-NO>160</DEPT-NO><QTY-SOLD>-1</QTY-SOLD><SALE-PRICE>-9.95</SALE-PRICE></Line><Line><KCODE-STORE-KEY><KEYCODE-NO>68654094</KEYCODE-NO><STORE-NO>184</STORE-NO></KCODE-STORE-KEY><DATE>40118</DATE><DEPT-NO>170</DEPT-NO><QTY-SOLD>-1</QTY-SOLD><SALE-PRICE>-4.50</SALE-PRICE></Line><Line><KCODE-STORE-KEY><KEYCODE-NO>60674335</KEYCODE-NO><STORE-NO>184</STORE-NO></KCODE-STORE-KEY><DATE>40118</DATE><DEPT-NO>485</DEPT-NO><QTY-SOLD>1</QTY-SOLD><SALE-PRICE>19.95</SALE-PRICE></Line><Line><KCODE-STORE-KEY><KEYCODE-NO>60674335</KEYCODE-NO><STORE-NO>184</STORE-NO></KCODE-STORE-KEY><DATE>40118</DATE><DEPT-NO>485</DEPT-NO><QTY-SOLD>-1</QTY-SOLD><SALE-PRICE>-19.95</SALE-PRICE></Line><Line><KCODE-STORE-KEY><KEYCODE-NO>60674335</KEYCODE-NO><STORE-NO>184</STORE-NO></KCODE-STORE-KEY><DATE>40118</DATE><DEPT-NO>485</DEPT-NO><QTY-SOLD>1</QTY-SOLD><SALE-PRICE>12.99</SALE-PRICE></Line><Line><KCODE-STORE-KEY><KEYCODE-NO>60644305</KEYCODE-NO><STORE-NO>184</STORE-NO></KCODE-STORE-KEY><DATE>40118</DATE><DEPT-NO>929</DEPT-NO><QTY-SOLD>1</QTY-SOLD><SALE-PRICE>0.89</SALE-PRICE></Line><Line><KCODE-STORE-KEY><KEYCODE-NO>64604604</KEYCODE-NO><STORE-NO>184</STORE-NO></KCODE-STORE-KEY><DATE>40118</DATE><DEPT-NO>366</DEPT-NO><QTY-SOLD>1</QTY-SOLD><SALE-PRICE>6.99</SALE-PRICE></Line><Line><KCODE-STORE-KEY><KEYCODE-NO>63694367</KEYCODE-NO><STORE-NO>184</STORE-NO></KCODE-STORE-KEY><DATE>40118</DATE><DEPT-NO>290</DEPT-NO><QTY-SOLD>1</QTY-SOLD><SALE-PRICE>19.00</SALE-PRICE></Line><Line><KCODE-STORE-KEY><KEYCODE-NO>62644079</KEYCODE-NO><STORE-NO>184</STORE-NO></KCODE-STORE-KEY><DATE>40118</DATE><DEPT-NO>650</DEPT-NO><QTY-SOLD>1</QTY-SOLD><SALE-PRICE>9.99</SALE-PRICE></Line><Line><KCODE-STORE-KEY><KEYCODE-NO>67674119</KEYCODE-NO><STORE-NO>184</STORE-NO></KCODE-STORE-KEY><DATE>40118</DATE><DEPT-NO>929</DEPT-NO><QTY-SOLD>1</QTY-SOLD><SALE-PRICE>1.89</SALE-PRICE></Line><Line><KCODE-STORE-KEY><KEYCODE-NO>69614627</KEYCODE-NO><STORE-NO>184</STORE-NO></KCODE-STORE-KEY><DATE>40118</DATE><DEPT-NO>265</DEPT-NO><QTY-SOLD>1</QTY-SOLD><SALE-PRICE>19.00</SALE-PRICE></Line><Line><KCODE-STORE-KEY><KEYCODE-NO>69614740</KEYCODE-NO><STORE-NO>184</STORE-NO></KCODE-STORE-KEY><DATE>40118</DATE><DEPT-NO>265</DEPT-NO><QTY-SOLD>1</QTY-SOLD><SALE-PRICE>19.00</SALE-PRICE></Line><Line><KCODE-STORE-KEY><KEYCODE-NO>60614135</KEYCODE-NO><STORE-NO>184</STORE-NO></KCODE-STORE-KEY><DATE>40118</DATE><DEPT-NO>230</DEPT-NO><QTY-SOLD>-1</QTY-SOLD><SALE-PRICE>-14.25</SALE-PRICE></Line><Line><KCODE-STORE-KEY><KEYCODE-NO>69674452</KEYCODE-NO><STORE-NO>184</STORE-NO></KCODE-STORE-KEY><DATE>40118</DATE><DEPT-NO>970</DEPT-NO><QTY-SOLD>1</QTY-SOLD><SALE-PRICE>19.99</SALE-PRICE></Line><Line><KCODE-STORE-KEY><KEYCODE-NO>62694272</KEYCODE-NO><STORE-NO>184</STORE-NO></KCODE-STORE-KEY><DATE>40118</DATE><DEPT-NO>957</DEPT-NO><QTY-SOLD>1</QTY-SOLD><SALE-PRICE>2.49</SALE-PRICE></Line><Line><KCODE-STORE-KEY><KEYCODE-NO>69614274</KEYCODE-NO><STORE-NO>184</STORE-NO></KCODE-STORE-KEY><DATE>40118</DATE><DEPT-NO>902</DEPT-NO><QTY-SOLD>1</QTY-SOLD><SALE-PRICE>9.95</SALE-PRICE></Line><Line><KCODE-STORE-KEY><KEYCODE-NO>60634379</KEYCODE-NO><STORE-NO>184</STORE-NO></KCODE-STORE-KEY><DATE>40118</DATE><DEPT-NO>290</DEPT-NO><QTY-SOLD>1</QTY-SOLD><SALE-PRICE>25.00</SALE-PRICE></Line><Line><KCODE-STORE-KEY><KEYCODE-NO>60674904</KEYCODE-NO><STORE-NO>184</STORE-NO></KCODE-STORE-KEY><DATE>40118</DATE><DEPT-NO>261</DEPT-NO><QTY-SOLD>1</QTY-SOLD><SALE-PRICE>19.00</SALE-PRICE></Line><Line><KCODE-STORE-KEY><KEYCODE-NO>66614582</KEYCODE-NO><STORE-NO>184</STORE-NO></KCODE-STORE-KEY><DATE>40118</DATE><DEPT-NO>670</DEPT-NO><QTY-SOLD>-1</QTY-SOLD><SALE-PRICE>-15.99</SALE-PRICE></Line><Line><KCODE-STORE-KEY><KEYCODE-NO>64654096</KEYCODE-NO><STORE-NO>184</STORE-NO></KCODE-STORE-KEY><DATE>40118</DATE><DEPT-NO>805</DEPT-NO><QTY-SOLD>1</QTY-SOLD><SALE-PRICE>4.95</SALE-PRICE></Line><Line><KCODE-STORE-KEY><KEYCODE-NO>62634605</KEYCODE-NO><STORE-NO>184</STORE-NO></KCODE-STORE-KEY><DATE>40118</DATE><DEPT-NO>405</DEPT-NO><QTY-SOLD>1</QTY-SOLD><SALE-PRICE>29.99</SALE-PRICE></Line><Line><KCODE-STORE-KEY><KEYCODE-NO>69694354</KEYCODE-NO><STORE-NO>184</STORE-NO></KCODE-STORE-KEY><DATE>40118</DATE><DEPT-NO>929</DEPT-NO><QTY-SOLD>1</QTY-SOLD><SALE-PRICE>2.99</SALE-PRICE></Line><Line><KCODE-STORE-KEY><KEYCODE-NO>69634699</KEYCODE-NO><STORE-NO>184</STORE-NO></KCODE-STORE-KEY><DATE>40118</DATE><DEPT-NO>80</DEPT-NO><QTY-SOLD>1</QTY-SOLD><SALE-PRICE>20.99</SALE-PRICE></Line><Line><KCODE-STORE-KEY><KEYCODE-NO>69634712</KEYCODE-NO><STORE-NO>184</STORE-NO></KCODE-STORE-KEY><DATE>40118</DATE><DEPT-NO>80</DEPT-NO><QTY-SOLD>1</QTY-SOLD><SALE-PRICE>20.99</SALE-PRICE></Line><Line><KCODE-STORE-KEY><KEYCODE-NO>69664171</KEYCODE-NO><STORE-NO>184</STORE-NO></KCODE-STORE-KEY><DATE>40118</DATE><DEPT-NO>250</DEPT-NO><QTY-SOLD>-1</QTY-SOLD><SALE-PRICE>-27.95</SALE-PRICE></Line><Line><KCODE-STORE-KEY><KEYCODE-NO>69694479</KEYCODE-NO><STORE-NO>184</STORE-NO></KCODE-STORE-KEY><DATE>40118</DATE><DEPT-NO>280</DEPT-NO><QTY-SOLD>1</QTY-SOLD><SALE-PRICE>14.99</SALE-PRICE></Line><Line><KCODE-STORE-KEY><KEYCODE-NO>63634656</KEYCODE-NO><STORE-NO>184</STORE-NO></KCODE-STORE-KEY><DATE>40118</DATE><DEPT-NO>929</DEPT-NO><QTY-SOLD>-1</QTY-SOLD><SALE-PRICE>-5.50</SALE-PRICE></Line><Line><KCODE-STORE-KEY><KEYCODE-NO>69664149</KEYCODE-NO><STORE-NO>184</STORE-NO></KCODE-STORE-KEY><DATE>40118</DATE><DEPT-NO>903</DEPT-NO><QTY-SOLD>-1</QTY-SOLD><SALE-PRICE>-5.99</SALE-PRICE></Line><Line><KCODE-STORE-KEY><KEYCODE-NO>69664163</KEYCODE-NO><STORE-NO>184</STORE-NO></KCODE-STORE-KEY><DATE>40118</DATE><DEPT-NO>903</DEPT-NO><QTY-SOLD>-1</QTY-SOLD><SALE-PRICE>-1.39</SALE-PRICE></Line><Line><KCODE-STORE-KEY><KEYCODE-NO>67674341</KEYCODE-NO><STORE-NO>184</STORE-NO></KCODE-STORE-KEY><DATE>40118</DATE><DEPT-NO>901</DEPT-NO><QTY-SOLD>-1</QTY-SOLD><SALE-PRICE>-19.95</SALE-PRICE></Line><Line><KCODE-STORE-KEY><KEYCODE-NO>69644053</KEYCODE-NO><STORE-NO>184</STORE-NO></KCODE-STORE-KEY><DATE>40118</DATE><DEPT-NO>230</DEPT-NO><QTY-SOLD>1</QTY-SOLD><SALE-PRICE>18.74</SALE-PRICE></Line><Line><KCODE-STORE-KEY><KEYCODE-NO>63674184</KEYCODE-NO><STORE-NO>184</STORE-NO></KCODE-STORE-KEY><DATE>40118</DATE><DEPT-NO>957</DEPT-NO><QTY-SOLD>1</QTY-SOLD><SALE-PRICE>164.00</SALE-PRICE></Line><Line><KCODE-STORE-KEY><KEYCODE-NO>62604338</KEYCODE-NO><STORE-NO>184</STORE-NO></KCODE-STORE-KEY><DATE>40118</DATE><DEPT-NO>870</DEPT-NO><QTY-SOLD>1</QTY-SOLD><SALE-PRICE>69.99</SALE-PRICE></Line><Line><KCODE-STORE-KEY><KEYCODE-NO>62644344</KEYCODE-NO><STORE-NO>184</STORE-NO></KCODE-STORE-KEY><DATE>40118</DATE><DEPT-NO>432</DEPT-NO><QTY-SOLD>1</QTY-SOLD><SALE-PRICE>10.99</SALE-PRICE></Line><Line><KCODE-STORE-KEY><KEYCODE-NO>66644706</KEYCODE-NO><STORE-NO>184</STORE-NO></KCODE-STORE-KEY><DATE>40118</DATE><DEPT-NO>432</DEPT-NO><QTY-SOLD>1</QTY-SOLD><SALE-PRICE>10.99</SALE-PRICE></Line><Line><KCODE-STORE-KEY><KEYCODE-NO>62644528</KEYCODE-NO><STORE-NO>184</STORE-NO></KCODE-STORE-KEY><DATE>40118</DATE><DEPT-NO>432</DEPT-NO><QTY-SOLD>1</QTY-SOLD><SALE-PRICE>10.99</SALE-PRICE></Line><Line><KCODE-STORE-KEY><KEYCODE-NO>62644764</KEYCODE-NO><STORE-NO>184</STORE-NO></KCODE-STORE-KEY><DATE>40118</DATE><DEPT-NO>432</DEPT-NO><QTY-SOLD>1</QTY-SOLD><SALE-PRICE>10.99</SALE-PRICE></Line><Line><KCODE-STORE-KEY><KEYCODE-NO>62664135</KEYCODE-NO><STORE-NO>184</STORE-NO></KCODE-STORE-KEY><DATE>40118</DATE><DEPT-NO>405</DEPT-NO><QTY-SOLD>1</QTY-SOLD><SALE-PRICE>11.00</SALE-PRICE></Line><Line><KCODE-STORE-KEY><KEYCODE-NO>62664244</KEYCODE-NO><STORE-NO>184</STORE-NO></KCODE-STORE-KEY><DATE>40118</DATE><DEPT-NO>405</DEPT-NO><QTY-SOLD>1</QTY-SOLD><SALE-PRICE>11.00</SALE-PRICE></Line><Line><KCODE-STORE-KEY><KEYCODE-NO>62664197</KEYCODE-NO><STORE-NO>184</STORE-NO></KCODE-STORE-KEY><DATE>40118</DATE><DEPT-NO>405</DEPT-NO><QTY-SOLD>1</QTY-SOLD><SALE-PRICE>11.00</SALE-PRICE></Line><Line><KCODE-STORE-KEY><KEYCODE-NO>62654875</KEYCODE-NO><STORE-NO>184</STORE-NO></KCODE-STORE-KEY><DATE>40118</DATE><DEPT-NO>471</DEPT-NO><QTY-SOLD>1</QTY-SOLD><SALE-PRICE>39.99</SALE-PRICE></Line><Line><KCODE-STORE-KEY><KEYCODE-NO>64614653</KEYCODE-NO><STORE-NO>184</STORE-NO></KCODE-STORE-KEY><DATE>40118</DATE><DEPT-NO>265</DEPT-NO><QTY-SOLD>1</QTY-SOLD><SALE-PRICE>34.99</SALE-PRICE></Line><Line><KCODE-STORE-KEY><KEYCODE-NO>64614653</KEYCODE-NO><STORE-NO>184</STORE-NO></KCODE-STORE-KEY><DATE>40118</DATE><DEPT-NO>265</DEPT-NO><QTY-SOLD>1</QTY-SOLD><SALE-PRICE>34.99</SALE-PRICE></Line><Line><KCODE-STORE-KEY><KEYCODE-NO>61694023</KEYCODE-NO><STORE-NO>184</STORE-NO></KCODE-STORE-KEY><DATE>40118</DATE><DEPT-NO>650</DEPT-NO><QTY-SOLD>1</QTY-SOLD><SALE-PRICE>14.99</SALE-PRICE></Line><Line><KCODE-STORE-KEY><KEYCODE-NO>61694023</KEYCODE-NO><STORE-NO>184</STORE-NO></KCODE-STORE-KEY><DATE>40118</DATE><DEPT-NO>650</DEPT-NO><QTY-SOLD>1</QTY-SOLD><SALE-PRICE>14.99</SALE-PRICE></Line><Line><KCODE-STORE-KEY><KEYCODE-NO>60694909</KEYCODE-NO><STORE-NO>184</STORE-NO></KCODE-STORE-KEY><DATE>40118</DATE><DEPT-NO>998</DEPT-NO><QTY-SOLD>1</QTY-SOLD><SALE-PRICE>2.00</SALE-PRICE></Line><Line><KCODE-STORE-KEY><KEYCODE-NO>68614241</KEYCODE-NO><STORE-NO>184</STORE-NO></KCODE-STORE-KEY><DATE>40118</DATE><DEPT-NO>70</DEPT-NO><QTY-SOLD>1</QTY-SOLD><SALE-PRICE>12.99</SALE-PRICE></Line><Line><KCODE-STORE-KEY><KEYCODE-NO>69654638</KEYCODE-NO><STORE-NO>184</STORE-NO></KCODE-STORE-KEY><DATE>40118</DATE><DEPT-NO>60</DEPT-NO><QTY-SOLD>1</QTY-SOLD><SALE-PRICE>6.00</SALE-PRICE></Line><Line><KCODE-STORE-KEY><KEYCODE-NO>67634923</KEYCODE-NO><STORE-NO>184</STORE-NO></KCODE-STORE-KEY><DATE>40118</DATE><DEPT-NO>60</DEPT-NO><QTY-SOLD>1</QTY-SOLD><SALE-PRICE>17.59</SALE-PRICE></Line><Line><KCODE-STORE-KEY><KEYCODE-NO>64614285</KEYCODE-NO><STORE-NO>184</STORE-NO></KCODE-STORE-KEY><DATE>40118</DATE><DEPT-NO>70</DEPT-NO><QTY-SOLD>1</QTY-SOLD><SALE-PRICE>22.99</SALE-PRICE></Line><Line><KCODE-STORE-KEY><KEYCODE-NO>69644389</KEYCODE-NO><STORE-NO>184</STORE-NO></KCODE-STORE-KEY><DATE>40118</DATE><DEPT-NO>193</DEPT-NO><QTY-SOLD>1</QTY-SOLD><SALE-PRICE>17.59</SALE-PRICE></Line><Line><KCODE-STORE-KEY><KEYCODE-NO>68614787</KEYCODE-NO><STORE-NO>184</STORE-NO></KCODE-STORE-KEY><DATE>40118</DATE><DEPT-NO>70</DEPT-NO><QTY-SOLD>1</QTY-SOLD><SALE-PRICE>27.99</SALE-PRICE></Line><Line><KCODE-STORE-KEY><KEYCODE-NO>69644337</KEYCODE-NO><STORE-NO>184</STORE-NO></KCODE-STORE-KEY><DATE>40118</DATE><DEPT-NO>70</DEPT-NO><QTY-SOLD>1</QTY-SOLD><SALE-PRICE>29.99</SALE-PRICE></Line><Line><KCODE-STORE-KEY><KEYCODE-NO>68634061</KEYCODE-NO><STORE-NO>184</STORE-NO></KCODE-STORE-KEY><DATE>40118</DATE><DEPT-NO>70</DEPT-NO><QTY-SOLD>1</QTY-SOLD><SALE-PRICE>27.99</SALE-PRICE></Line><Line><KCODE-STORE-KEY><KEYCODE-NO>69644184</KEYCODE-NO><STORE-NO>184</STORE-NO></KCODE-STORE-KEY><DATE>40118</DATE><DEPT-NO>193</DEPT-NO><QTY-SOLD>1</QTY-SOLD><SALE-PRICE>15.99</SALE-PRICE></Line><Line><KCODE-STORE-KEY><KEYCODE-NO>63624756</KEYCODE-NO><STORE-NO>184</STORE-NO></KCODE-STORE-KEY><DATE>40118</DATE><DEPT-NO>801</DEPT-NO><QTY-SOLD>1</QTY-SOLD><SALE-PRICE>21.00</SALE-PRICE></Line><Line><KCODE-STORE-KEY><KEYCODE-NO>67604116</KEYCODE-NO><STORE-NO>184</STORE-NO></KCODE-STORE-KEY><DATE>40118</DATE><DEPT-NO>801</DEPT-NO><QTY-SOLD>1</QTY-SOLD><SALE-PRICE>21.00</SALE-PRICE></Line><Line><KCODE-STORE-KEY><KEYCODE-NO>68654451</KEYCODE-NO><STORE-NO>184</STORE-NO></KCODE-STORE-KEY><DATE>40118</DATE><DEPT-NO>193</DEPT-NO><QTY-SOLD>1</QTY-SOLD><SALE-PRICE>27.99</SALE-PRICE></Line><Line><KCODE-STORE-KEY><KEYCODE-NO>62614172</KEYCODE-NO><STORE-NO>184</STORE-NO></KCODE-STORE-KEY><DATE>40118</DATE><DEPT-NO>193</DEPT-NO><QTY-SOLD>1</QTY-SOLD><SALE-PRICE>19.19</SALE-PRICE></Line><Line><KCODE-STORE-KEY><KEYCODE-NO>61614174</KEYCODE-NO><STORE-NO>184</STORE-NO></KCODE-STORE-KEY><DATE>40118</DATE><DEPT-NO>620</DEPT-NO><QTY-SOLD>1</QTY-SOLD><SALE-PRICE>49.99</SALE-PRICE></Line><Line><KCODE-STORE-KEY><KEYCODE-NO>61614174</KEYCODE-NO><STORE-NO>184</STORE-NO></KCODE-STORE-KEY><DATE>40118</DATE><DEPT-NO>620</DEPT-NO><QTY-SOLD>1</QTY-SOLD><SALE-PRICE>29.99</SALE-PRICE></Line><Line><KCODE-STORE-KEY><KEYCODE-NO>62644445</KEYCODE-NO><STORE-NO>184</STORE-NO></KCODE-STORE-KEY><DATE>40118</DATE><DEPT-NO>801</DEPT-NO><QTY-SOLD>1</QTY-SOLD><SALE-PRICE>69.95</SALE-PRICE></Line><Line><KCODE-STORE-KEY><KEYCODE-NO>62634323</KEYCODE-NO><STORE-NO>184</STORE-NO></KCODE-STORE-KEY><DATE>40118</DATE><DEPT-NO>905</DEPT-NO><QTY-SOLD>1</QTY-SOLD><SALE-PRICE>149.00</SALE-PRICE></Line><Line><KCODE-STORE-KEY><KEYCODE-NO>66674079</KEYCODE-NO><STORE-NO>184</STORE-NO></KCODE-STORE-KEY><DATE>40118</DATE><DEPT-NO>901</DEPT-NO><QTY-SOLD>1</QTY-SOLD><SALE-PRICE>3.95</SALE-PRICE></Line><Line><KCODE-STORE-KEY><KEYCODE-NO>66674130</KEYCODE-NO><STORE-NO>184</STORE-NO></KCODE-STORE-KEY><DATE>40118</DATE><DEPT-NO>901</DEPT-NO><QTY-SOLD>1</QTY-SOLD><SALE-PRICE>3.95</SALE-PRICE></Line><Line><KCODE-STORE-KEY><KEYCODE-NO>61604095</KEYCODE-NO><STORE-NO>184</STORE-NO></KCODE-STORE-KEY><DATE>40118</DATE><DEPT-NO>902</DEPT-NO><QTY-SOLD>1</QTY-SOLD><SALE-PRICE>12.50</SALE-PRICE></Line><Line><KCODE-STORE-KEY><KEYCODE-NO>66664028</KEYCODE-NO><STORE-NO>184</STORE-NO></KCODE-STORE-KEY><DATE>40118</DATE><DEPT-NO>902</DEPT-NO><QTY-SOLD>1</QTY-SOLD><SALE-PRICE>14.95</SALE-PRICE></Line><Line><KCODE-STORE-KEY><KEYCODE-NO>68654621</KEYCODE-NO><STORE-NO>184</STORE-NO></KCODE-STORE-KEY><DATE>40118</DATE><DEPT-NO>902</DEPT-NO><QTY-SOLD>1</QTY-SOLD><SALE-PRICE>12.95</SALE-PRICE></Line><Line><KCODE-STORE-KEY><KEYCODE-NO>63694264</KEYCODE-NO><STORE-NO>184</STORE-NO></KCODE-STORE-KEY><DATE>40118</DATE><DEPT-NO>830</DEPT-NO><QTY-SOLD>1</QTY-SOLD><SALE-PRICE>19.95</SALE-PRICE></Line><Line><KCODE-STORE-KEY><KEYCODE-NO>63604361</KEYCODE-NO><STORE-NO>184</STORE-NO></KCODE-STORE-KEY><DATE>40118</DATE><DEPT-NO>901</DEPT-NO><QTY-SOLD>1</QTY-SOLD><SALE-PRICE>3.99</SALE-PRICE></Line><Line><KCODE-STORE-KEY><KEYCODE-NO>62634259</KEYCODE-NO><STORE-NO>184</STORE-NO></KCODE-STORE-KEY><DATE>40118</DATE><DEPT-NO>901</DEPT-NO><QTY-SOLD>1</QTY-SOLD><SALE-PRICE>6.69</SALE-PRICE></Line><Line><KCODE-STORE-KEY><KEYCODE-NO>62634259</KEYCODE-NO><STORE-NO>184</STORE-NO></KCODE-STORE-KEY><DATE>40118</DATE><DEPT-NO>901</DEPT-NO><QTY-SOLD>1</QTY-SOLD><SALE-PRICE>6.69</SALE-PRICE></Line><Line><KCODE-STORE-KEY><KEYCODE-NO>60684429</KEYCODE-NO><STORE-NO>184</STORE-NO></KCODE-STORE-KEY><DATE>40118</DATE><DEPT-NO>904</DEPT-NO><QTY-SOLD>1</QTY-SOLD><SALE-PRICE>4.89</SALE-PRICE></Line><Line><KCODE-STORE-KEY><KEYCODE-NO>60684037</KEYCODE-NO><STORE-NO>184</STORE-NO></KCODE-STORE-KEY><DATE>40118</DATE><DEPT-NO>904</DEPT-NO><QTY-SOLD>1</QTY-SOLD><SALE-PRICE>9.95</SALE-PRICE></Line><Line><KCODE-STORE-KEY><KEYCODE-NO>69694875</KEYCODE-NO><STORE-NO>184</STORE-NO></KCODE-STORE-KEY><DATE>40118</DATE><DEPT-NO>904</DEPT-NO><QTY-SOLD>1</QTY-SOLD><SALE-PRICE>19.95</SALE-PRICE></Line><Line><KCODE-STORE-KEY><KEYCODE-NO>69694875</KEYCODE-NO><STORE-NO>184</STORE-NO></KCODE-STORE-KEY><DATE>40118</DATE><DEPT-NO>904</DEPT-NO><QTY-SOLD>1</QTY-SOLD><SALE-PRICE>19.95</SALE-PRICE></Line><Line><KCODE-STORE-KEY><KEYCODE-NO>69694875</KEYCODE-NO><STORE-NO>184</STORE-NO></KCODE-STORE-KEY><DATE>40118</DATE><DEPT-NO>904</DEPT-NO><QTY-SOLD>1</QTY-SOLD><SALE-PRICE>19.95</SALE-PRICE></Line><Line><KCODE-STORE-KEY><KEYCODE-NO>69694875</KEYCODE-NO><STORE-NO>184</STORE-NO></KCODE-STORE-KEY><DATE>40118</DATE><DEPT-NO>904</DEPT-NO><QTY-SOLD>-1</QTY-SOLD><SALE-PRICE>-19.95</SALE-PRICE></Line><Line><KCODE-STORE-KEY><KEYCODE-NO>69694875</KEYCODE-NO><STORE-NO>184</STORE-NO></KCODE-STORE-KEY><DATE>40118</DATE><DEPT-NO>904</DEPT-NO><QTY-SOLD>-1</QTY-SOLD><SALE-PRICE>-19.95</SALE-PRICE></Line><Line><KCODE-STORE-KEY><KEYCODE-NO>69694875</KEYCODE-NO><STORE-NO>184</STORE-NO></KCODE-STORE-KEY><DATE>40118</DATE><DEPT-NO>904</DEPT-NO><QTY-SOLD>-1</QTY-SOLD><SALE-PRICE>-19.95</SALE-PRICE></Line><Line><KCODE-STORE-KEY><KEYCODE-NO>63604108</KEYCODE-NO><STORE-NO>184</STORE-NO></KCODE-STORE-KEY><DATE>40118</DATE><DEPT-NO>901</DEPT-NO><QTY-SOLD>1</QTY-SOLD><SALE-PRICE>3.95</SALE-PRICE></Line><Line><KCODE-STORE-KEY><KEYCODE-NO>63694928</KEYCODE-NO><STORE-NO>184</STORE-NO></KCODE-STORE-KEY><DATE>40118</DATE><DEPT-NO>904</DEPT-NO><QTY-SOLD>1</QTY-SOLD><SALE-PRICE>11.49</SALE-PRICE></Line><Line><KCODE-STORE-KEY><KEYCODE-NO>60634765</KEYCODE-NO><STORE-NO>184</STORE-NO></KCODE-STORE-KEY><DATE>40118</DATE><DEPT-NO>904</DEPT-NO><QTY-SOLD>1</QTY-SOLD><SALE-PRICE>4.99</SALE-PRICE></Line><Line><KCODE-STORE-KEY><KEYCODE-NO>69664668</KEYCODE-NO><STORE-NO>184</STORE-NO></KCODE-STORE-KEY><DATE>40118</DATE><DEPT-NO>903</DEPT-NO><QTY-SOLD>1</QTY-SOLD><SALE-PRICE>8.95</SALE-PRICE></Line></CobolData>