<?xml version="1.0" encoding="UTF-8"?><CobolData><Location-Details><Test-id>line 0</Test-id><fillers><text> 0&gt;</text><week-of-month>1</week-of-month><filler><Sep></Sep><daily-sales>0</daily-sales></filler></fillers><fillers><text> 1&gt;</text><week-of-month>2</week-of-month><filler><Sep></Sep><daily-sales>10</daily-sales></filler><filler><Sep></Sep><daily-sales>11</daily-sales></filler></fillers><fillers><text> 2&gt;</text><week-of-month>3</week-of-month><filler><Sep></Sep><daily-sales>20</daily-sales></filler><filler><Sep></Sep><daily-sales>21</daily-sales></filler><filler><Sep></Sep><daily-sales>22</daily-sales></filler></fillers><fillers><text> 3&gt;</text><week-of-month>4</week-of-month><filler><Sep></Sep><daily-sales>30</daily-sales></filler><filler><Sep></Sep><daily-sales>31</daily-sales></filler><filler><Sep></Sep><daily-sales>32</daily-sales></filler><filler><Sep></Sep><daily-sales>33</daily-sales></filler></fillers></Location-Details><Location-Details><Test-id>line 1</Test-id><fillers><text> 0&gt;</text><week-of-month>2</week-of-month><filler><Sep></Sep><daily-sales>100</daily-sales></filler><filler><Sep></Sep><daily-sales>101</daily-sales></filler></fillers><fillers><text> 1&gt;</text><week-of-month>3</week-of-month><filler><Sep></Sep><daily-sales>110</daily-sales></filler><filler><Sep></Sep><daily-sales>111</daily-sales></filler><filler><Sep></Sep><daily-sales>112</daily-sales></filler></fillers><fillers><text> 2&gt;</text><week-of-month>4</week-of-month><filler><Sep></Sep><daily-sales>120</daily-sales></filler><filler><Sep></Sep><daily-sales>121</daily-sales></filler><filler><Sep></Sep><daily-sales>122</daily-sales></filler><filler><Sep></Sep><daily-sales>123</daily-sales></filler></fillers><fillers><text> 3&gt;</text><week-of-month>5</week-of-month><filler><Sep></Sep><daily-sales>130</daily-sales></filler><filler><Sep></Sep><daily-sales>131</daily-sales></filler><filler><Sep></Sep><daily-sales>132</daily-sales></filler><filler><Sep></Sep><daily-sales>133</daily-sales></filler><filler><Sep></Sep><daily-sales>134</daily-sales></filler></fillers></Location-Details><Location-Details><Test-id>line 2</Test-id><fillers><text> 0&gt;</text><week-of-month>3</week-of-month><filler><Sep></Sep><daily-sales>200</daily-sales></filler><filler><Sep></Sep><daily-sales>201</daily-sales></filler><filler><Sep></Sep><daily-sales>202</daily-sales></filler></fillers><fillers><text> 1&gt;</text><week-of-month>4</week-of-month><filler><Sep></Sep><daily-sales>210</daily-sales></filler><filler><Sep></Sep><daily-sales>211</daily-sales></filler><filler><Sep></Sep><daily-sales>212</daily-sales></filler><filler><Sep></Sep><daily-sales>213</daily-sales></filler></fillers><fillers><text> 2&gt;</text><week-of-month>5</week-of-month><filler><Sep></Sep><daily-sales>220</daily-sales></filler><filler><Sep></Sep><daily-sales>221</daily-sales></filler><filler><Sep></Sep><daily-sales>222</daily-sales></filler><filler><Sep></Sep><daily-sales>223</daily-sales></filler><filler><Sep></Sep><daily-sales>224</daily-sales></filler></fillers><fillers><text> 3&gt;</text><week-of-month>1</week-of-month><filler><Sep></Sep><daily-sales>230</daily-sales></filler></fillers></Location-Details><Location-Details><Test-id>line 3</Test-id><fillers><text> 0&gt;</text><week-of-month>4</week-of-month><filler><Sep></Sep><daily-sales>300</daily-sales></filler><filler><Sep></Sep><daily-sales>301</daily-sales></filler><filler><Sep></Sep><daily-sales>302</daily-sales></filler><filler><Sep></Sep><daily-sales>303</daily-sales></filler></fillers><fillers><text> 1&gt;</text><week-of-month>5</week-of-month><filler><Sep></Sep><daily-sales>310</daily-sales></filler><filler><Sep></Sep><daily-sales>311</daily-sales></filler><filler><Sep></Sep><daily-sales>312</daily-sales></filler><filler><Sep></Sep><daily-sales>313</daily-sales></filler><filler><Sep></Sep><daily-sales>314</daily-sales></filler></fillers><fillers><text> 2&gt;</text><week-of-month>1</week-of-month><filler><Sep></Sep><daily-sales>320</daily-sales></filler></fillers><fillers><text> 3&gt;</text><week-of-month>2</week-of-month><filler><Sep></Sep><daily-sales>330</daily-sales></filler><filler><Sep></Sep><daily-sales>331</daily-sales></filler></fillers></Location-Details><Location-Details><Test-id>line 4</Test-id><fillers><text> 0&gt;</text><week-of-month>5</week-of-month><filler><Sep></Sep><daily-sales>400</daily-sales></filler><filler><Sep></Sep><daily-sales>401</daily-sales></filler><filler><Sep></Sep><daily-sales>402</daily-sales></filler><filler><Sep></Sep><daily-sales>403</daily-sales></filler><filler><Sep></Sep><daily-sales>404</daily-sales></filler></fillers><fillers><text> 1&gt;</text><week-of-month>1</week-of-month><filler><Sep></Sep><daily-sales>410</daily-sales></filler></fillers><fillers><text> 2&gt;</text><week-of-month>2</week-of-month><filler><Sep></Sep><daily-sales>420</daily-sales></filler><filler><Sep></Sep><daily-sales>421</daily-sales></filler></fillers><fillers><text> 3&gt;</text><week-of-month>3</week-of-month><filler><Sep></Sep><daily-sales>430</daily-sales></filler><filler><Sep></Sep><daily-sales>431</daily-sales></filler><filler><Sep></Sep><daily-sales>432</daily-sales></filler></fillers></Location-Details><Location-Details><Test-id>line 5</Test-id><fillers><text> 0&gt;</text><week-of-month>1</week-of-month><filler><Sep></Sep><daily-sales>500</daily-sales></filler></fillers><fillers><text> 1&gt;</text><week-of-month>2</week-of-month><filler><Sep></Sep><daily-sales>510</daily-sales></filler><filler><Sep></Sep><daily-sales>511</daily-sales></filler></fillers><fillers><text> 2&gt;</text><week-of-month>3</week-of-month><filler><Sep></Sep><daily-sales>520</daily-sales></filler><filler><Sep></Sep><daily-sales>521</daily-sales></filler><filler><Sep></Sep><daily-sales>522</daily-sales></filler></fillers><fillers><text> 3&gt;</text><week-of-month>4</week-of-month><filler><Sep></Sep><daily-sales>530</daily-sales></filler><filler><Sep></Sep><daily-sales>531</daily-sales></filler><filler><Sep></Sep><daily-sales>532</daily-sales></filler><filler><Sep></Sep><daily-sales>533</daily-sales></filler></fillers></Location-Details><Location-Details><Test-id>line 6</Test-id><fillers><text> 0&gt;</text><week-of-month>2</week-of-month><filler><Sep></Sep><daily-sales>600</daily-sales></filler><filler><Sep></Sep><daily-sales>601</daily-sales></filler></fillers><fillers><text> 1&gt;</text><week-of-month>3</week-of-month><filler><Sep></Sep><daily-sales>610</daily-sales></filler><filler><Sep></Sep><daily-sales>611</daily-sales></filler><filler><Sep></Sep><daily-sales>612</daily-sales></filler></fillers><fillers><text> 2&gt;</text><week-of-month>4</week-of-month><filler><Sep></Sep><daily-sales>620</daily-sales></filler><filler><Sep></Sep><daily-sales>621</daily-sales></filler><filler><Sep></Sep><daily-sales>622</daily-sales></filler><filler><Sep></Sep><daily-sales>623</daily-sales></filler></fillers><fillers><text> 3&gt;</text><week-of-month>5</week-of-month><filler><Sep></Sep><daily-sales>630</daily-sales></filler><filler><Sep></Sep><daily-sales>631</daily-sales></filler><filler><Sep></Sep><daily-sales>632</daily-sales></filler><filler><Sep></Sep><daily-sales>633</daily-sales></filler><filler><Sep></Sep><daily-sales>634</daily-sales></filler></fillers></Location-Details><Location-Details><Test-id>line 7</Test-id><fillers><text> 0&gt;</text><week-of-month>3</week-of-month><filler><Sep></Sep><daily-sales>700</daily-sales></filler><filler><Sep></Sep><daily-sales>701</daily-sales></filler><filler><Sep></Sep><daily-sales>702</daily-sales></filler></fillers><fillers><text> 1&gt;</text><week-of-month>4</week-of-month><filler><Sep></Sep><daily-sales>710</daily-sales></filler><filler><Sep></Sep><daily-sales>711</daily-sales></filler><filler><Sep></Sep><daily-sales>712</daily-sales></filler><filler><Sep></Sep><daily-sales>713</daily-sales></filler></fillers><fillers><text> 2&gt;</text><week-of-month>5</week-of-month><filler><Sep></Sep><daily-sales>720</daily-sales></filler><filler><Sep></Sep><daily-sales>721</daily-sales></filler><filler><Sep></Sep><daily-sales>722</daily-sales></filler><filler><Sep></Sep><daily-sales>723</daily-sales></filler><filler><Sep></Sep><daily-sales>724</daily-sales></filler></fillers><fillers><text> 3&gt;</text><week-of-month>1</week-of-month><filler><Sep></Sep><daily-sales>730</daily-sales></filler></fillers></Location-Details><Location-Details><Test-id>line 8</Test-id><fillers><text> 0&gt;</text><week-of-month>4</week-of-month><filler><Sep></Sep><daily-sales>800</daily-sales></filler><filler><Sep></Sep><daily-sales>801</daily-sales></filler><filler><Sep></Sep><daily-sales>802</daily-sales></filler><filler><Sep></Sep><daily-sales>803</daily-sales></filler></fillers><fillers><text> 1&gt;</text><week-of-month>5</week-of-month><filler><Sep></Sep><daily-sales>810</daily-sales></filler><filler><Sep></Sep><daily-sales>811</daily-sales></filler><filler><Sep></Sep><daily-sales>812</daily-sales></filler><filler><Sep></Sep><daily-sales>813</daily-sales></filler><filler><Sep></Sep><daily-sales>814</daily-sales></filler></fillers><fillers><text> 2&gt;</text><week-of-month>1</week-of-month><filler><Sep></Sep><daily-sales>820</daily-sales></filler></fillers><fillers><text> 3&gt;</text><week-of-month>2</week-of-month><filler><Sep></Sep><daily-sales>830</daily-sales></filler><filler><Sep></Sep><daily-sales>831</daily-sales></filler></fillers></Location-Details><Location-Details><Test-id>line 9</Test-id><fillers><text> 0&gt;</text><week-of-month>5</week-of-month><filler><Sep></Sep><daily-sales>900</daily-sales></filler><filler><Sep></Sep><daily-sales>901</daily-sales></filler><filler><Sep></Sep><daily-sales>902</daily-sales></filler><filler><Sep></Sep><daily-sales>903</daily-sales></filler><filler><Sep></Sep><daily-sales>904</daily-sales></filler></fillers><fillers><text> 1&gt;</text><week-of-month>1</week-of-month><filler><Sep></Sep><daily-sales>910</daily-sales></filler></fillers><fillers><text> 2&gt;</text><week-of-month>2</week-of-month><filler><Sep></Sep><daily-sales>920</daily-sales></filler><filler><Sep></Sep><daily-sales>921</daily-sales></filler></fillers><fillers><text> 3&gt;</text><week-of-month>3</week-of-month><filler><Sep></Sep><daily-sales>930</daily-sales></filler><filler><Sep></Sep><daily-sales>931</daily-sales></filler><filler><Sep></Sep><daily-sales>932</daily-sales></filler></fillers></Location-Details><Location-Details><Test-id>line 10</Test-id><fillers><text> 0&gt;</text><week-of-month>1</week-of-month><filler><Sep></Sep><daily-sales>1000</daily-sales></filler></fillers><fillers><text> 1&gt;</text><week-of-month>2</week-of-month><filler><Sep></Sep><daily-sales>1010</daily-sales></filler><filler><Sep></Sep><daily-sales>1011</daily-sales></filler></fillers><fillers><text> 2&gt;</text><week-of-month>3</week-of-month><filler><Sep></Sep><daily-sales>1020</daily-sales></filler><filler><Sep></Sep><daily-sales>1021</daily-sales></filler><filler><Sep></Sep><daily-sales>1022</daily-sales></filler></fillers><fillers><text> 3&gt;</text><week-of-month>4</week-of-month><filler><Sep></Sep><daily-sales>1030</daily-sales></filler><filler><Sep></Sep><daily-sales>1031</daily-sales></filler><filler><Sep></Sep><daily-sales>1032</daily-sales></filler><filler><Sep></Sep><daily-sales>1033</daily-sales></filler></fillers></Location-Details><Location-Details><Test-id>line 11</Test-id><fillers><text> 0&gt;</text><week-of-month>2</week-of-month><filler><Sep></Sep><daily-sales>1100</daily-sales></filler><filler><Sep></Sep><daily-sales>1101</daily-sales></filler></fillers><fillers><text> 1&gt;</text><week-of-month>3</week-of-month><filler><Sep></Sep><daily-sales>1110</daily-sales></filler><filler><Sep></Sep><daily-sales>1111</daily-sales></filler><filler><Sep></Sep><daily-sales>1112</daily-sales></filler></fillers><fillers><text> 2&gt;</text><week-of-month>4</week-of-month><filler><Sep></Sep><daily-sales>1120</daily-sales></filler><filler><Sep></Sep><daily-sales>1121</daily-sales></filler><filler><Sep></Sep><daily-sales>1122</daily-sales></filler><filler><Sep></Sep><daily-sales>1123</daily-sales></filler></fillers><fillers><text> 3&gt;</text><week-of-month>5</week-of-month><filler><Sep></Sep><daily-sales>1130</daily-sales></filler><filler><Sep></Sep><daily-sales>1131</daily-sales></filler><filler><Sep></Sep><daily-sales>1132</daily-sales></filler><filler><Sep></Sep><daily-sales>1133</daily-sales></filler><filler><Sep></Sep><daily-sales>1134</daily-sales></filler></fillers></Location-Details><Location-Details><Test-id>line 12</Test-id><fillers><text> 0&gt;</text><week-of-month>3</week-of-month><filler><Sep></Sep><daily-sales>1200</daily-sales></filler><filler><Sep></Sep><daily-sales>1201</daily-sales></filler><filler><Sep></Sep><daily-sales>1202</daily-sales></filler></fillers><fillers><text> 1&gt;</text><week-of-month>4</week-of-month><filler><Sep></Sep><daily-sales>1210</daily-sales></filler><filler><Sep></Sep><daily-sales>1211</daily-sales></filler><filler><Sep></Sep><daily-sales>1212</daily-sales></filler><filler><Sep></Sep><daily-sales>1213</daily-sales></filler></fillers><fillers><text> 2&gt;</text><week-of-month>5</week-of-month><filler><Sep></Sep><daily-sales>1220</daily-sales></filler><filler><Sep></Sep><daily-sales>1221</daily-sales></filler><filler><Sep></Sep><daily-sales>1222</daily-sales></filler><filler><Sep></Sep><daily-sales>1223</daily-sales></filler><filler><Sep></Sep><daily-sales>1224</daily-sales></filler></fillers><fillers><text> 3&gt;</text><week-of-month>1</week-of-month><filler><Sep></Sep><daily-sales>1230</daily-sales></filler></fillers></Location-Details><Location-Details><Test-id>line 13</Test-id><fillers><text> 0&gt;</text><week-of-month>4</week-of-month><filler><Sep></Sep><daily-sales>1300</daily-sales></filler><filler><Sep></Sep><daily-sales>1301</daily-sales></filler><filler><Sep></Sep><daily-sales>1302</daily-sales></filler><filler><Sep></Sep><daily-sales>1303</daily-sales></filler></fillers><fillers><text> 1&gt;</text><week-of-month>5</week-of-month><filler><Sep></Sep><daily-sales>1310</daily-sales></filler><filler><Sep></Sep><daily-sales>1311</daily-sales></filler><filler><Sep></Sep><daily-sales>1312</daily-sales></filler><filler><Sep></Sep><daily-sales>1313</daily-sales></filler><filler><Sep></Sep><daily-sales>1314</daily-sales></filler></fillers><fillers><text> 2&gt;</text><week-of-month>1</week-of-month><filler><Sep></Sep><daily-sales>1320</daily-sales></filler></fillers><fillers><text> 3&gt;</text><week-of-month>2</week-of-month><filler><Sep></Sep><daily-sales>1330</daily-sales></filler><filler><Sep></Sep><daily-sales>1331</daily-sales></filler></fillers></Location-Details><Location-Details><Test-id>line 14</Test-id><fillers><text> 0&gt;</text><week-of-month>5</week-of-month><filler><Sep></Sep><daily-sales>1400</daily-sales></filler><filler><Sep></Sep><daily-sales>1401</daily-sales></filler><filler><Sep></Sep><daily-sales>1402</daily-sales></filler><filler><Sep></Sep><daily-sales>1403</daily-sales></filler><filler><Sep></Sep><daily-sales>1404</daily-sales></filler></fillers><fillers><text> 1&gt;</text><week-of-month>1</week-of-month><filler><Sep></Sep><daily-sales>1410</daily-sales></filler></fillers><fillers><text> 2&gt;</text><week-of-month>2</week-of-month><filler><Sep></Sep><daily-sales>1420</daily-sales></filler><filler><Sep></Sep><daily-sales>1421</daily-sales></filler></fillers><fillers><text> 3&gt;</text><week-of-month>3</week-of-month><filler><Sep></Sep><daily-sales>1430</daily-sales></filler><filler><Sep></Sep><daily-sales>1431</daily-sales></filler><filler><Sep></Sep><daily-sales>1432</daily-sales></filler></fillers></Location-Details><Location-Details><Test-id>line 15</Test-id><fillers><text> 0&gt;</text><week-of-month>1</week-of-month><filler><Sep></Sep><daily-sales>1500</daily-sales></filler></fillers><fillers><text> 1&gt;</text><week-of-month>2</week-of-month><filler><Sep></Sep><daily-sales>1510</daily-sales></filler><filler><Sep></Sep><daily-sales>1511</daily-sales></filler></fillers><fillers><text> 2&gt;</text><week-of-month>3</week-of-month><filler><Sep></Sep><daily-sales>1520</daily-sales></filler><filler><Sep></Sep><daily-sales>1521</daily-sales></filler><filler><Sep></Sep><daily-sales>1522</daily-sales></filler></fillers><fillers><text> 3&gt;</text><week-of-month>4</week-of-month><filler><Sep></Sep><daily-sales>1530</daily-sales></filler><filler><Sep></Sep><daily-sales>1531</daily-sales></filler><filler><Sep></Sep><daily-sales>1532</daily-sales></filler><filler><Sep></Sep><daily-sales>1533</daily-sales></filler></fillers></Location-Details><Location-Details><Test-id>line 16</Test-id><fillers><text> 0&gt;</text><week-of-month>2</week-of-month><filler><Sep></Sep><daily-sales>1600</daily-sales></filler><filler><Sep></Sep><daily-sales>1601</daily-sales></filler></fillers><fillers><text> 1&gt;</text><week-of-month>3</week-of-month><filler><Sep></Sep><daily-sales>1610</daily-sales></filler><filler><Sep></Sep><daily-sales>1611</daily-sales></filler><filler><Sep></Sep><daily-sales>1612</daily-sales></filler></fillers><fillers><text> 2&gt;</text><week-of-month>4</week-of-month><filler><Sep></Sep><daily-sales>1620</daily-sales></filler><filler><Sep></Sep><daily-sales>1621</daily-sales></filler><filler><Sep></Sep><daily-sales>1622</daily-sales></filler><filler><Sep></Sep><daily-sales>1623</daily-sales></filler></fillers><fillers><text> 3&gt;</text><week-of-month>5</week-of-month><filler><Sep></Sep><daily-sales>1630</daily-sales></filler><filler><Sep></Sep><daily-sales>1631</daily-sales></filler><filler><Sep></Sep><daily-sales>1632</daily-sales></filler><filler><Sep></Sep><daily-sales>1633</daily-sales></filler><filler><Sep></Sep><daily-sales>1634</daily-sales></filler></fillers></Location-Details><Location-Details><Test-id>line 17</Test-id><fillers><text> 0&gt;</text><week-of-month>3</week-of-month><filler><Sep></Sep><daily-sales>1700</daily-sales></filler><filler><Sep></Sep><daily-sales>1701</daily-sales></filler><filler><Sep></Sep><daily-sales>1702</daily-sales></filler></fillers><fillers><text> 1&gt;</text><week-of-month>4</week-of-month><filler><Sep></Sep><daily-sales>1710</daily-sales></filler><filler><Sep></Sep><daily-sales>1711</daily-sales></filler><filler><Sep></Sep><daily-sales>1712</daily-sales></filler><filler><Sep></Sep><daily-sales>1713</daily-sales></filler></fillers><fillers><text> 2&gt;</text><week-of-month>5</week-of-month><filler><Sep></Sep><daily-sales>1720</daily-sales></filler><filler><Sep></Sep><daily-sales>1721</daily-sales></filler><filler><Sep></Sep><daily-sales>1722</daily-sales></filler><filler><Sep></Sep><daily-sales>1723</daily-sales></filler><filler><Sep></Sep><daily-sales>1724</daily-sales></filler></fillers><fillers><text> 3&gt;</text><week-of-month>1</week-of-month><filler><Sep></Sep><daily-sales>1730</daily-sales></filler></fillers></Location-Details><Location-Details><Test-id>line 18</Test-id><fillers><text> 0&gt;</text><week-of-month>4</week-of-month><filler><Sep></Sep><daily-sales>1800</daily-sales></filler><filler><Sep></Sep><daily-sales>1801</daily-sales></filler><filler><Sep></Sep><daily-sales>1802</daily-sales></filler><filler><Sep></Sep><daily-sales>1803</daily-sales></filler></fillers><fillers><text> 1&gt;</text><week-of-month>5</week-of-month><filler><Sep></Sep><daily-sales>1810</daily-sales></filler><filler><Sep></Sep><daily-sales>1811</daily-sales></filler><filler><Sep></Sep><daily-sales>1812</daily-sales></filler><filler><Sep></Sep><daily-sales>1813</daily-sales></filler><filler><Sep></Sep><daily-sales>1814</daily-sales></filler></fillers><fillers><text> 2&gt;</text><week-of-month>1</week-of-month><filler><Sep></Sep><daily-sales>1820</daily-sales></filler></fillers><fillers><text> 3&gt;</text><week-of-month>2</week-of-month><filler><Sep></Sep><daily-sales>1830</daily-sales></filler><filler><Sep></Sep><daily-sales>1831</daily-sales></filler></fillers></Location-Details><Location-Details><Test-id>line 19</Test-id><fillers><text> 0&gt;</text><week-of-month>5</week-of-month><filler><Sep></Sep><daily-sales>1900</daily-sales></filler><filler><Sep></Sep><daily-sales>1901</daily-sales></filler><filler><Sep></Sep><daily-sales>1902</daily-sales></filler><filler><Sep></Sep><daily-sales>1903</daily-sales></filler><filler><Sep></Sep><daily-sales>1904</daily-sales></filler></fillers><fillers><text> 1&gt;</text><week-of-month>1</week-of-month><filler><Sep></Sep><daily-sales>1910</daily-sales></filler></fillers><fillers><text> 2&gt;</text><week-of-month>2</week-of-month><filler><Sep></Sep><daily-sales>1920</daily-sales></filler><filler><Sep></Sep><daily-sales>1921</daily-sales></filler></fillers><fillers><text> 3&gt;</text><week-of-month>3</week-of-month><filler><Sep></Sep><daily-sales>1930</daily-sales></filler><filler><Sep></Sep><daily-sales>1931</daily-sales></filler><filler><Sep></Sep><daily-sales>1932</daily-sales></filler></fillers></Location-Details><Location-Details><Test-id>line 20</Test-id><fillers><text> 0&gt;</text><week-of-month>1</week-of-month><filler><Sep></Sep><daily-sales>2000</daily-sales></filler></fillers><fillers><text> 1&gt;</text><week-of-month>2</week-of-month><filler><Sep></Sep><daily-sales>2010</daily-sales></filler><filler><Sep></Sep><daily-sales>2011</daily-sales></filler></fillers><fillers><text> 2&gt;</text><week-of-month>3</week-of-month><filler><Sep></Sep><daily-sales>2020</daily-sales></filler><filler><Sep></Sep><daily-sales>2021</daily-sales></filler><filler><Sep></Sep><daily-sales>2022</daily-sales></filler></fillers><fillers><text> 3&gt;</text><week-of-month>4</week-of-month><filler><Sep></Sep><daily-sales>2030</daily-sales></filler><filler><Sep></Sep><daily-sales>2031</daily-sales></filler><filler><Sep></Sep><daily-sales>2032</daily-sales></filler><filler><Sep></Sep><daily-sales>2033</daily-sales></filler></fillers></Location-Details><Location-Details><Test-id>line 21</Test-id><fillers><text> 0&gt;</text><week-of-month>2</week-of-month><filler><Sep></Sep><daily-sales>2100</daily-sales></filler><filler><Sep></Sep><daily-sales>2101</daily-sales></filler></fillers><fillers><text> 1&gt;</text><week-of-month>3</week-of-month><filler><Sep></Sep><daily-sales>2110</daily-sales></filler><filler><Sep></Sep><daily-sales>2111</daily-sales></filler><filler><Sep></Sep><daily-sales>2112</daily-sales></filler></fillers><fillers><text> 2&gt;</text><week-of-month>4</week-of-month><filler><Sep></Sep><daily-sales>2120</daily-sales></filler><filler><Sep></Sep><daily-sales>2121</daily-sales></filler><filler><Sep></Sep><daily-sales>2122</daily-sales></filler><filler><Sep></Sep><daily-sales>2123</daily-sales></filler></fillers><fillers><text> 3&gt;</text><week-of-month>5</week-of-month><filler><Sep></Sep><daily-sales>2130</daily-sales></filler><filler><Sep></Sep><daily-sales>2131</daily-sales></filler><filler><Sep></Sep><daily-sales>2132</daily-sales></filler><filler><Sep></Sep><daily-sales>2133</daily-sales></filler><filler><Sep></Sep><daily-sales>2134</daily-sales></filler></fillers></Location-Details><Location-Details><Test-id>line 22</Test-id><fillers><text> 0&gt;</text><week-of-month>3</week-of-month><filler><Sep></Sep><daily-sales>2200</daily-sales></filler><filler><Sep></Sep><daily-sales>2201</daily-sales></filler><filler><Sep></Sep><daily-sales>2202</daily-sales></filler></fillers><fillers><text> 1&gt;</text><week-of-month>4</week-of-month><filler><Sep></Sep><daily-sales>2210</daily-sales></filler><filler><Sep></Sep><daily-sales>2211</daily-sales></filler><filler><Sep></Sep><daily-sales>2212</daily-sales></filler><filler><Sep></Sep><daily-sales>2213</daily-sales></filler></fillers><fillers><text> 2&gt;</text><week-of-month>5</week-of-month><filler><Sep></Sep><daily-sales>2220</daily-sales></filler><filler><Sep></Sep><daily-sales>2221</daily-sales></filler><filler><Sep></Sep><daily-sales>2222</daily-sales></filler><filler><Sep></Sep><daily-sales>2223</daily-sales></filler><filler><Sep></Sep><daily-sales>2224</daily-sales></filler></fillers><fillers><text> 3&gt;</text><week-of-month>1</week-of-month><filler><Sep></Sep><daily-sales>2230</daily-sales></filler></fillers></Location-Details><Location-Details><Test-id>line 23</Test-id><fillers><text> 0&gt;</text><week-of-month>4</week-of-month><filler><Sep></Sep><daily-sales>2300</daily-sales></filler><filler><Sep></Sep><daily-sales>2301</daily-sales></filler><filler><Sep></Sep><daily-sales>2302</daily-sales></filler><filler><Sep></Sep><daily-sales>2303</daily-sales></filler></fillers><fillers><text> 1&gt;</text><week-of-month>5</week-of-month><filler><Sep></Sep><daily-sales>2310</daily-sales></filler><filler><Sep></Sep><daily-sales>2311</daily-sales></filler><filler><Sep></Sep><daily-sales>2312</daily-sales></filler><filler><Sep></Sep><daily-sales>2313</daily-sales></filler><filler><Sep></Sep><daily-sales>2314</daily-sales></filler></fillers><fillers><text> 2&gt;</text><week-of-month>1</week-of-month><filler><Sep></Sep><daily-sales>2320</daily-sales></filler></fillers><fillers><text> 3&gt;</text><week-of-month>2</week-of-month><filler><Sep></Sep><daily-sales>2330</daily-sales></filler><filler><Sep></Sep><daily-sales>2331</daily-sales></filler></fillers></Location-Details><Location-Details><Test-id>line 24</Test-id><fillers><text> 0&gt;</text><week-of-month>5</week-of-month><filler><Sep></Sep><daily-sales>2400</daily-sales></filler><filler><Sep></Sep><daily-sales>2401</daily-sales></filler><filler><Sep></Sep><daily-sales>2402</daily-sales></filler><filler><Sep></Sep><daily-sales>2403</daily-sales></filler><filler><Sep></Sep><daily-sales>2404</daily-sales></filler></fillers><fillers><text> 1&gt;</text><week-of-month>1</week-of-month><filler><Sep></Sep><daily-sales>2410</daily-sales></filler></fillers><fillers><text> 2&gt;</text><week-of-month>2</week-of-month><filler><Sep></Sep><daily-sales>2420</daily-sales></filler><filler><Sep></Sep><daily-sales>2421</daily-sales></filler></fillers><fillers><text> 3&gt;</text><week-of-month>3</week-of-month><filler><Sep></Sep><daily-sales>2430</daily-sales></filler><filler><Sep></Sep><daily-sales>2431</daily-sales></filler><filler><Sep></Sep><daily-sales>2432</daily-sales></filler></fillers></Location-Details><Location-Details><Test-id>line 25</Test-id><fillers><text> 0&gt;</text><week-of-month>1</week-of-month><filler><Sep></Sep><daily-sales>2500</daily-sales></filler></fillers><fillers><text> 1&gt;</text><week-of-month>2</week-of-month><filler><Sep></Sep><daily-sales>2510</daily-sales></filler><filler><Sep></Sep><daily-sales>2511</daily-sales></filler></fillers><fillers><text> 2&gt;</text><week-of-month>3</week-of-month><filler><Sep></Sep><daily-sales>2520</daily-sales></filler><filler><Sep></Sep><daily-sales>2521</daily-sales></filler><filler><Sep></Sep><daily-sales>2522</daily-sales></filler></fillers><fillers><text> 3&gt;</text><week-of-month>4</week-of-month><filler><Sep></Sep><daily-sales>2530</daily-sales></filler><filler><Sep></Sep><daily-sales>2531</daily-sales></filler><filler><Sep></Sep><daily-sales>2532</daily-sales></filler><filler><Sep></Sep><daily-sales>2533</daily-sales></filler></fillers></Location-Details><Location-Details><Test-id>line 26</Test-id><fillers><text> 0&gt;</text><week-of-month>2</week-of-month><filler><Sep></Sep><daily-sales>2600</daily-sales></filler><filler><Sep></Sep><daily-sales>2601</daily-sales></filler></fillers><fillers><text> 1&gt;</text><week-of-month>3</week-of-month><filler><Sep></Sep><daily-sales>2610</daily-sales></filler><filler><Sep></Sep><daily-sales>2611</daily-sales></filler><filler><Sep></Sep><daily-sales>2612</daily-sales></filler></fillers><fillers><text> 2&gt;</text><week-of-month>4</week-of-month><filler><Sep></Sep><daily-sales>2620</daily-sales></filler><filler><Sep></Sep><daily-sales>2621</daily-sales></filler><filler><Sep></Sep><daily-sales>2622</daily-sales></filler><filler><Sep></Sep><daily-sales>2623</daily-sales></filler></fillers><fillers><text> 3&gt;</text><week-of-month>5</week-of-month><filler><Sep></Sep><daily-sales>2630</daily-sales></filler><filler><Sep></Sep><daily-sales>2631</daily-sales></filler><filler><Sep></Sep><daily-sales>2632</daily-sales></filler><filler><Sep></Sep><daily-sales>2633</daily-sales></filler><filler><Sep></Sep><daily-sales>2634</daily-sales></filler></fillers></Location-Details><Location-Details><Test-id>line 27</Test-id><fillers><text> 0&gt;</text><week-of-month>3</week-of-month><filler><Sep></Sep><daily-sales>2700</daily-sales></filler><filler><Sep></Sep><daily-sales>2701</daily-sales></filler><filler><Sep></Sep><daily-sales>2702</daily-sales></filler></fillers><fillers><text> 1&gt;</text><week-of-month>4</week-of-month><filler><Sep></Sep><daily-sales>2710</daily-sales></filler><filler><Sep></Sep><daily-sales>2711</daily-sales></filler><filler><Sep></Sep><daily-sales>2712</daily-sales></filler><filler><Sep></Sep><daily-sales>2713</daily-sales></filler></fillers><fillers><text> 2&gt;</text><week-of-month>5</week-of-month><filler><Sep></Sep><daily-sales>2720</daily-sales></filler><filler><Sep></Sep><daily-sales>2721</daily-sales></filler><filler><Sep></Sep><daily-sales>2722</daily-sales></filler><filler><Sep></Sep><daily-sales>2723</daily-sales></filler><filler><Sep></Sep><daily-sales>2724</daily-sales></filler></fillers><fillers><text> 3&gt;</text><week-of-month>1</week-of-month><filler><Sep></Sep><daily-sales>2730</daily-sales></filler></fillers></Location-Details><Location-Details><Test-id>line 28</Test-id><fillers><text> 0&gt;</text><week-of-month>4</week-of-month><filler><Sep></Sep><daily-sales>2800</daily-sales></filler><filler><Sep></Sep><daily-sales>2801</daily-sales></filler><filler><Sep></Sep><daily-sales>2802</daily-sales></filler><filler><Sep></Sep><daily-sales>2803</daily-sales></filler></fillers><fillers><text> 1&gt;</text><week-of-month>5</week-of-month><filler><Sep></Sep><daily-sales>2810</daily-sales></filler><filler><Sep></Sep><daily-sales>2811</daily-sales></filler><filler><Sep></Sep><daily-sales>2812</daily-sales></filler><filler><Sep></Sep><daily-sales>2813</daily-sales></filler><filler><Sep></Sep><daily-sales>2814</daily-sales></filler></fillers><fillers><text> 2&gt;</text><week-of-month>1</week-of-month><filler><Sep></Sep><daily-sales>2820</daily-sales></filler></fillers><fillers><text> 3&gt;</text><week-of-month>2</week-of-month><filler><Sep></Sep><daily-sales>2830</daily-sales></filler><filler><Sep></Sep><daily-sales>2831</daily-sales></filler></fillers></Location-Details><Location-Details><Test-id>line 29</Test-id><fillers><text> 0&gt;</text><week-of-month>5</week-of-month><filler><Sep></Sep><daily-sales>2900</daily-sales></filler><filler><Sep></Sep><daily-sales>2901</daily-sales></filler><filler><Sep></Sep><daily-sales>2902</daily-sales></filler><filler><Sep></Sep><daily-sales>2903</daily-sales></filler><filler><Sep></Sep><daily-sales>2904</daily-sales></filler></fillers><fillers><text> 1&gt;</text><week-of-month>1</week-of-month><filler><Sep></Sep><daily-sales>2910</daily-sales></filler></fillers><fillers><text> 2&gt;</text><week-of-month>2</week-of-month><filler><Sep></Sep><daily-sales>2920</daily-sales></filler><filler><Sep></Sep><daily-sales>2921</daily-sales></filler></fillers><fillers><text> 3&gt;</text><week-of-month>3</week-of-month><filler><Sep></Sep><daily-sales>2930</daily-sales></filler><filler><Sep></Sep><daily-sales>2931</daily-sales></filler><filler><Sep></Sep><daily-sales>2932</daily-sales></filler></fillers></Location-Details></CobolData>