<?xml version="1.0" encoding="UTF-8"?><CobolData><Location-Details><Test-id>line 1</Test-id><Month-Count>0</Month-Count></Location-Details><Location-Details><Test-id>line 2</Test-id><Month-Count>1</Month-Count><a4><text> 0&gt;</text><week-of-month>1</week-of-month><week><Sep></Sep><daily-sales>0</daily-sales></week></a4></Location-Details><Location-Details><Test-id>line 3</Test-id><Month-Count>1</Month-Count><a4><text> 0&gt;</text><week-of-month>2</week-of-month><week><Sep></Sep><daily-sales>100</daily-sales></week><week><Sep></Sep><daily-sales>101</daily-sales></week></a4></Location-Details><Location-Details><Test-id>line 4</Test-id><Month-Count>1</Month-Count><a4><text> 0&gt;</text><week-of-month>3</week-of-month><week><Sep></Sep><daily-sales>200</daily-sales></week><week><Sep></Sep><daily-sales>201</daily-sales></week><week><Sep></Sep><daily-sales>202</daily-sales></week></a4></Location-Details><Location-Details><Test-id>line 5</Test-id><Month-Count>1</Month-Count><a4><text> 0&gt;</text><week-of-month>4</week-of-month><week><Sep></Sep><daily-sales>300</daily-sales></week><week><Sep></Sep><daily-sales>301</daily-sales></week><week><Sep></Sep><daily-sales>302</daily-sales></week><week><Sep></Sep><daily-sales>303</daily-sales></week></a4></Location-Details><Location-Details><Test-id>line 6</Test-id><Month-Count>1</Month-Count><a4><text> 0&gt;</text><week-of-month>5</week-of-month><week><Sep></Sep><daily-sales>400</daily-sales></week><week><Sep></Sep><daily-sales>401</daily-sales></week><week><Sep></Sep><daily-sales>402</daily-sales></week><week><Sep></Sep><daily-sales>403</daily-sales></week><week><Sep></Sep><daily-sales>404</daily-sales></week></a4></Location-Details><Location-Details><Test-id>line 7</Test-id><Month-Count>1</Month-Count><a4><text> 0&gt;</text><week-of-month>1</week-of-month><week><Sep></Sep><daily-sales>500</daily-sales></week></a4></Location-Details><Location-Details><Test-id>line 8</Test-id><Month-Count>1</Month-Count><a4><text> 0&gt;</text><week-of-month>2</week-of-month><week><Sep></Sep><daily-sales>600</daily-sales></week><week><Sep></Sep><daily-sales>601</daily-sales></week></a4></Location-Details><Location-Details><Test-id>line 9</Test-id><Month-Count>1</Month-Count><a4><text> 0&gt;</text><week-of-month>3</week-of-month><week><Sep></Sep><daily-sales>700</daily-sales></week><week><Sep></Sep><daily-sales>701</daily-sales></week><week><Sep></Sep><daily-sales>702</daily-sales></week></a4></Location-Details><Location-Details><Test-id>line 10</Test-id><Month-Count>1</Month-Count><a4><text> 0&gt;</text><week-of-month>4</week-of-month><week><Sep></Sep><daily-sales>800</daily-sales></week><week><Sep></Sep><daily-sales>801</daily-sales></week><week><Sep></Sep><daily-sales>802</daily-sales></week><week><Sep></Sep><daily-sales>803</daily-sales></week></a4></Location-Details><Location-Details><Test-id>line 11</Test-id><Month-Count>1</Month-Count><a4><text> 0&gt;</text><week-of-month>5</week-of-month><week><Sep></Sep><daily-sales>900</daily-sales></week><week><Sep></Sep><daily-sales>901</daily-sales></week><week><Sep></Sep><daily-sales>902</daily-sales></week><week><Sep></Sep><daily-sales>903</daily-sales></week><week><Sep></Sep><daily-sales>904</daily-sales></week></a4></Location-Details><Location-Details><Test-id>line 12</Test-id><Month-Count>2</Month-Count><a4><text> 0&gt;</text><week-of-month>1</week-of-month><week><Sep></Sep><daily-sales>0</daily-sales></week></a4><a4><text> 1&gt;</text><week-of-month>2</week-of-month><week><Sep></Sep><daily-sales>10</daily-sales></week><week><Sep></Sep><daily-sales>11</daily-sales></week></a4></Location-Details><Location-Details><Test-id>line 13</Test-id><Month-Count>2</Month-Count><a4><text> 0&gt;</text><week-of-month>2</week-of-month><week><Sep></Sep><daily-sales>100</daily-sales></week><week><Sep></Sep><daily-sales>101</daily-sales></week></a4><a4><text> 1&gt;</text><week-of-month>3</week-of-month><week><Sep></Sep><daily-sales>110</daily-sales></week><week><Sep></Sep><daily-sales>111</daily-sales></week><week><Sep></Sep><daily-sales>112</daily-sales></week></a4></Location-Details><Location-Details><Test-id>line 14</Test-id><Month-Count>2</Month-Count><a4><text> 0&gt;</text><week-of-month>3</week-of-month><week><Sep></Sep><daily-sales>200</daily-sales></week><week><Sep></Sep><daily-sales>201</daily-sales></week><week><Sep></Sep><daily-sales>202</daily-sales></week></a4><a4><text> 1&gt;</text><week-of-month>4</week-of-month><week><Sep></Sep><daily-sales>210</daily-sales></week><week><Sep></Sep><daily-sales>211</daily-sales></week><week><Sep></Sep><daily-sales>212</daily-sales></week><week><Sep></Sep><daily-sales>213</daily-sales></week></a4></Location-Details><Location-Details><Test-id>line 15</Test-id><Month-Count>2</Month-Count><a4><text> 0&gt;</text><week-of-month>4</week-of-month><week><Sep></Sep><daily-sales>300</daily-sales></week><week><Sep></Sep><daily-sales>301</daily-sales></week><week><Sep></Sep><daily-sales>302</daily-sales></week><week><Sep></Sep><daily-sales>303</daily-sales></week></a4><a4><text> 1&gt;</text><week-of-month>5</week-of-month><week><Sep></Sep><daily-sales>310</daily-sales></week><week><Sep></Sep><daily-sales>311</daily-sales></week><week><Sep></Sep><daily-sales>312</daily-sales></week><week><Sep></Sep><daily-sales>313</daily-sales></week><week><Sep></Sep><daily-sales>314</daily-sales></week></a4></Location-Details><Location-Details><Test-id>line 16</Test-id><Month-Count>2</Month-Count><a4><text> 0&gt;</text><week-of-month>5</week-of-month><week><Sep></Sep><daily-sales>400</daily-sales></week><week><Sep></Sep><daily-sales>401</daily-sales></week><week><Sep></Sep><daily-sales>402</daily-sales></week><week><Sep></Sep><daily-sales>403</daily-sales></week><week><Sep></Sep><daily-sales>404</daily-sales></week></a4><a4><text> 1&gt;</text><week-of-month>1</week-of-month><week><Sep></Sep><daily-sales>410</daily-sales></week></a4></Location-Details><Location-Details><Test-id>line 17</Test-id><Month-Count>2</Month-Count><a4><text> 0&gt;</text><week-of-month>1</week-of-month><week><Sep></Sep><daily-sales>500</daily-sales></week></a4><a4><text> 1&gt;</text><week-of-month>2</week-of-month><week><Sep></Sep><daily-sales>510</daily-sales></week><week><Sep></Sep><daily-sales>511</daily-sales></week></a4></Location-Details><Location-Details><Test-id>line 18</Test-id><Month-Count>2</Month-Count><a4><text> 0&gt;</text><week-of-month>2</week-of-month><week><Sep></Sep><daily-sales>600</daily-sales></week><week><Sep></Sep><daily-sales>601</daily-sales></week></a4><a4><text> 1&gt;</text><week-of-month>3</week-of-month><week><Sep></Sep><daily-sales>610</daily-sales></week><week><Sep></Sep><daily-sales>611</daily-sales></week><week><Sep></Sep><daily-sales>612</daily-sales></week></a4></Location-Details><Location-Details><Test-id>line 19</Test-id><Month-Count>2</Month-Count><a4><text> 0&gt;</text><week-of-month>3</week-of-month><week><Sep></Sep><daily-sales>700</daily-sales></week><week><Sep></Sep><daily-sales>701</daily-sales></week><week><Sep></Sep><daily-sales>702</daily-sales></week></a4><a4><text> 1&gt;</text><week-of-month>4</week-of-month><week><Sep></Sep><daily-sales>710</daily-sales></week><week><Sep></Sep><daily-sales>711</daily-sales></week><week><Sep></Sep><daily-sales>712</daily-sales></week><week><Sep></Sep><daily-sales>713</daily-sales></week></a4></Location-Details><Location-Details><Test-id>line 20</Test-id><Month-Count>2</Month-Count><a4><text> 0&gt;</text><week-of-month>4</week-of-month><week><Sep></Sep><daily-sales>800</daily-sales></week><week><Sep></Sep><daily-sales>801</daily-sales></week><week><Sep></Sep><daily-sales>802</daily-sales></week><week><Sep></Sep><daily-sales>803</daily-sales></week></a4><a4><text> 1&gt;</text><week-of-month>5</week-of-month><week><Sep></Sep><daily-sales>810</daily-sales></week><week><Sep></Sep><daily-sales>811</daily-sales></week><week><Sep></Sep><daily-sales>812</daily-sales></week><week><Sep></Sep><daily-sales>813</daily-sales></week><week><Sep></Sep><daily-sales>814</daily-sales></week></a4></Location-Details><Location-Details><Test-id>line 21</Test-id><Month-Count>2</Month-Count><a4><text> 0&gt;</text><week-of-month>5</week-of-month><week><Sep></Sep><daily-sales>900</daily-sales></week><week><Sep></Sep><daily-sales>901</daily-sales></week><week><Sep></Sep><daily-sales>902</daily-sales></week><week><Sep></Sep><daily-sales>903</daily-sales></week><week><Sep></Sep><daily-sales>904</daily-sales></week></a4><a4><text> 1&gt;</text><week-of-month>1</week-of-month><week><Sep></Sep><daily-sales>910</daily-sales></week></a4></Location-Details><Location-Details><Test-id>line 22</Test-id><Month-Count>3</Month-Count><a4><text> 0&gt;</text><week-of-month>1</week-of-month><week><Sep></Sep><daily-sales>0</daily-sales></week></a4><a4><text> 1&gt;</text><week-of-month>2</week-of-month><week><Sep></Sep><daily-sales>10</daily-sales></week><week><Sep></Sep><daily-sales>11</daily-sales></week></a4><a4><text> 2&gt;</text><week-of-month>3</week-of-month><week><Sep></Sep><daily-sales>20</daily-sales></week><week><Sep></Sep><daily-sales>21</daily-sales></week><week><Sep></Sep><daily-sales>22</daily-sales></week></a4></Location-Details><Location-Details><Test-id>line 23</Test-id><Month-Count>3</Month-Count><a4><text> 0&gt;</text><week-of-month>2</week-of-month><week><Sep></Sep><daily-sales>100</daily-sales></week><week><Sep></Sep><daily-sales>101</daily-sales></week></a4><a4><text> 1&gt;</text><week-of-month>3</week-of-month><week><Sep></Sep><daily-sales>110</daily-sales></week><week><Sep></Sep><daily-sales>111</daily-sales></week><week><Sep></Sep><daily-sales>112</daily-sales></week></a4><a4><text> 2&gt;</text><week-of-month>4</week-of-month><week><Sep></Sep><daily-sales>120</daily-sales></week><week><Sep></Sep><daily-sales>121</daily-sales></week><week><Sep></Sep><daily-sales>122</daily-sales></week><week><Sep></Sep><daily-sales>123</daily-sales></week></a4></Location-Details><Location-Details><Test-id>line 24</Test-id><Month-Count>3</Month-Count><a4><text> 0&gt;</text><week-of-month>3</week-of-month><week><Sep></Sep><daily-sales>200</daily-sales></week><week><Sep></Sep><daily-sales>201</daily-sales></week><week><Sep></Sep><daily-sales>202</daily-sales></week></a4><a4><text> 1&gt;</text><week-of-month>4</week-of-month><week><Sep></Sep><daily-sales>210</daily-sales></week><week><Sep></Sep><daily-sales>211</daily-sales></week><week><Sep></Sep><daily-sales>212</daily-sales></week><week><Sep></Sep><daily-sales>213</daily-sales></week></a4><a4><text> 2&gt;</text><week-of-month>5</week-of-month><week><Sep></Sep><daily-sales>220</daily-sales></week><week><Sep></Sep><daily-sales>221</daily-sales></week><week><Sep></Sep><daily-sales>222</daily-sales></week><week><Sep></Sep><daily-sales>223</daily-sales></week><week><Sep></Sep><daily-sales>224</daily-sales></week></a4></Location-Details><Location-Details><Test-id>line 25</Test-id><Month-Count>3</Month-Count><a4><text> 0&gt;</text><week-of-month>4</week-of-month><week><Sep></Sep><daily-sales>300</daily-sales></week><week><Sep></Sep><daily-sales>301</daily-sales></week><week><Sep></Sep><daily-sales>302</daily-sales></week><week><Sep></Sep><daily-sales>303</daily-sales></week></a4><a4><text> 1&gt;</text><week-of-month>5</week-of-month><week><Sep></Sep><daily-sales>310</daily-sales></week><week><Sep></Sep><daily-sales>311</daily-sales></week><week><Sep></Sep><daily-sales>312</daily-sales></week><week><Sep></Sep><daily-sales>313</daily-sales></week><week><Sep></Sep><daily-sales>314</daily-sales></week></a4><a4><text> 2&gt;</text><week-of-month>1</week-of-month><week><Sep></Sep><daily-sales>320</daily-sales></week></a4></Location-Details><Location-Details><Test-id>line 26</Test-id><Month-Count>3</Month-Count><a4><text> 0&gt;</text><week-of-month>5</week-of-month><week><Sep></Sep><daily-sales>400</daily-sales></week><week><Sep></Sep><daily-sales>401</daily-sales></week><week><Sep></Sep><daily-sales>402</daily-sales></week><week><Sep></Sep><daily-sales>403</daily-sales></week><week><Sep></Sep><daily-sales>404</daily-sales></week></a4><a4><text> 1&gt;</text><week-of-month>1</week-of-month><week><Sep></Sep><daily-sales>410</daily-sales></week></a4><a4><text> 2&gt;</text><week-of-month>2</week-of-month><week><Sep></Sep><daily-sales>420</daily-sales></week><week><Sep></Sep><daily-sales>421</daily-sales></week></a4></Location-Details><Location-Details><Test-id>line 27</Test-id><Month-Count>3</Month-Count><a4><text> 0&gt;</text><week-of-month>1</week-of-month><week><Sep></Sep><daily-sales>500</daily-sales></week></a4><a4><text> 1&gt;</text><week-of-month>2</week-of-month><week><Sep></Sep><daily-sales>510</daily-sales></week><week><Sep></Sep><daily-sales>511</daily-sales></week></a4><a4><text> 2&gt;</text><week-of-month>3</week-of-month><week><Sep></Sep><daily-sales>520</daily-sales></week><week><Sep></Sep><daily-sales>521</daily-sales></week><week><Sep></Sep><daily-sales>522</daily-sales></week></a4></Location-Details><Location-Details><Test-id>line 28</Test-id><Month-Count>3</Month-Count><a4><text> 0&gt;</text><week-of-month>2</week-of-month><week><Sep></Sep><daily-sales>600</daily-sales></week><week><Sep></Sep><daily-sales>601</daily-sales></week></a4><a4><text> 1&gt;</text><week-of-month>3</week-of-month><week><Sep></Sep><daily-sales>610</daily-sales></week><week><Sep></Sep><daily-sales>611</daily-sales></week><week><Sep></Sep><daily-sales>612</daily-sales></week></a4><a4><text> 2&gt;</text><week-of-month>4</week-of-month><week><Sep></Sep><daily-sales>620</daily-sales></week><week><Sep></Sep><daily-sales>621</daily-sales></week><week><Sep></Sep><daily-sales>622</daily-sales></week><week><Sep></Sep><daily-sales>623</daily-sales></week></a4></Location-Details><Location-Details><Test-id>line 29</Test-id><Month-Count>3</Month-Count><a4><text> 0&gt;</text><week-of-month>3</week-of-month><week><Sep></Sep><daily-sales>700</daily-sales></week><week><Sep></Sep><daily-sales>701</daily-sales></week><week><Sep></Sep><daily-sales>702</daily-sales></week></a4><a4><text> 1&gt;</text><week-of-month>4</week-of-month><week><Sep></Sep><daily-sales>710</daily-sales></week><week><Sep></Sep><daily-sales>711</daily-sales></week><week><Sep></Sep><daily-sales>712</daily-sales></week><week><Sep></Sep><daily-sales>713</daily-sales></week></a4><a4><text> 2&gt;</text><week-of-month>5</week-of-month><week><Sep></Sep><daily-sales>720</daily-sales></week><week><Sep></Sep><daily-sales>721</daily-sales></week><week><Sep></Sep><daily-sales>722</daily-sales></week><week><Sep></Sep><daily-sales>723</daily-sales></week><week><Sep></Sep><daily-sales>724</daily-sales></week></a4></Location-Details><Location-Details><Test-id>line 30</Test-id><Month-Count>3</Month-Count><a4><text> 0&gt;</text><week-of-month>4</week-of-month><week><Sep></Sep><daily-sales>800</daily-sales></week><week><Sep></Sep><daily-sales>801</daily-sales></week><week><Sep></Sep><daily-sales>802</daily-sales></week><week><Sep></Sep><daily-sales>803</daily-sales></week></a4><a4><text> 1&gt;</text><week-of-month>5</week-of-month><week><Sep></Sep><daily-sales>810</daily-sales></week><week><Sep></Sep><daily-sales>811</daily-sales></week><week><Sep></Sep><daily-sales>812</daily-sales></week><week><Sep></Sep><daily-sales>813</daily-sales></week><week><Sep></Sep><daily-sales>814</daily-sales></week></a4><a4><text> 2&gt;</text><week-of-month>1</week-of-month><week><Sep></Sep><daily-sales>820</daily-sales></week></a4></Location-Details><Location-Details><Test-id>line 31</Test-id><Month-Count>3</Month-Count><a4><text> 0&gt;</text><week-of-month>5</week-of-month><week><Sep></Sep><daily-sales>900</daily-sales></week><week><Sep></Sep><daily-sales>901</daily-sales></week><week><Sep></Sep><daily-sales>902</daily-sales></week><week><Sep></Sep><daily-sales>903</daily-sales></week><week><Sep></Sep><daily-sales>904</daily-sales></week></a4><a4><text> 1&gt;</text><week-of-month>1</week-of-month><week><Sep></Sep><daily-sales>910</daily-sales></week></a4><a4><text> 2&gt;</text><week-of-month>2</week-of-month><week><Sep></Sep><daily-sales>920</daily-sales></week><week><Sep></Sep><daily-sales>921</daily-sales></week></a4></Location-Details><Location-Details><Test-id>line 32</Test-id><Month-Count>4</Month-Count><a4><text> 0&gt;</text><week-of-month>1</week-of-month><week><Sep></Sep><daily-sales>0</daily-sales></week></a4><a4><text> 1&gt;</text><week-of-month>2</week-of-month><week><Sep></Sep><daily-sales>10</daily-sales></week><week><Sep></Sep><daily-sales>11</daily-sales></week></a4><a4><text> 2&gt;</text><week-of-month>3</week-of-month><week><Sep></Sep><daily-sales>20</daily-sales></week><week><Sep></Sep><daily-sales>21</daily-sales></week><week><Sep></Sep><daily-sales>22</daily-sales></week></a4><a4><text> 3&gt;</text><week-of-month>4</week-of-month><week><Sep></Sep><daily-sales>30</daily-sales></week><week><Sep></Sep><daily-sales>31</daily-sales></week><week><Sep></Sep><daily-sales>32</daily-sales></week><week><Sep></Sep><daily-sales>33</daily-sales></week></a4></Location-Details><Location-Details><Test-id>line 33</Test-id><Month-Count>4</Month-Count><a4><text> 0&gt;</text><week-of-month>2</week-of-month><week><Sep></Sep><daily-sales>100</daily-sales></week><week><Sep></Sep><daily-sales>101</daily-sales></week></a4><a4><text> 1&gt;</text><week-of-month>3</week-of-month><week><Sep></Sep><daily-sales>110</daily-sales></week><week><Sep></Sep><daily-sales>111</daily-sales></week><week><Sep></Sep><daily-sales>112</daily-sales></week></a4><a4><text> 2&gt;</text><week-of-month>4</week-of-month><week><Sep></Sep><daily-sales>120</daily-sales></week><week><Sep></Sep><daily-sales>121</daily-sales></week><week><Sep></Sep><daily-sales>122</daily-sales></week><week><Sep></Sep><daily-sales>123</daily-sales></week></a4><a4><text> 3&gt;</text><week-of-month>5</week-of-month><week><Sep></Sep><daily-sales>130</daily-sales></week><week><Sep></Sep><daily-sales>131</daily-sales></week><week><Sep></Sep><daily-sales>132</daily-sales></week><week><Sep></Sep><daily-sales>133</daily-sales></week><week><Sep></Sep><daily-sales>134</daily-sales></week></a4></Location-Details><Location-Details><Test-id>line 34</Test-id><Month-Count>4</Month-Count><a4><text> 0&gt;</text><week-of-month>3</week-of-month><week><Sep></Sep><daily-sales>200</daily-sales></week><week><Sep></Sep><daily-sales>201</daily-sales></week><week><Sep></Sep><daily-sales>202</daily-sales></week></a4><a4><text> 1&gt;</text><week-of-month>4</week-of-month><week><Sep></Sep><daily-sales>210</daily-sales></week><week><Sep></Sep><daily-sales>211</daily-sales></week><week><Sep></Sep><daily-sales>212</daily-sales></week><week><Sep></Sep><daily-sales>213</daily-sales></week></a4><a4><text> 2&gt;</text><week-of-month>5</week-of-month><week><Sep></Sep><daily-sales>220</daily-sales></week><week><Sep></Sep><daily-sales>221</daily-sales></week><week><Sep></Sep><daily-sales>222</daily-sales></week><week><Sep></Sep><daily-sales>223</daily-sales></week><week><Sep></Sep><daily-sales>224</daily-sales></week></a4><a4><text> 3&gt;</text><week-of-month>1</week-of-month><week><Sep></Sep><daily-sales>230</daily-sales></week></a4></Location-Details><Location-Details><Test-id>line 35</Test-id><Month-Count>4</Month-Count><a4><text> 0&gt;</text><week-of-month>4</week-of-month><week><Sep></Sep><daily-sales>300</daily-sales></week><week><Sep></Sep><daily-sales>301</daily-sales></week><week><Sep></Sep><daily-sales>302</daily-sales></week><week><Sep></Sep><daily-sales>303</daily-sales></week></a4><a4><text> 1&gt;</text><week-of-month>5</week-of-month><week><Sep></Sep><daily-sales>310</daily-sales></week><week><Sep></Sep><daily-sales>311</daily-sales></week><week><Sep></Sep><daily-sales>312</daily-sales></week><week><Sep></Sep><daily-sales>313</daily-sales></week><week><Sep></Sep><daily-sales>314</daily-sales></week></a4><a4><text> 2&gt;</text><week-of-month>1</week-of-month><week><Sep></Sep><daily-sales>320</daily-sales></week></a4><a4><text> 3&gt;</text><week-of-month>2</week-of-month><week><Sep></Sep><daily-sales>330</daily-sales></week><week><Sep></Sep><daily-sales>331</daily-sales></week></a4></Location-Details><Location-Details><Test-id>line 36</Test-id><Month-Count>4</Month-Count><a4><text> 0&gt;</text><week-of-month>5</week-of-month><week><Sep></Sep><daily-sales>400</daily-sales></week><week><Sep></Sep><daily-sales>401</daily-sales></week><week><Sep></Sep><daily-sales>402</daily-sales></week><week><Sep></Sep><daily-sales>403</daily-sales></week><week><Sep></Sep><daily-sales>404</daily-sales></week></a4><a4><text> 1&gt;</text><week-of-month>1</week-of-month><week><Sep></Sep><daily-sales>410</daily-sales></week></a4><a4><text> 2&gt;</text><week-of-month>2</week-of-month><week><Sep></Sep><daily-sales>420</daily-sales></week><week><Sep></Sep><daily-sales>421</daily-sales></week></a4><a4><text> 3&gt;</text><week-of-month>3</week-of-month><week><Sep></Sep><daily-sales>430</daily-sales></week><week><Sep></Sep><daily-sales>431</daily-sales></week><week><Sep></Sep><daily-sales>432</daily-sales></week></a4></Location-Details><Location-Details><Test-id>line 37</Test-id><Month-Count>4</Month-Count><a4><text> 0&gt;</text><week-of-month>1</week-of-month><week><Sep></Sep><daily-sales>500</daily-sales></week></a4><a4><text> 1&gt;</text><week-of-month>2</week-of-month><week><Sep></Sep><daily-sales>510</daily-sales></week><week><Sep></Sep><daily-sales>511</daily-sales></week></a4><a4><text> 2&gt;</text><week-of-month>3</week-of-month><week><Sep></Sep><daily-sales>520</daily-sales></week><week><Sep></Sep><daily-sales>521</daily-sales></week><week><Sep></Sep><daily-sales>522</daily-sales></week></a4><a4><text> 3&gt;</text><week-of-month>4</week-of-month><week><Sep></Sep><daily-sales>530</daily-sales></week><week><Sep></Sep><daily-sales>531</daily-sales></week><week><Sep></Sep><daily-sales>532</daily-sales></week><week><Sep></Sep><daily-sales>533</daily-sales></week></a4></Location-Details><Location-Details><Test-id>line 38</Test-id><Month-Count>4</Month-Count><a4><text> 0&gt;</text><week-of-month>2</week-of-month><week><Sep></Sep><daily-sales>600</daily-sales></week><week><Sep></Sep><daily-sales>601</daily-sales></week></a4><a4><text> 1&gt;</text><week-of-month>3</week-of-month><week><Sep></Sep><daily-sales>610</daily-sales></week><week><Sep></Sep><daily-sales>611</daily-sales></week><week><Sep></Sep><daily-sales>612</daily-sales></week></a4><a4><text> 2&gt;</text><week-of-month>4</week-of-month><week><Sep></Sep><daily-sales>620</daily-sales></week><week><Sep></Sep><daily-sales>621</daily-sales></week><week><Sep></Sep><daily-sales>622</daily-sales></week><week><Sep></Sep><daily-sales>623</daily-sales></week></a4><a4><text> 3&gt;</text><week-of-month>5</week-of-month><week><Sep></Sep><daily-sales>630</daily-sales></week><week><Sep></Sep><daily-sales>631</daily-sales></week><week><Sep></Sep><daily-sales>632</daily-sales></week><week><Sep></Sep><daily-sales>633</daily-sales></week><week><Sep></Sep><daily-sales>634</daily-sales></week></a4></Location-Details><Location-Details><Test-id>line 39</Test-id><Month-Count>4</Month-Count><a4><text> 0&gt;</text><week-of-month>3</week-of-month><week><Sep></Sep><daily-sales>700</daily-sales></week><week><Sep></Sep><daily-sales>701</daily-sales></week><week><Sep></Sep><daily-sales>702</daily-sales></week></a4><a4><text> 1&gt;</text><week-of-month>4</week-of-month><week><Sep></Sep><daily-sales>710</daily-sales></week><week><Sep></Sep><daily-sales>711</daily-sales></week><week><Sep></Sep><daily-sales>712</daily-sales></week><week><Sep></Sep><daily-sales>713</daily-sales></week></a4><a4><text> 2&gt;</text><week-of-month>5</week-of-month><week><Sep></Sep><daily-sales>720</daily-sales></week><week><Sep></Sep><daily-sales>721</daily-sales></week><week><Sep></Sep><daily-sales>722</daily-sales></week><week><Sep></Sep><daily-sales>723</daily-sales></week><week><Sep></Sep><daily-sales>724</daily-sales></week></a4><a4><text> 3&gt;</text><week-of-month>1</week-of-month><week><Sep></Sep><daily-sales>730</daily-sales></week></a4></Location-Details><Location-Details><Test-id>line 40</Test-id><Month-Count>4</Month-Count><a4><text> 0&gt;</text><week-of-month>4</week-of-month><week><Sep></Sep><daily-sales>800</daily-sales></week><week><Sep></Sep><daily-sales>801</daily-sales></week><week><Sep></Sep><daily-sales>802</daily-sales></week><week><Sep></Sep><daily-sales>803</daily-sales></week></a4><a4><text> 1&gt;</text><week-of-month>5</week-of-month><week><Sep></Sep><daily-sales>810</daily-sales></week><week><Sep></Sep><daily-sales>811</daily-sales></week><week><Sep></Sep><daily-sales>812</daily-sales></week><week><Sep></Sep><daily-sales>813</daily-sales></week><week><Sep></Sep><daily-sales>814</daily-sales></week></a4><a4><text> 2&gt;</text><week-of-month>1</week-of-month><week><Sep></Sep><daily-sales>820</daily-sales></week></a4><a4><text> 3&gt;</text><week-of-month>2</week-of-month><week><Sep></Sep><daily-sales>830</daily-sales></week><week><Sep></Sep><daily-sales>831</daily-sales></week></a4></Location-Details><Location-Details><Test-id>line 41</Test-id><Month-Count>4</Month-Count><a4><text> 0&gt;</text><week-of-month>5</week-of-month><week><Sep></Sep><daily-sales>900</daily-sales></week><week><Sep></Sep><daily-sales>901</daily-sales></week><week><Sep></Sep><daily-sales>902</daily-sales></week><week><Sep></Sep><daily-sales>903</daily-sales></week><week><Sep></Sep><daily-sales>904</daily-sales></week></a4><a4><text> 1&gt;</text><week-of-month>1</week-of-month><week><Sep></Sep><daily-sales>910</daily-sales></week></a4><a4><text> 2&gt;</text><week-of-month>2</week-of-month><week><Sep></Sep><daily-sales>920</daily-sales></week><week><Sep></Sep><daily-sales>921</daily-sales></week></a4><a4><text> 3&gt;</text><week-of-month>3</week-of-month><week><Sep></Sep><daily-sales>930</daily-sales></week><week><Sep></Sep><daily-sales>931</daily-sales></week><week><Sep></Sep><daily-sales>932</daily-sales></week></a4></Location-Details></CobolData>