<?xml version="1.0" encoding="UTF-8"?><copybook><Ams-Vendor><Brand>TAR</Brand><Location-details><Location-Number>5839</Location-Number><Location-Type>DC</Location-Type><Location-Name>DC - Taras Ave</Location-Name></Location-details><Address-Details><actual-address><Address-line></Address-line><Address-line>30-68 Taras Ave</Address-line><Address-3>Altona North</Address-3></actual-address><Postcode>3025</Postcode><Empty></Empty><State>VIC</State></Address-Details><Location-Active>A</Location-Active></Ams-Vendor><Ams-Vendor><Brand>TAR</Brand><Location-details><Location-Number>5850</Location-Number><Location-Type>DC</Location-Type><Location-Name>VIC West Ad Support</Location-Name></Location-details><Address-Details><actual-address><Address-line></Address-line><Address-line>Lot 2 Little Boundary Rd</Address-line><Address-3>Laverton</Address-3></actual-address><Postcode>3028</Postcode><Empty></Empty><State>VIC</State></Address-Details><Location-Active>A</Location-Active></Ams-Vendor><Ams-Vendor><Brand>TAR</Brand><Location-details><Location-Number>5853</Location-Number><Location-Type>DC</Location-Type><Location-Name>NSW North Sydney Ad Support</Location-Name></Location-details><Address-Details><actual-address><Address-line></Address-line><Address-line></Address-line><Address-3></Address-3></actual-address><Postcode>0</Postcode><Empty></Empty><State></State></Address-Details><Location-Active>A</Location-Active></Ams-Vendor><Ams-Vendor><Brand>TAR</Brand><Location-details><Location-Number>5866</Location-Number><Location-Type>DC</Location-Type><Location-Name>WA Ad Support</Location-Name></Location-details><Address-Details><actual-address><Address-line></Address-line><Address-line></Address-line><Address-3></Address-3></actual-address><Postcode>0</Postcode><Empty></Empty><State></State></Address-Details><Location-Active>A</Location-Active></Ams-Vendor><Ams-Vendor><Brand>TAR</Brand><Location-details><Location-Number>5015</Location-Number><Location-Type>ST</Location-Type><Location-Name>Bankstown</Location-Name></Location-details><Address-Details><actual-address><Address-line>Bankstown</Address-line><Address-line>Unit 2, 39-41 Allingham Street</Address-line><Address-3>Condell Park</Address-3></actual-address><Postcode>2200</Postcode><Empty></Empty><State>NSW</State></Address-Details><Location-Active>A</Location-Active></Ams-Vendor><Ams-Vendor><Brand>TAR</Brand><Location-details><Location-Number>5019</Location-Number><Location-Type>ST</Location-Type><Location-Name>Penrith</Location-Name></Location-details><Address-Details><actual-address><Address-line>Penrith</Address-line><Address-line>58 Leland Street</Address-line><Address-3>Penrith</Address-3></actual-address><Postcode>2750</Postcode><Empty></Empty><State>NSW</State></Address-Details><Location-Active>A</Location-Active></Ams-Vendor><Ams-Vendor><Brand>TAR</Brand><Location-details><Location-Number>5033</Location-Number><Location-Type>ST</Location-Type><Location-Name>Blacktown</Location-Name></Location-details><Address-Details><actual-address><Address-line>Marayong</Address-line><Address-line>Dock 2, 11 Melissa Place</Address-line><Address-3>Marayong</Address-3></actual-address><Postcode>2148</Postcode><Empty></Empty><State>NSW</State></Address-Details><Location-Active>A</Location-Active></Ams-Vendor><Ams-Vendor><Brand>TAR</Brand><Location-details><Location-Number>5035</Location-Number><Location-Type>ST</Location-Type><Location-Name>Rockdale</Location-Name></Location-details><Address-Details><actual-address><Address-line>Building B,  Portside DC</Address-line><Address-line>2-8 Mc Pherson Street</Address-line><Address-3>Botany</Address-3></actual-address><Postcode>2019</Postcode><Empty></Empty><State>NSW</State></Address-Details><Location-Active>A</Location-Active></Ams-Vendor><Ams-Vendor><Brand>TAR</Brand><Location-details><Location-Number>5037</Location-Number><Location-Type>ST</Location-Type><Location-Name>Miranda</Location-Name></Location-details><Address-Details><actual-address><Address-line>Westfield Shoppingtown</Address-line><Address-line>Cnr. Urunga Pde &amp; The Kingsway</Address-line><Address-3>Miranda</Address-3></actual-address><Postcode>2228</Postcode><Empty></Empty><State>NSW</State></Address-Details><Location-Active>A</Location-Active></Ams-Vendor><Ams-Vendor><Brand>TAR</Brand><Location-details><Location-Number>5052</Location-Number><Location-Type>ST</Location-Type><Location-Name>Eastwood</Location-Name></Location-details><Address-Details><actual-address><Address-line>Marayong Offsite Reserve</Address-line><Address-line>11 Melissa Place</Address-line><Address-3>Marayong</Address-3></actual-address><Postcode>2148</Postcode><Empty></Empty><State>NSW</State></Address-Details><Location-Active>A</Location-Active></Ams-Vendor><Ams-Vendor><Brand>TAR</Brand><Location-details><Location-Number>5055</Location-Number><Location-Type>ST</Location-Type><Location-Name>Leichhardt</Location-Name></Location-details><Address-Details><actual-address><Address-line>Marketown</Address-line><Address-line>Marion Street</Address-line><Address-3>Leichhardt</Address-3></actual-address><Postcode>2040</Postcode><Empty></Empty><State>NSW</State></Address-Details><Location-Active>A</Location-Active></Ams-Vendor><Ams-Vendor><Brand>TAR</Brand><Location-details><Location-Number>5060</Location-Number><Location-Type>ST</Location-Type><Location-Name>St Marys</Location-Name></Location-details><Address-Details><actual-address><Address-line>St. Mary's</Address-line><Address-line>Charles Hackett Drive</Address-line><Address-3>St Mary's</Address-3></actual-address><Postcode>2760</Postcode><Empty></Empty><State>NSW</State></Address-Details><Location-Active>A</Location-Active></Ams-Vendor><Ams-Vendor><Brand>TAR</Brand><Location-details><Location-Number>5070</Location-Number><Location-Type>ST</Location-Type><Location-Name>Bass Hill</Location-Name></Location-details><Address-Details><actual-address><Address-line>Bass Hill Plaza</Address-line><Address-line>753 Hume Highway</Address-line><Address-3>Bass Hill</Address-3></actual-address><Postcode>2197</Postcode><Empty></Empty><State>NSW</State></Address-Details><Location-Active>A</Location-Active></Ams-Vendor><Ams-Vendor><Brand>TAR</Brand><Location-details><Location-Number>5074</Location-Number><Location-Type>ST</Location-Type><Location-Name>Campbelltown</Location-Name></Location-details><Address-Details><actual-address><Address-line>Campbelltown Mall</Address-line><Address-line>303 Queen Street</Address-line><Address-3>Campbelltown</Address-3></actual-address><Postcode>2560</Postcode><Empty></Empty><State>NSW</State></Address-Details><Location-Active>A</Location-Active></Ams-Vendor><Ams-Vendor><Brand>TAR</Brand><Location-details><Location-Number>5078</Location-Number><Location-Type>ST</Location-Type><Location-Name>Warringah Mall</Location-Name></Location-details><Address-Details><actual-address><Address-line>Frenchs Forest</Address-line><Address-line>Units 2-3, 14 Aquatic Drive</Address-line><Address-3>Frenchs Forest</Address-3></actual-address><Postcode>2086</Postcode><Empty></Empty><State>NSW</State></Address-Details><Location-Active>A</Location-Active></Ams-Vendor><Ams-Vendor><Brand>TAR</Brand><Location-details><Location-Number>5081</Location-Number><Location-Type>ST</Location-Type><Location-Name>Ashfield</Location-Name></Location-details><Address-Details><actual-address><Address-line>Ashfield Mall</Address-line><Address-line>Knox Street</Address-line><Address-3>Ashfield</Address-3></actual-address><Postcode>2131</Postcode><Empty></Empty><State>NSW</State></Address-Details><Location-Active>A</Location-Active></Ams-Vendor><Ams-Vendor><Brand>TAR</Brand><Location-details><Location-Number>5085</Location-Number><Location-Type>ST</Location-Type><Location-Name>Roselands</Location-Name></Location-details><Address-Details><actual-address><Address-line>Condell park</Address-line><Address-line>Unit 2, 39-41 Allingham Street</Address-line><Address-3>Condell Park</Address-3></actual-address><Postcode>2200</Postcode><Empty></Empty><State>NSW</State></Address-Details><Location-Active>A</Location-Active></Ams-Vendor><Ams-Vendor><Brand>TAR</Brand><Location-details><Location-Number>5090</Location-Number><Location-Type>ST</Location-Type><Location-Name>Carlingford Court</Location-Name></Location-details><Address-Details><actual-address><Address-line></Address-line><Address-line>Dock 1, 11 Melissa Place</Address-line><Address-3>Marayong</Address-3></actual-address><Postcode>2148</Postcode><Empty></Empty><State>NSW</State></Address-Details><Location-Active>A</Location-Active></Ams-Vendor><Ams-Vendor><Brand>TAR</Brand><Location-details><Location-Number>5091</Location-Number><Location-Type>ST</Location-Type><Location-Name>Chatswood</Location-Name></Location-details><Address-Details><actual-address><Address-line>Frenchs Forest</Address-line><Address-line>Unit 2-3, 14 Aquatic Drive</Address-line><Address-3>Frenchs Forest</Address-3></actual-address><Postcode>2086</Postcode><Empty></Empty><State>NSW</State></Address-Details><Location-Active>A</Location-Active></Ams-Vendor><Ams-Vendor><Brand>TAR</Brand><Location-details><Location-Number>5093</Location-Number><Location-Type>ST</Location-Type><Location-Name>Liverpool</Location-Name></Location-details><Address-Details><actual-address><Address-line>Westfield Phoenix Plaza</Address-line><Address-line>Northumberland Street</Address-line><Address-3>Liverpool</Address-3></actual-address><Postcode>2170</Postcode><Empty></Empty><State>NSW</State></Address-Details><Location-Active>A</Location-Active></Ams-Vendor></copybook>