<?xml version="1.0" encoding="UTF-8"?><copybook><Ams-Vendor><Brand>TAR</Brand><Location-details><Location-Number>5839</Location-Number><Location-Type>DC</Location-Type><Location-Name>DC - Taras Ave</Location-Name></Location-details><Address-Details><actual-address><Address-1></Address-1><Address-2>30-68 Taras Ave</Address-2><Address-3>Altona North</Address-3></actual-address><Postcode>3025</Postcode><Empty></Empty><State>VIC</State></Address-Details><Location-Active>A</Location-Active></Ams-Vendor><Ams-Vendor><Brand>TAR</Brand><Location-details><Location-Number>5850</Location-Number><Location-Type>DC</Location-Type><Location-Name>VIC West Ad Support</Location-Name></Location-details><Address-Details><actual-address><Address-1></Address-1><Address-2>Lot 2 Little Boundary Rd</Address-2><Address-3>Laverton</Address-3></actual-address><Postcode>3028</Postcode><Empty></Empty><State>VIC</State></Address-Details><Location-Active>A</Location-Active></Ams-Vendor><Ams-Vendor><Brand>TAR</Brand><Location-details><Location-Number>5853</Location-Number><Location-Type>DC</Location-Type><Location-Name>NSW North Sydney Ad Support</Location-Name></Location-details><Address-Details><actual-address><Address-1></Address-1><Address-2></Address-2><Address-3></Address-3></actual-address><Postcode>0</Postcode><Empty></Empty><State></State></Address-Details><Location-Active>A</Location-Active></Ams-Vendor><Ams-Vendor><Brand>TAR</Brand><Location-details><Location-Number>5866</Location-Number><Location-Type>DC</Location-Type><Location-Name>WA Ad Support</Location-Name></Location-details><Address-Details><actual-address><Address-1></Address-1><Address-2></Address-2><Address-3></Address-3></actual-address><Postcode>0</Postcode><Empty></Empty><State></State></Address-Details><Location-Active>A</Location-Active></Ams-Vendor><Ams-Vendor><Brand>TAR</Brand><Location-details><Location-Number>5015</Location-Number><Location-Type>ST</Location-Type><Location-Name>Bankstown</Location-Name></Location-details><Address-Details><actual-address><Address-1>Bankstown</Address-1><Address-2>Unit 2, 39-41 Allingham Street</Address-2><Address-3>Condell Park</Address-3></actual-address><Postcode>2200</Postcode><Empty></Empty><State>NSW</State></Address-Details><Location-Active>A</Location-Active></Ams-Vendor><Ams-Vendor><Brand>TAR</Brand><Location-details><Location-Number>5019</Location-Number><Location-Type>ST</Location-Type><Location-Name>Penrith</Location-Name></Location-details><Address-Details><actual-address><Address-1>Penrith</Address-1><Address-2>58 Leland Street</Address-2><Address-3>Penrith</Address-3></actual-address><Postcode>2750</Postcode><Empty></Empty><State>NSW</State></Address-Details><Location-Active>A</Location-Active></Ams-Vendor><Ams-Vendor><Brand>TAR</Brand><Location-details><Location-Number>5033</Location-Number><Location-Type>ST</Location-Type><Location-Name>Blacktown</Location-Name></Location-details><Address-Details><actual-address><Address-1>Marayong</Address-1><Address-2>Dock 2, 11 Melissa Place</Address-2><Address-3>Marayong</Address-3></actual-address><Postcode>2148</Postcode><Empty></Empty><State>NSW</State></Address-Details><Location-Active>A</Location-Active></Ams-Vendor><Ams-Vendor><Brand>TAR</Brand><Location-details><Location-Number>5035</Location-Number><Location-Type>ST</Location-Type><Location-Name>Rockdale</Location-Name></Location-details><Address-Details><actual-address><Address-1>Building B,  Portside DC</Address-1><Address-2>2-8 Mc Pherson Street</Address-2><Address-3>Botany</Address-3></actual-address><Postcode>2019</Postcode><Empty></Empty><State>NSW</State></Address-Details><Location-Active>A</Location-Active></Ams-Vendor><Ams-Vendor><Brand>TAR</Brand><Location-details><Location-Number>5037</Location-Number><Location-Type>ST</Location-Type><Location-Name>Miranda</Location-Name></Location-details><Address-Details><actual-address><Address-1>Westfield Shoppingtown</Address-1><Address-2>Cnr. Urunga Pde &amp; The Kingsway</Address-2><Address-3>Miranda</Address-3></actual-address><Postcode>2228</Postcode><Empty></Empty><State>NSW</State></Address-Details><Location-Active>A</Location-Active></Ams-Vendor><Ams-Vendor><Brand>TAR</Brand><Location-details><Location-Number>5052</Location-Number><Location-Type>ST</Location-Type><Location-Name>Eastwood</Location-Name></Location-details><Address-Details><actual-address><Address-1>Marayong Offsite Reserve</Address-1><Address-2>11 Melissa Place</Address-2><Address-3>Marayong</Address-3></actual-address><Postcode>2148</Postcode><Empty></Empty><State>NSW</State></Address-Details><Location-Active>A</Location-Active></Ams-Vendor><Ams-Vendor><Brand>TAR</Brand><Location-details><Location-Number>5055</Location-Number><Location-Type>ST</Location-Type><Location-Name>Leichhardt</Location-Name></Location-details><Address-Details><actual-address><Address-1>Marketown</Address-1><Address-2>Marion Street</Address-2><Address-3>Leichhardt</Address-3></actual-address><Postcode>2040</Postcode><Empty></Empty><State>NSW</State></Address-Details><Location-Active>A</Location-Active></Ams-Vendor><Ams-Vendor><Brand>TAR</Brand><Location-details><Location-Number>5060</Location-Number><Location-Type>ST</Location-Type><Location-Name>St Marys</Location-Name></Location-details><Address-Details><actual-address><Address-1>St. Mary's</Address-1><Address-2>Charles Hackett Drive</Address-2><Address-3>St Mary's</Address-3></actual-address><Postcode>2760</Postcode><Empty></Empty><State>NSW</State></Address-Details><Location-Active>A</Location-Active></Ams-Vendor><Ams-Vendor><Brand>TAR</Brand><Location-details><Location-Number>5070</Location-Number><Location-Type>ST</Location-Type><Location-Name>Bass Hill</Location-Name></Location-details><Address-Details><actual-address><Address-1>Bass Hill Plaza</Address-1><Address-2>753 Hume Highway</Address-2><Address-3>Bass Hill</Address-3></actual-address><Postcode>2197</Postcode><Empty></Empty><State>NSW</State></Address-Details><Location-Active>A</Location-Active></Ams-Vendor><Ams-Vendor><Brand>TAR</Brand><Location-details><Location-Number>5074</Location-Number><Location-Type>ST</Location-Type><Location-Name>Campbelltown</Location-Name></Location-details><Address-Details><actual-address><Address-1>Campbelltown Mall</Address-1><Address-2>303 Queen Street</Address-2><Address-3>Campbelltown</Address-3></actual-address><Postcode>2560</Postcode><Empty></Empty><State>NSW</State></Address-Details><Location-Active>A</Location-Active></Ams-Vendor><Ams-Vendor><Brand>TAR</Brand><Location-details><Location-Number>5078</Location-Number><Location-Type>ST</Location-Type><Location-Name>Warringah Mall</Location-Name></Location-details><Address-Details><actual-address><Address-1>Frenchs Forest</Address-1><Address-2>Units 2-3, 14 Aquatic Drive</Address-2><Address-3>Frenchs Forest</Address-3></actual-address><Postcode>2086</Postcode><Empty></Empty><State>NSW</State></Address-Details><Location-Active>A</Location-Active></Ams-Vendor><Ams-Vendor><Brand>TAR</Brand><Location-details><Location-Number>5081</Location-Number><Location-Type>ST</Location-Type><Location-Name>Ashfield</Location-Name></Location-details><Address-Details><actual-address><Address-1>Ashfield Mall</Address-1><Address-2>Knox Street</Address-2><Address-3>Ashfield</Address-3></actual-address><Postcode>2131</Postcode><Empty></Empty><State>NSW</State></Address-Details><Location-Active>A</Location-Active></Ams-Vendor><Ams-Vendor><Brand>TAR</Brand><Location-details><Location-Number>5085</Location-Number><Location-Type>ST</Location-Type><Location-Name>Roselands</Location-Name></Location-details><Address-Details><actual-address><Address-1>Condell park</Address-1><Address-2>Unit 2, 39-41 Allingham Street</Address-2><Address-3>Condell Park</Address-3></actual-address><Postcode>2200</Postcode><Empty></Empty><State>NSW</State></Address-Details><Location-Active>A</Location-Active></Ams-Vendor><Ams-Vendor><Brand>TAR</Brand><Location-details><Location-Number>5090</Location-Number><Location-Type>ST</Location-Type><Location-Name>Carlingford Court</Location-Name></Location-details><Address-Details><actual-address><Address-1></Address-1><Address-2>Dock 1, 11 Melissa Place</Address-2><Address-3>Marayong</Address-3></actual-address><Postcode>2148</Postcode><Empty></Empty><State>NSW</State></Address-Details><Location-Active>A</Location-Active></Ams-Vendor><Ams-Vendor><Brand>TAR</Brand><Location-details><Location-Number>5091</Location-Number><Location-Type>ST</Location-Type><Location-Name>Chatswood</Location-Name></Location-details><Address-Details><actual-address><Address-1>Frenchs Forest</Address-1><Address-2>Unit 2-3, 14 Aquatic Drive</Address-2><Address-3>Frenchs Forest</Address-3></actual-address><Postcode>2086</Postcode><Empty></Empty><State>NSW</State></Address-Details><Location-Active>A</Location-Active></Ams-Vendor><Ams-Vendor><Brand>TAR</Brand><Location-details><Location-Number>5093</Location-Number><Location-Type>ST</Location-Type><Location-Name>Liverpool</Location-Name></Location-details><Address-Details><actual-address><Address-1>Westfield Phoenix Plaza</Address-1><Address-2>Northumberland Street</Address-2><Address-3>Liverpool</Address-3></actual-address><Postcode>2170</Postcode><Empty></Empty><State>NSW</State></Address-Details><Location-Active>A</Location-Active></Ams-Vendor></copybook>