<?xml version="1.0" encoding="UTF-8"?><copybook><Date-Control><Code>0</Code><Date>30528</Date><Days>512</Days></Date-Control><Date-Control><Code>1</Code><Date>30529</Date><Days>513</Days></Date-Control><Date-Control><Code>2</Code><Date>30530</Date><Days>514</Days></Date-Control><Date-Control><Code>3</Code><Date>30531</Date><Days>515</Days></Date-Control><Date-Control><Code>4</Code><Date>30601</Date><Days>516</Days></Date-Control><Date-Control><Code>5</Code><Date>30602</Date><Days>517</Days></Date-Control><Date-Control><Code>6</Code><Date>30603</Date><Days>518</Days></Date-Control><Date-Control><Code>7</Code><Date>30604</Date><Days>519</Days></Date-Control><Date-Control><Code>8</Code><Date>30605</Date><Days>520</Days></Date-Control><Date-Control><Code>9</Code><Date>30606</Date><Days>521</Days></Date-Control><Date-Control><Code>10</Code><Date>30607</Date><Days>522</Days></Date-Control><Date-Control><Code>11</Code><Date>30608</Date><Days>523</Days></Date-Control><Date-Control><Code>12</Code><Date>30609</Date><Days>524</Days></Date-Control><Date-Control><Code>13</Code><Date>30610</Date><Days>525</Days></Date-Control><Date-Control><Code>14</Code><Date>30611</Date><Days>526</Days></Date-Control><Date-Control><Code>15</Code><Date>30612</Date><Days>527</Days></Date-Control><Date-Control><Code>16</Code><Date>30613</Date><Days>528</Days></Date-Control><Date-Control><Code>17</Code><Date>30614</Date><Days>529</Days></Date-Control><Date-Control><Code>18</Code><Date>30615</Date><Days>530</Days></Date-Control><Date-Control><Code>19</Code><Date>30616</Date><Days>531</Days></Date-Control><Date-Control><Code>20</Code><Date>30617</Date><Days>532</Days></Date-Control><Date-Control><Code>21</Code><Date>30618</Date><Days>533</Days></Date-Control><Date-Control><Code>22</Code><Date>30619</Date><Days>534</Days></Date-Control><Date-Control><Code>23</Code><Date>30620</Date><Days>535</Days></Date-Control><Date-Control><Code>24</Code><Date>30621</Date><Days>536</Days></Date-Control><Date-Control><Code>25</Code><Date>30622</Date><Days>537</Days></Date-Control><Date-Control><Code>26</Code><Date>30623</Date><Days>538</Days></Date-Control><Date-Control><Code>27</Code><Date>30624</Date><Days>539</Days></Date-Control><Date-Control><Code>28</Code><Date>30625</Date><Days>540</Days></Date-Control><Date-Control><Code>29</Code><Date>30626</Date><Days>541</Days></Date-Control><Date-Control><Code>30</Code><Date>30627</Date><Days>542</Days></Date-Control><Date-Control><Code>31</Code><Date>30628</Date><Days>543</Days></Date-Control><Date-Control><Code>32</Code><Date>30629</Date><Days>544</Days></Date-Control><Date-Control><Code>33</Code><Date>30630</Date><Days>545</Days></Date-Control><Date-Control><Code>34</Code><Date>30701</Date><Days>546</Days></Date-Control><Date-Control><Code>35</Code><Date>30702</Date><Days>547</Days></Date-Control><Date-Control><Code>36</Code><Date>30703</Date><Days>548</Days></Date-Control><Date-Control><Code>37</Code><Date>30704</Date><Days>549</Days></Date-Control><Date-Control><Code>38</Code><Date>30705</Date><Days>550</Days></Date-Control><Date-Control><Code>39</Code><Date>30706</Date><Days>551</Days></Date-Control><Date-Control><Code>40</Code><Date>30707</Date><Days>552</Days></Date-Control><Date-Control><Code>41</Code><Date>30708</Date><Days>553</Days></Date-Control><Date-Control><Code>42</Code><Date>30709</Date><Days>554</Days></Date-Control><Date-Control><Code>43</Code><Date>30710</Date><Days>555</Days></Date-Control><Date-Control><Code>44</Code><Date>30711</Date><Days>556</Days></Date-Control><Date-Control><Code>45</Code><Date>30712</Date><Days>557</Days></Date-Control><Date-Control><Code>46</Code><Date>30713</Date><Days>558</Days></Date-Control><Date-Control><Code>47</Code><Date>30714</Date><Days>559</Days></Date-Control><Date-Control><Code>48</Code><Date>30715</Date><Days>560</Days></Date-Control><Date-Control><Code>49</Code><Date>30716</Date><Days>561</Days></Date-Control><Date-Control><Code>50</Code><Date>30717</Date><Days>562</Days></Date-Control><Date-Control><Code>51</Code><Date>30718</Date><Days>563</Days></Date-Control><Date-Control><Code>52</Code><Date>30719</Date><Days>564</Days></Date-Control><Date-Control><Code>53</Code><Date>30720</Date><Days>565</Days></Date-Control><Date-Control><Code>54</Code><Date>30721</Date><Days>566</Days></Date-Control><Date-Control><Code>55</Code><Date>30722</Date><Days>567</Days></Date-Control><Date-Control><Code>56</Code><Date>30723</Date><Days>568</Days></Date-Control><Date-Control><Code>57</Code><Date>30724</Date><Days>569</Days></Date-Control><Date-Control><Code>58</Code><Date>30725</Date><Days>570</Days></Date-Control><Date-Control><Code>59</Code><Date>30726</Date><Days>571</Days></Date-Control><Date-Control><Code>60</Code><Date>30727</Date><Days>572</Days></Date-Control><Date-Control><Code>61</Code><Date>30728</Date><Days>573</Days></Date-Control><Date-Control><Code>62</Code><Date>30729</Date><Days>574</Days></Date-Control><Date-Control><Code>63</Code><Date>30730</Date><Days>575</Days></Date-Control><Date-Control><Code>64</Code><Date>30731</Date><Days>576</Days></Date-Control><Date-Control><Code>65</Code><Date>30801</Date><Days>577</Days></Date-Control><Date-Control><Code>66</Code><Date>30802</Date><Days>578</Days></Date-Control><Date-Control><Code>67</Code><Date>30803</Date><Days>579</Days></Date-Control><Date-Control><Code>68</Code><Date>30804</Date><Days>580</Days></Date-Control><Date-Control><Code>69</Code><Date>30805</Date><Days>581</Days></Date-Control><Date-Control><Code>70</Code><Date>30806</Date><Days>582</Days></Date-Control><Date-Control><Code>71</Code><Date>30807</Date><Days>583</Days></Date-Control><Date-Control><Code>72</Code><Date>30808</Date><Days>584</Days></Date-Control><Date-Control><Code>73</Code><Date>30809</Date><Days>585</Days></Date-Control><Date-Control><Code>74</Code><Date>30810</Date><Days>586</Days></Date-Control><Date-Control><Code>75</Code><Date>30811</Date><Days>587</Days></Date-Control><Date-Control><Code>76</Code><Date>30812</Date><Days>588</Days></Date-Control><Date-Control><Code>77</Code><Date>30813</Date><Days>589</Days></Date-Control><Date-Control><Code>78</Code><Date>30814</Date><Days>590</Days></Date-Control><Date-Control><Code>79</Code><Date>30815</Date><Days>591</Days></Date-Control><Date-Control><Code>80</Code><Date>30816</Date><Days>592</Days></Date-Control><Date-Control><Code>81</Code><Date>30817</Date><Days>593</Days></Date-Control><Date-Control><Code>82</Code><Date>30818</Date><Days>594</Days></Date-Control><Date-Control><Code>83</Code><Date>30819</Date><Days>595</Days></Date-Control><Date-Control><Code>84</Code><Date>30820</Date><Days>596</Days></Date-Control><Date-Control><Code>85</Code><Date>30821</Date><Days>597</Days></Date-Control><Date-Control><Code>86</Code><Date>30822</Date><Days>598</Days></Date-Control><Date-Control><Code>87</Code><Date>30823</Date><Days>599</Days></Date-Control><Date-Control><Code>88</Code><Date>30824</Date><Days>600</Days></Date-Control><Date-Control><Code>89</Code><Date>30825</Date><Days>601</Days></Date-Control><Date-Control><Code>90</Code><Date>30826</Date><Days>602</Days></Date-Control><Date-Control><Code>91</Code><Date>30827</Date><Days>603</Days></Date-Control><Date-Control><Code>92</Code><Date>30828</Date><Days>604</Days></Date-Control><Date-Control><Code>93</Code><Date>30829</Date><Days>605</Days></Date-Control><Date-Control><Code>94</Code><Date>30830</Date><Days>606</Days></Date-Control><Date-Control><Code>95</Code><Date>30831</Date><Days>607</Days></Date-Control><Date-Control><Code>96</Code><Date>30901</Date><Days>608</Days></Date-Control><Date-Control><Code>97</Code><Date>30902</Date><Days>609</Days></Date-Control><Date-Control><Code>98</Code><Date>30903</Date><Days>610</Days></Date-Control><Date-Control><Code>99</Code><Date>30904</Date><Days>611</Days></Date-Control><Date-Control><Code>100</Code><Date>30905</Date><Days>612</Days></Date-Control><Date-Control><Code>101</Code><Date>30906</Date><Days>613</Days></Date-Control><Date-Control><Code>102</Code><Date>30907</Date><Days>614</Days></Date-Control><Date-Control><Code>103</Code><Date>30908</Date><Days>615</Days></Date-Control><Date-Control><Code>104</Code><Date>30909</Date><Days>616</Days></Date-Control><Date-Control><Code>105</Code><Date>30910</Date><Days>617</Days></Date-Control><Date-Control><Code>106</Code><Date>30911</Date><Days>618</Days></Date-Control><Date-Control><Code>107</Code><Date>30912</Date><Days>619</Days></Date-Control><Date-Control><Code>108</Code><Date>30913</Date><Days>620</Days></Date-Control><Date-Control><Code>109</Code><Date>30914</Date><Days>621</Days></Date-Control><Date-Control><Code>110</Code><Date>30915</Date><Days>622</Days></Date-Control><Date-Control><Code>111</Code><Date>30916</Date><Days>623</Days></Date-Control><Date-Control><Code>112</Code><Date>30917</Date><Days>624</Days></Date-Control><Date-Control><Code>113</Code><Date>30918</Date><Days>625</Days></Date-Control><Date-Control><Code>114</Code><Date>30919</Date><Days>626</Days></Date-Control><Date-Control><Code>115</Code><Date>30920</Date><Days>627</Days></Date-Control><Date-Control><Code>116</Code><Date>30921</Date><Days>628</Days></Date-Control><Date-Control><Code>117</Code><Date>30922</Date><Days>629</Days></Date-Control><Date-Control><Code>118</Code><Date>30923</Date><Days>630</Days></Date-Control><Date-Control><Code>119</Code><Date>30924</Date><Days>631</Days></Date-Control><Date-Control><Code>120</Code><Date>30925</Date><Days>632</Days></Date-Control><Date-Control><Code>121</Code><Date>30926</Date><Days>633</Days></Date-Control><Date-Control><Code>122</Code><Date>30927</Date><Days>634</Days></Date-Control><Date-Control><Code>123</Code><Date>30928</Date><Days>635</Days></Date-Control><Date-Control><Code>124</Code><Date>30929</Date><Days>636</Days></Date-Control><Date-Control><Code>125</Code><Date>30930</Date><Days>637</Days></Date-Control><Date-Control><Code>126</Code><Date>31001</Date><Days>638</Days></Date-Control><Date-Control><Code>127</Code><Date>31002</Date><Days>639</Days></Date-Control><Date-Control><Code>128</Code><Date>31003</Date><Days>640</Days></Date-Control><Date-Control><Code>129</Code><Date>31004</Date><Days>641</Days></Date-Control><Date-Control><Code>130</Code><Date>31005</Date><Days>642</Days></Date-Control><Date-Control><Code>131</Code><Date>31006</Date><Days>643</Days></Date-Control><Date-Control><Code>132</Code><Date>31007</Date><Days>644</Days></Date-Control><Date-Control><Code>133</Code><Date>31008</Date><Days>645</Days></Date-Control><Date-Control><Code>134</Code><Date>31009</Date><Days>646</Days></Date-Control><Date-Control><Code>135</Code><Date>31010</Date><Days>647</Days></Date-Control><Date-Control><Code>136</Code><Date>31011</Date><Days>648</Days></Date-Control><Date-Control><Code>137</Code><Date>31012</Date><Days>649</Days></Date-Control><Date-Control><Code>138</Code><Date>31013</Date><Days>650</Days></Date-Control><Date-Control><Code>139</Code><Date>31014</Date><Days>651</Days></Date-Control><Date-Control><Code>140</Code><Date>31015</Date><Days>652</Days></Date-Control><Date-Control><Code>141</Code><Date>31016</Date><Days>653</Days></Date-Control><Date-Control><Code>142</Code><Date>31017</Date><Days>654</Days></Date-Control><Date-Control><Code>143</Code><Date>31018</Date><Days>655</Days></Date-Control><Date-Control><Code>144</Code><Date>31019</Date><Days>656</Days></Date-Control><Date-Control><Code>145</Code><Date>31020</Date><Days>657</Days></Date-Control><Date-Control><Code>146</Code><Date>31021</Date><Days>658</Days></Date-Control><Date-Control><Code>147</Code><Date>31022</Date><Days>659</Days></Date-Control><Date-Control><Code>148</Code><Date>31023</Date><Days>660</Days></Date-Control><Date-Control><Code>149</Code><Date>31024</Date><Days>661</Days></Date-Control><Date-Control><Code>150</Code><Date>31025</Date><Days>662</Days></Date-Control><Date-Control><Code>151</Code><Date>31026</Date><Days>663</Days></Date-Control><Date-Control><Code>152</Code><Date>31027</Date><Days>664</Days></Date-Control><Date-Control><Code>153</Code><Date>31028</Date><Days>665</Days></Date-Control><Date-Control><Code>154</Code><Date>31029</Date><Days>666</Days></Date-Control><Date-Control><Code>155</Code><Date>31030</Date><Days>667</Days></Date-Control><Date-Control><Code>156</Code><Date>31031</Date><Days>668</Days></Date-Control><Date-Control><Code>157</Code><Date>31101</Date><Days>669</Days></Date-Control><Date-Control><Code>158</Code><Date>31102</Date><Days>670</Days></Date-Control><Date-Control><Code>159</Code><Date>31103</Date><Days>671</Days></Date-Control><Date-Control><Code>160</Code><Date>31104</Date><Days>672</Days></Date-Control><Date-Control><Code>161</Code><Date>31105</Date><Days>673</Days></Date-Control><Date-Control><Code>162</Code><Date>31106</Date><Days>674</Days></Date-Control><Date-Control><Code>163</Code><Date>31107</Date><Days>675</Days></Date-Control><Date-Control><Code>164</Code><Date>31108</Date><Days>676</Days></Date-Control><Date-Control><Code>165</Code><Date>31109</Date><Days>677</Days></Date-Control><Date-Control><Code>166</Code><Date>31110</Date><Days>678</Days></Date-Control><Date-Control><Code>167</Code><Date>31111</Date><Days>679</Days></Date-Control><Date-Control><Code>168</Code><Date>31112</Date><Days>680</Days></Date-Control><Date-Control><Code>169</Code><Date>31113</Date><Days>681</Days></Date-Control><Date-Control><Code>170</Code><Date>31114</Date><Days>682</Days></Date-Control><Date-Control><Code>171</Code><Date>31115</Date><Days>683</Days></Date-Control><Date-Control><Code>172</Code><Date>31116</Date><Days>684</Days></Date-Control><Date-Control><Code>173</Code><Date>31117</Date><Days>685</Days></Date-Control><Date-Control><Code>174</Code><Date>31118</Date><Days>686</Days></Date-Control><Date-Control><Code>175</Code><Date>31119</Date><Days>687</Days></Date-Control><Date-Control><Code>176</Code><Date>31120</Date><Days>688</Days></Date-Control><Date-Control><Code>177</Code><Date>31121</Date><Days>689</Days></Date-Control><Date-Control><Code>178</Code><Date>31122</Date><Days>690</Days></Date-Control><Date-Control><Code>179</Code><Date>31123</Date><Days>691</Days></Date-Control><Date-Control><Code>180</Code><Date>31124</Date><Days>692</Days></Date-Control><Date-Control><Code>181</Code><Date>31125</Date><Days>693</Days></Date-Control><Date-Control><Code>182</Code><Date>31126</Date><Days>694</Days></Date-Control><Date-Control><Code>183</Code><Date>31127</Date><Days>695</Days></Date-Control><Date-Control><Code>184</Code><Date>31128</Date><Days>696</Days></Date-Control><Date-Control><Code>185</Code><Date>31129</Date><Days>697</Days></Date-Control><Date-Control><Code>186</Code><Date>31130</Date><Days>698</Days></Date-Control><Date-Control><Code>187</Code><Date>31201</Date><Days>699</Days></Date-Control><Date-Control><Code>188</Code><Date>31202</Date><Days>700</Days></Date-Control><Date-Control><Code>189</Code><Date>31203</Date><Days>701</Days></Date-Control><Date-Control><Code>190</Code><Date>31204</Date><Days>702</Days></Date-Control><Date-Control><Code>191</Code><Date>31205</Date><Days>703</Days></Date-Control><Date-Control><Code>192</Code><Date>31206</Date><Days>704</Days></Date-Control><Date-Control><Code>193</Code><Date>31207</Date><Days>705</Days></Date-Control><Date-Control><Code>194</Code><Date>31208</Date><Days>706</Days></Date-Control><Date-Control><Code>195</Code><Date>31209</Date><Days>707</Days></Date-Control><Date-Control><Code>196</Code><Date>31210</Date><Days>708</Days></Date-Control><Date-Control><Code>197</Code><Date>31211</Date><Days>709</Days></Date-Control><Date-Control><Code>198</Code><Date>31212</Date><Days>710</Days></Date-Control><Date-Control><Code>199</Code><Date>31213</Date><Days>711</Days></Date-Control><Date-Control><Code>200</Code><Date>31214</Date><Days>712</Days></Date-Control><Date-Control><Code>201</Code><Date>30403</Date><Days>457</Days></Date-Control><Date-Control><Code>202</Code><Date>30404</Date><Days>458</Days></Date-Control><Date-Control><Code>203</Code><Date>30405</Date><Days>459</Days></Date-Control><Date-Control><Code>204</Code><Date>30406</Date><Days>460</Days></Date-Control><Date-Control><Code>205</Code><Date>30407</Date><Days>461</Days></Date-Control><Date-Control><Code>206</Code><Date>30408</Date><Days>462</Days></Date-Control><Date-Control><Code>207</Code><Date>30409</Date><Days>463</Days></Date-Control><Date-Control><Code>208</Code><Date>30410</Date><Days>464</Days></Date-Control><Date-Control><Code>209</Code><Date>30411</Date><Days>465</Days></Date-Control><Date-Control><Code>210</Code><Date>30412</Date><Days>466</Days></Date-Control><Date-Control><Code>211</Code><Date>30413</Date><Days>467</Days></Date-Control><Date-Control><Code>212</Code><Date>30414</Date><Days>468</Days></Date-Control><Date-Control><Code>213</Code><Date>30415</Date><Days>469</Days></Date-Control><Date-Control><Code>214</Code><Date>30416</Date><Days>470</Days></Date-Control><Date-Control><Code>215</Code><Date>30417</Date><Days>471</Days></Date-Control><Date-Control><Code>217</Code><Date>30419</Date><Days>473</Days></Date-Control><Date-Control><Code>218</Code><Date>30420</Date><Days>474</Days></Date-Control><Date-Control><Code>219</Code><Date>30421</Date><Days>475</Days></Date-Control><Date-Control><Code>220</Code><Date>30422</Date><Days>476</Days></Date-Control><Date-Control><Code>221</Code><Date>30423</Date><Days>477</Days></Date-Control><Date-Control><Code>222</Code><Date>30424</Date><Days>478</Days></Date-Control><Date-Control><Code>223</Code><Date>30425</Date><Days>479</Days></Date-Control><Date-Control><Code>224</Code><Date>30426</Date><Days>480</Days></Date-Control><Date-Control><Code>225</Code><Date>30427</Date><Days>481</Days></Date-Control><Date-Control><Code>226</Code><Date>30428</Date><Days>482</Days></Date-Control><Date-Control><Code>227</Code><Date>30429</Date><Days>483</Days></Date-Control><Date-Control><Code>228</Code><Date>30430</Date><Days>484</Days></Date-Control><Date-Control><Code>229</Code><Date>30501</Date><Days>485</Days></Date-Control><Date-Control><Code>230</Code><Date>30502</Date><Days>486</Days></Date-Control><Date-Control><Code>231</Code><Date>30503</Date><Days>487</Days></Date-Control><Date-Control><Code>232</Code><Date>30504</Date><Days>488</Days></Date-Control><Date-Control><Code>233</Code><Date>30505</Date><Days>489</Days></Date-Control><Date-Control><Code>234</Code><Date>30506</Date><Days>490</Days></Date-Control><Date-Control><Code>235</Code><Date>30507</Date><Days>491</Days></Date-Control><Date-Control><Code>236</Code><Date>30508</Date><Days>492</Days></Date-Control><Date-Control><Code>237</Code><Date>30509</Date><Days>493</Days></Date-Control><Date-Control><Code>238</Code><Date>30510</Date><Days>494</Days></Date-Control><Date-Control><Code>239</Code><Date>30511</Date><Days>495</Days></Date-Control><Date-Control><Code>240</Code><Date>30512</Date><Days>496</Days></Date-Control><Date-Control><Code>241</Code><Date>30513</Date><Days>497</Days></Date-Control><Date-Control><Code>242</Code><Date>30514</Date><Days>498</Days></Date-Control><Date-Control><Code>243</Code><Date>30515</Date><Days>499</Days></Date-Control><Date-Control><Code>244</Code><Date>30516</Date><Days>500</Days></Date-Control><Date-Control><Code>245</Code><Date>30517</Date><Days>501</Days></Date-Control><Date-Control><Code>246</Code><Date>30518</Date><Days>502</Days></Date-Control><Date-Control><Code>247</Code><Date>30519</Date><Days>503</Days></Date-Control><Date-Control><Code>248</Code><Date>30520</Date><Days>504</Days></Date-Control><Date-Control><Code>249</Code><Date>30521</Date><Days>505</Days></Date-Control><Date-Control><Code>250</Code><Date>30522</Date><Days>506</Days></Date-Control><Date-Control><Code>251</Code><Date>30523</Date><Days>507</Days></Date-Control><Date-Control><Code>252</Code><Date>30524</Date><Days>508</Days></Date-Control><Date-Control><Code>253</Code><Date>30525</Date><Days>509</Days></Date-Control><Date-Control><Code>254</Code><Date>30526</Date><Days>510</Days></Date-Control><Date-Control><Code>255</Code><Date>30527</Date><Days>511</Days></Date-Control></copybook>