<?xml version="1.0" encoding="UTF-8"?><copybook><DTAR1000-REC><DTAR1000-STORE-NO>1</DTAR1000-STORE-NO><DTAR1000-REGION-NO>20</DTAR1000-REGION-NO><DTAR1000-STORE-NAME>V Geelong</DTAR1000-STORE-NAME><DTAR1000-NEW-STORE>N</DTAR1000-NEW-STORE><DTAR1000-ACTIVE-STORE>Y</DTAR1000-ACTIVE-STORE><DTAR1000-CLOSED-STORE>N</DTAR1000-CLOSED-STORE><DTAR1000-DC-TYPE>N</DTAR1000-DC-TYPE><DTAR1000-SRC-TYPE>N</DTAR1000-SRC-TYPE><DTAR1000-HO-TYPE>N</DTAR1000-HO-TYPE></DTAR1000-REC><DTAR1000-REC><DTAR1000-STORE-NO>2</DTAR1000-STORE-NO><DTAR1000-REGION-NO>40</DTAR1000-REGION-NO><DTAR1000-STORE-NAME>Q Coffs Harbour</DTAR1000-STORE-NAME><DTAR1000-NEW-STORE>N</DTAR1000-NEW-STORE><DTAR1000-ACTIVE-STORE>Y</DTAR1000-ACTIVE-STORE><DTAR1000-CLOSED-STORE>N</DTAR1000-CLOSED-STORE><DTAR1000-DC-TYPE>N</DTAR1000-DC-TYPE><DTAR1000-SRC-TYPE>N</DTAR1000-SRC-TYPE><DTAR1000-HO-TYPE>N</DTAR1000-HO-TYPE></DTAR1000-REC><DTAR1000-REC><DTAR1000-STORE-NO>3</DTAR1000-STORE-NO><DTAR1000-REGION-NO>40</DTAR1000-REGION-NO><DTAR1000-STORE-NAME>Q Mackay</DTAR1000-STORE-NAME><DTAR1000-NEW-STORE>N</DTAR1000-NEW-STORE><DTAR1000-ACTIVE-STORE>Y</DTAR1000-ACTIVE-STORE><DTAR1000-CLOSED-STORE>N</DTAR1000-CLOSED-STORE><DTAR1000-DC-TYPE>N</DTAR1000-DC-TYPE><DTAR1000-SRC-TYPE>N</DTAR1000-SRC-TYPE><DTAR1000-HO-TYPE>N</DTAR1000-HO-TYPE></DTAR1000-REC><DTAR1000-REC><DTAR1000-STORE-NO>4</DTAR1000-STORE-NO><DTAR1000-REGION-NO>20</DTAR1000-REGION-NO><DTAR1000-STORE-NAME>V Ballarat</DTAR1000-STORE-NAME><DTAR1000-NEW-STORE>N</DTAR1000-NEW-STORE><DTAR1000-ACTIVE-STORE>Y</DTAR1000-ACTIVE-STORE><DTAR1000-CLOSED-STORE>N</DTAR1000-CLOSED-STORE><DTAR1000-DC-TYPE>N</DTAR1000-DC-TYPE><DTAR1000-SRC-TYPE>N</DTAR1000-SRC-TYPE><DTAR1000-HO-TYPE>N</DTAR1000-HO-TYPE></DTAR1000-REC><DTAR1000-REC><DTAR1000-STORE-NO>5</DTAR1000-STORE-NO><DTAR1000-REGION-NO>20</DTAR1000-REGION-NO><DTAR1000-STORE-NAME>V Albury</DTAR1000-STORE-NAME><DTAR1000-NEW-STORE>N</DTAR1000-NEW-STORE><DTAR1000-ACTIVE-STORE>Y</DTAR1000-ACTIVE-STORE><DTAR1000-CLOSED-STORE>N</DTAR1000-CLOSED-STORE><DTAR1000-DC-TYPE>N</DTAR1000-DC-TYPE><DTAR1000-SRC-TYPE>N</DTAR1000-SRC-TYPE><DTAR1000-HO-TYPE>N</DTAR1000-HO-TYPE></DTAR1000-REC><DTAR1000-REC><DTAR1000-STORE-NO>6</DTAR1000-STORE-NO><DTAR1000-REGION-NO>20</DTAR1000-REGION-NO><DTAR1000-STORE-NAME>V Wodonga</DTAR1000-STORE-NAME><DTAR1000-NEW-STORE>N</DTAR1000-NEW-STORE><DTAR1000-ACTIVE-STORE>Y</DTAR1000-ACTIVE-STORE><DTAR1000-CLOSED-STORE>N</DTAR1000-CLOSED-STORE><DTAR1000-DC-TYPE>N</DTAR1000-DC-TYPE><DTAR1000-SRC-TYPE>N</DTAR1000-SRC-TYPE><DTAR1000-HO-TYPE>N</DTAR1000-HO-TYPE></DTAR1000-REC><DTAR1000-REC><DTAR1000-STORE-NO>7</DTAR1000-STORE-NO><DTAR1000-REGION-NO>20</DTAR1000-REGION-NO><DTAR1000-STORE-NAME>V Shepparton</DTAR1000-STORE-NAME><DTAR1000-NEW-STORE>N</DTAR1000-NEW-STORE><DTAR1000-ACTIVE-STORE>Y</DTAR1000-ACTIVE-STORE><DTAR1000-CLOSED-STORE>N</DTAR1000-CLOSED-STORE><DTAR1000-DC-TYPE>N</DTAR1000-DC-TYPE><DTAR1000-SRC-TYPE>N</DTAR1000-SRC-TYPE><DTAR1000-HO-TYPE>N</DTAR1000-HO-TYPE></DTAR1000-REC><DTAR1000-REC><DTAR1000-STORE-NO>8</DTAR1000-STORE-NO><DTAR1000-REGION-NO>20</DTAR1000-REGION-NO><DTAR1000-STORE-NAME>V Bendigo</DTAR1000-STORE-NAME><DTAR1000-NEW-STORE>N</DTAR1000-NEW-STORE><DTAR1000-ACTIVE-STORE>Y</DTAR1000-ACTIVE-STORE><DTAR1000-CLOSED-STORE>N</DTAR1000-CLOSED-STORE><DTAR1000-DC-TYPE>N</DTAR1000-DC-TYPE><DTAR1000-SRC-TYPE>N</DTAR1000-SRC-TYPE><DTAR1000-HO-TYPE>N</DTAR1000-HO-TYPE></DTAR1000-REC><DTAR1000-REC><DTAR1000-STORE-NO>9</DTAR1000-STORE-NO><DTAR1000-REGION-NO>50</DTAR1000-REGION-NO><DTAR1000-STORE-NAME>S Centrepoint</DTAR1000-STORE-NAME><DTAR1000-NEW-STORE>N</DTAR1000-NEW-STORE><DTAR1000-ACTIVE-STORE>Y</DTAR1000-ACTIVE-STORE><DTAR1000-CLOSED-STORE>N</DTAR1000-CLOSED-STORE><DTAR1000-DC-TYPE>N</DTAR1000-DC-TYPE><DTAR1000-SRC-TYPE>N</DTAR1000-SRC-TYPE><DTAR1000-HO-TYPE>N</DTAR1000-HO-TYPE></DTAR1000-REC><DTAR1000-REC><DTAR1000-STORE-NO>10</DTAR1000-STORE-NO><DTAR1000-REGION-NO>40</DTAR1000-REGION-NO><DTAR1000-STORE-NAME>Q Earlville</DTAR1000-STORE-NAME><DTAR1000-NEW-STORE>N</DTAR1000-NEW-STORE><DTAR1000-ACTIVE-STORE>Y</DTAR1000-ACTIVE-STORE><DTAR1000-CLOSED-STORE>N</DTAR1000-CLOSED-STORE><DTAR1000-DC-TYPE>N</DTAR1000-DC-TYPE><DTAR1000-SRC-TYPE>N</DTAR1000-SRC-TYPE><DTAR1000-HO-TYPE>N</DTAR1000-HO-TYPE></DTAR1000-REC><DTAR1000-REC><DTAR1000-STORE-NO>11</DTAR1000-STORE-NO><DTAR1000-REGION-NO>10</DTAR1000-REGION-NO><DTAR1000-STORE-NAME>N Cessnock</DTAR1000-STORE-NAME><DTAR1000-NEW-STORE>N</DTAR1000-NEW-STORE><DTAR1000-ACTIVE-STORE>Y</DTAR1000-ACTIVE-STORE><DTAR1000-CLOSED-STORE>N</DTAR1000-CLOSED-STORE><DTAR1000-DC-TYPE>N</DTAR1000-DC-TYPE><DTAR1000-SRC-TYPE>N</DTAR1000-SRC-TYPE><DTAR1000-HO-TYPE>N</DTAR1000-HO-TYPE></DTAR1000-REC><DTAR1000-REC><DTAR1000-STORE-NO>12</DTAR1000-STORE-NO><DTAR1000-REGION-NO>20</DTAR1000-REGION-NO><DTAR1000-STORE-NAME>V Ringwood</DTAR1000-STORE-NAME><DTAR1000-NEW-STORE>N</DTAR1000-NEW-STORE><DTAR1000-ACTIVE-STORE>Y</DTAR1000-ACTIVE-STORE><DTAR1000-CLOSED-STORE>N</DTAR1000-CLOSED-STORE><DTAR1000-DC-TYPE>N</DTAR1000-DC-TYPE><DTAR1000-SRC-TYPE>N</DTAR1000-SRC-TYPE><DTAR1000-HO-TYPE>N</DTAR1000-HO-TYPE></DTAR1000-REC><DTAR1000-REC><DTAR1000-STORE-NO>15</DTAR1000-STORE-NO><DTAR1000-REGION-NO>10</DTAR1000-REGION-NO><DTAR1000-STORE-NAME>N Bankstown</DTAR1000-STORE-NAME><DTAR1000-NEW-STORE>N</DTAR1000-NEW-STORE><DTAR1000-ACTIVE-STORE>Y</DTAR1000-ACTIVE-STORE><DTAR1000-CLOSED-STORE>N</DTAR1000-CLOSED-STORE><DTAR1000-DC-TYPE>N</DTAR1000-DC-TYPE><DTAR1000-SRC-TYPE>N</DTAR1000-SRC-TYPE><DTAR1000-HO-TYPE>N</DTAR1000-HO-TYPE></DTAR1000-REC><DTAR1000-REC><DTAR1000-STORE-NO>16</DTAR1000-STORE-NO><DTAR1000-REGION-NO>10</DTAR1000-REGION-NO><DTAR1000-STORE-NAME>N Glendale</DTAR1000-STORE-NAME><DTAR1000-NEW-STORE>N</DTAR1000-NEW-STORE><DTAR1000-ACTIVE-STORE>Y</DTAR1000-ACTIVE-STORE><DTAR1000-CLOSED-STORE>N</DTAR1000-CLOSED-STORE><DTAR1000-DC-TYPE>N</DTAR1000-DC-TYPE><DTAR1000-SRC-TYPE>N</DTAR1000-SRC-TYPE><DTAR1000-HO-TYPE>N</DTAR1000-HO-TYPE></DTAR1000-REC><DTAR1000-REC><DTAR1000-STORE-NO>19</DTAR1000-STORE-NO><DTAR1000-REGION-NO>10</DTAR1000-REGION-NO><DTAR1000-STORE-NAME>N Penrith</DTAR1000-STORE-NAME><DTAR1000-NEW-STORE>N</DTAR1000-NEW-STORE><DTAR1000-ACTIVE-STORE>Y</DTAR1000-ACTIVE-STORE><DTAR1000-CLOSED-STORE>N</DTAR1000-CLOSED-STORE><DTAR1000-DC-TYPE>N</DTAR1000-DC-TYPE><DTAR1000-SRC-TYPE>N</DTAR1000-SRC-TYPE><DTAR1000-HO-TYPE>N</DTAR1000-HO-TYPE></DTAR1000-REC><DTAR1000-REC><DTAR1000-STORE-NO>20</DTAR1000-STORE-NO><DTAR1000-REGION-NO>40</DTAR1000-REGION-NO><DTAR1000-STORE-NAME>Q Indooroopilly</DTAR1000-STORE-NAME><DTAR1000-NEW-STORE>N</DTAR1000-NEW-STORE><DTAR1000-ACTIVE-STORE>Y</DTAR1000-ACTIVE-STORE><DTAR1000-CLOSED-STORE>N</DTAR1000-CLOSED-STORE><DTAR1000-DC-TYPE>N</DTAR1000-DC-TYPE><DTAR1000-SRC-TYPE>N</DTAR1000-SRC-TYPE><DTAR1000-HO-TYPE>N</DTAR1000-HO-TYPE></DTAR1000-REC><DTAR1000-REC><DTAR1000-STORE-NO>21</DTAR1000-STORE-NO><DTAR1000-REGION-NO>50</DTAR1000-REGION-NO><DTAR1000-STORE-NAME>S Tea Tree Plaza</DTAR1000-STORE-NAME><DTAR1000-NEW-STORE>N</DTAR1000-NEW-STORE><DTAR1000-ACTIVE-STORE>Y</DTAR1000-ACTIVE-STORE><DTAR1000-CLOSED-STORE>N</DTAR1000-CLOSED-STORE><DTAR1000-DC-TYPE>N</DTAR1000-DC-TYPE><DTAR1000-SRC-TYPE>N</DTAR1000-SRC-TYPE><DTAR1000-HO-TYPE>N</DTAR1000-HO-TYPE></DTAR1000-REC><DTAR1000-REC><DTAR1000-STORE-NO>23</DTAR1000-STORE-NO><DTAR1000-REGION-NO>20</DTAR1000-REGION-NO><DTAR1000-STORE-NAME>V Warnambool</DTAR1000-STORE-NAME><DTAR1000-NEW-STORE>N</DTAR1000-NEW-STORE><DTAR1000-ACTIVE-STORE>Y</DTAR1000-ACTIVE-STORE><DTAR1000-CLOSED-STORE>N</DTAR1000-CLOSED-STORE><DTAR1000-DC-TYPE>N</DTAR1000-DC-TYPE><DTAR1000-SRC-TYPE>N</DTAR1000-SRC-TYPE><DTAR1000-HO-TYPE>N</DTAR1000-HO-TYPE></DTAR1000-REC><DTAR1000-REC><DTAR1000-STORE-NO>24</DTAR1000-STORE-NO><DTAR1000-REGION-NO>50</DTAR1000-REGION-NO><DTAR1000-STORE-NAME>S Newton</DTAR1000-STORE-NAME><DTAR1000-NEW-STORE>N</DTAR1000-NEW-STORE><DTAR1000-ACTIVE-STORE>Y</DTAR1000-ACTIVE-STORE><DTAR1000-CLOSED-STORE>N</DTAR1000-CLOSED-STORE><DTAR1000-DC-TYPE>N</DTAR1000-DC-TYPE><DTAR1000-SRC-TYPE>N</DTAR1000-SRC-TYPE><DTAR1000-HO-TYPE>N</DTAR1000-HO-TYPE></DTAR1000-REC><DTAR1000-REC><DTAR1000-STORE-NO>25</DTAR1000-STORE-NO><DTAR1000-REGION-NO>50</DTAR1000-REGION-NO><DTAR1000-STORE-NAME>S Fulham Gardens</DTAR1000-STORE-NAME><DTAR1000-NEW-STORE>N</DTAR1000-NEW-STORE><DTAR1000-ACTIVE-STORE>Y</DTAR1000-ACTIVE-STORE><DTAR1000-CLOSED-STORE>N</DTAR1000-CLOSED-STORE><DTAR1000-DC-TYPE>N</DTAR1000-DC-TYPE><DTAR1000-SRC-TYPE>N</DTAR1000-SRC-TYPE><DTAR1000-HO-TYPE>N</DTAR1000-HO-TYPE></DTAR1000-REC><DTAR1000-REC><DTAR1000-STORE-NO>26</DTAR1000-STORE-NO><DTAR1000-REGION-NO>50</DTAR1000-REGION-NO><DTAR1000-STORE-NAME>S Edwardstown</DTAR1000-STORE-NAME><DTAR1000-NEW-STORE>N</DTAR1000-NEW-STORE><DTAR1000-ACTIVE-STORE>Y</DTAR1000-ACTIVE-STORE><DTAR1000-CLOSED-STORE>N</DTAR1000-CLOSED-STORE><DTAR1000-DC-TYPE>N</DTAR1000-DC-TYPE><DTAR1000-SRC-TYPE>N</DTAR1000-SRC-TYPE><DTAR1000-HO-TYPE>N</DTAR1000-HO-TYPE></DTAR1000-REC><DTAR1000-REC><DTAR1000-STORE-NO>27</DTAR1000-STORE-NO><DTAR1000-REGION-NO>40</DTAR1000-REGION-NO><DTAR1000-STORE-NAME>Q Runaway Bay</DTAR1000-STORE-NAME><DTAR1000-NEW-STORE>N</DTAR1000-NEW-STORE><DTAR1000-ACTIVE-STORE>Y</DTAR1000-ACTIVE-STORE><DTAR1000-CLOSED-STORE>N</DTAR1000-CLOSED-STORE><DTAR1000-DC-TYPE>N</DTAR1000-DC-TYPE><DTAR1000-SRC-TYPE>N</DTAR1000-SRC-TYPE><DTAR1000-HO-TYPE>N</DTAR1000-HO-TYPE></DTAR1000-REC><DTAR1000-REC><DTAR1000-STORE-NO>28</DTAR1000-STORE-NO><DTAR1000-REGION-NO>20</DTAR1000-REGION-NO><DTAR1000-STORE-NAME>V Launceston</DTAR1000-STORE-NAME><DTAR1000-NEW-STORE>N</DTAR1000-NEW-STORE><DTAR1000-ACTIVE-STORE>Y</DTAR1000-ACTIVE-STORE><DTAR1000-CLOSED-STORE>N</DTAR1000-CLOSED-STORE><DTAR1000-DC-TYPE>N</DTAR1000-DC-TYPE><DTAR1000-SRC-TYPE>N</DTAR1000-SRC-TYPE><DTAR1000-HO-TYPE>N</DTAR1000-HO-TYPE></DTAR1000-REC><DTAR1000-REC><DTAR1000-STORE-NO>30</DTAR1000-STORE-NO><DTAR1000-REGION-NO>20</DTAR1000-REGION-NO><DTAR1000-STORE-NAME>V Epping</DTAR1000-STORE-NAME><DTAR1000-NEW-STORE>N</DTAR1000-NEW-STORE><DTAR1000-ACTIVE-STORE>Y</DTAR1000-ACTIVE-STORE><DTAR1000-CLOSED-STORE>N</DTAR1000-CLOSED-STORE><DTAR1000-DC-TYPE>N</DTAR1000-DC-TYPE><DTAR1000-SRC-TYPE>N</DTAR1000-SRC-TYPE><DTAR1000-HO-TYPE>N</DTAR1000-HO-TYPE></DTAR1000-REC><DTAR1000-REC><DTAR1000-STORE-NO>32</DTAR1000-STORE-NO><DTAR1000-REGION-NO>20</DTAR1000-REGION-NO><DTAR1000-STORE-NAME>V Camberwell</DTAR1000-STORE-NAME><DTAR1000-NEW-STORE>N</DTAR1000-NEW-STORE><DTAR1000-ACTIVE-STORE>Y</DTAR1000-ACTIVE-STORE><DTAR1000-CLOSED-STORE>N</DTAR1000-CLOSED-STORE><DTAR1000-DC-TYPE>N</DTAR1000-DC-TYPE><DTAR1000-SRC-TYPE>N</DTAR1000-SRC-TYPE><DTAR1000-HO-TYPE>N</DTAR1000-HO-TYPE></DTAR1000-REC><DTAR1000-REC><DTAR1000-STORE-NO>33</DTAR1000-STORE-NO><DTAR1000-REGION-NO>10</DTAR1000-REGION-NO><DTAR1000-STORE-NAME>Y Blacktown (Closed)</DTAR1000-STORE-NAME><DTAR1000-NEW-STORE>N</DTAR1000-NEW-STORE><DTAR1000-ACTIVE-STORE>Y</DTAR1000-ACTIVE-STORE><DTAR1000-CLOSED-STORE>N</DTAR1000-CLOSED-STORE><DTAR1000-DC-TYPE>N</DTAR1000-DC-TYPE><DTAR1000-SRC-TYPE>N</DTAR1000-SRC-TYPE><DTAR1000-HO-TYPE>N</DTAR1000-HO-TYPE></DTAR1000-REC><DTAR1000-REC><DTAR1000-STORE-NO>35</DTAR1000-STORE-NO><DTAR1000-REGION-NO>10</DTAR1000-REGION-NO><DTAR1000-STORE-NAME>N Rockdale</DTAR1000-STORE-NAME><DTAR1000-NEW-STORE>N</DTAR1000-NEW-STORE><DTAR1000-ACTIVE-STORE>Y</DTAR1000-ACTIVE-STORE><DTAR1000-CLOSED-STORE>N</DTAR1000-CLOSED-STORE><DTAR1000-DC-TYPE>N</DTAR1000-DC-TYPE><DTAR1000-SRC-TYPE>N</DTAR1000-SRC-TYPE><DTAR1000-HO-TYPE>N</DTAR1000-HO-TYPE></DTAR1000-REC><DTAR1000-REC><DTAR1000-STORE-NO>36</DTAR1000-STORE-NO><DTAR1000-REGION-NO>60</DTAR1000-REGION-NO><DTAR1000-STORE-NAME>W Fremantle</DTAR1000-STORE-NAME><DTAR1000-NEW-STORE>N</DTAR1000-NEW-STORE><DTAR1000-ACTIVE-STORE>Y</DTAR1000-ACTIVE-STORE><DTAR1000-CLOSED-STORE>N</DTAR1000-CLOSED-STORE><DTAR1000-DC-TYPE>N</DTAR1000-DC-TYPE><DTAR1000-SRC-TYPE>N</DTAR1000-SRC-TYPE><DTAR1000-HO-TYPE>N</DTAR1000-HO-TYPE></DTAR1000-REC><DTAR1000-REC><DTAR1000-STORE-NO>21</DTAR1000-STORE-NO><DTAR1000-REGION-NO>10</DTAR1000-REGION-NO><DTAR1000-STORE-NAME>N Miranda</DTAR1000-STORE-NAME><DTAR1000-NEW-STORE>N</DTAR1000-NEW-STORE><DTAR1000-ACTIVE-STORE>Y</DTAR1000-ACTIVE-STORE><DTAR1000-CLOSED-STORE>N</DTAR1000-CLOSED-STORE><DTAR1000-DC-TYPE>N</DTAR1000-DC-TYPE><DTAR1000-SRC-TYPE>N</DTAR1000-SRC-TYPE><DTAR1000-HO-TYPE>N</DTAR1000-HO-TYPE></DTAR1000-REC><DTAR1000-REC><DTAR1000-STORE-NO>38</DTAR1000-STORE-NO><DTAR1000-REGION-NO>40</DTAR1000-REGION-NO><DTAR1000-STORE-NAME>Q Maroochydore</DTAR1000-STORE-NAME><DTAR1000-NEW-STORE>N</DTAR1000-NEW-STORE><DTAR1000-ACTIVE-STORE>Y</DTAR1000-ACTIVE-STORE><DTAR1000-CLOSED-STORE>N</DTAR1000-CLOSED-STORE><DTAR1000-DC-TYPE>N</DTAR1000-DC-TYPE><DTAR1000-SRC-TYPE>N</DTAR1000-SRC-TYPE><DTAR1000-HO-TYPE>N</DTAR1000-HO-TYPE></DTAR1000-REC><DTAR1000-REC><DTAR1000-STORE-NO>39</DTAR1000-STORE-NO><DTAR1000-REGION-NO>20</DTAR1000-REGION-NO><DTAR1000-STORE-NAME>V Colac</DTAR1000-STORE-NAME><DTAR1000-NEW-STORE>N</DTAR1000-NEW-STORE><DTAR1000-ACTIVE-STORE>Y</DTAR1000-ACTIVE-STORE><DTAR1000-CLOSED-STORE>N</DTAR1000-CLOSED-STORE><DTAR1000-DC-TYPE>N</DTAR1000-DC-TYPE><DTAR1000-SRC-TYPE>N</DTAR1000-SRC-TYPE><DTAR1000-HO-TYPE>N</DTAR1000-HO-TYPE></DTAR1000-REC><DTAR1000-REC><DTAR1000-STORE-NO>40</DTAR1000-STORE-NO><DTAR1000-REGION-NO>40</DTAR1000-REGION-NO><DTAR1000-STORE-NAME>Q Tweed Heads</DTAR1000-STORE-NAME><DTAR1000-NEW-STORE>N</DTAR1000-NEW-STORE><DTAR1000-ACTIVE-STORE>Y</DTAR1000-ACTIVE-STORE><DTAR1000-CLOSED-STORE>N</DTAR1000-CLOSED-STORE><DTAR1000-DC-TYPE>N</DTAR1000-DC-TYPE><DTAR1000-SRC-TYPE>N</DTAR1000-SRC-TYPE><DTAR1000-HO-TYPE>N</DTAR1000-HO-TYPE></DTAR1000-REC><DTAR1000-REC><DTAR1000-STORE-NO>42</DTAR1000-STORE-NO><DTAR1000-REGION-NO>20</DTAR1000-REGION-NO><DTAR1000-STORE-NAME>V Reservoir</DTAR1000-STORE-NAME><DTAR1000-NEW-STORE>N</DTAR1000-NEW-STORE><DTAR1000-ACTIVE-STORE>Y</DTAR1000-ACTIVE-STORE><DTAR1000-CLOSED-STORE>N</DTAR1000-CLOSED-STORE><DTAR1000-DC-TYPE>N</DTAR1000-DC-TYPE><DTAR1000-SRC-TYPE>N</DTAR1000-SRC-TYPE><DTAR1000-HO-TYPE>N</DTAR1000-HO-TYPE></DTAR1000-REC><DTAR1000-REC><DTAR1000-STORE-NO>43</DTAR1000-STORE-NO><DTAR1000-REGION-NO>60</DTAR1000-REGION-NO><DTAR1000-STORE-NAME>W Morley</DTAR1000-STORE-NAME><DTAR1000-NEW-STORE>N</DTAR1000-NEW-STORE><DTAR1000-ACTIVE-STORE>Y</DTAR1000-ACTIVE-STORE><DTAR1000-CLOSED-STORE>N</DTAR1000-CLOSED-STORE><DTAR1000-DC-TYPE>N</DTAR1000-DC-TYPE><DTAR1000-SRC-TYPE>N</DTAR1000-SRC-TYPE><DTAR1000-HO-TYPE>N</DTAR1000-HO-TYPE></DTAR1000-REC><DTAR1000-REC><DTAR1000-STORE-NO>44</DTAR1000-STORE-NO><DTAR1000-REGION-NO>50</DTAR1000-REGION-NO><DTAR1000-STORE-NAME>S Mt Gambier</DTAR1000-STORE-NAME><DTAR1000-NEW-STORE>N</DTAR1000-NEW-STORE><DTAR1000-ACTIVE-STORE>Y</DTAR1000-ACTIVE-STORE><DTAR1000-CLOSED-STORE>N</DTAR1000-CLOSED-STORE><DTAR1000-DC-TYPE>N</DTAR1000-DC-TYPE><DTAR1000-SRC-TYPE>N</DTAR1000-SRC-TYPE><DTAR1000-HO-TYPE>N</DTAR1000-HO-TYPE></DTAR1000-REC><DTAR1000-REC><DTAR1000-STORE-NO>45</DTAR1000-STORE-NO><DTAR1000-REGION-NO>60</DTAR1000-REGION-NO><DTAR1000-STORE-NAME>W Carousel</DTAR1000-STORE-NAME><DTAR1000-NEW-STORE>N</DTAR1000-NEW-STORE><DTAR1000-ACTIVE-STORE>Y</DTAR1000-ACTIVE-STORE><DTAR1000-CLOSED-STORE>N</DTAR1000-CLOSED-STORE><DTAR1000-DC-TYPE>N</DTAR1000-DC-TYPE><DTAR1000-SRC-TYPE>N</DTAR1000-SRC-TYPE><DTAR1000-HO-TYPE>N</DTAR1000-HO-TYPE></DTAR1000-REC><DTAR1000-REC><DTAR1000-STORE-NO>46</DTAR1000-STORE-NO><DTAR1000-REGION-NO>10</DTAR1000-REGION-NO><DTAR1000-STORE-NAME>N Dubbo</DTAR1000-STORE-NAME><DTAR1000-NEW-STORE>N</DTAR1000-NEW-STORE><DTAR1000-ACTIVE-STORE>Y</DTAR1000-ACTIVE-STORE><DTAR1000-CLOSED-STORE>N</DTAR1000-CLOSED-STORE><DTAR1000-DC-TYPE>N</DTAR1000-DC-TYPE><DTAR1000-SRC-TYPE>N</DTAR1000-SRC-TYPE><DTAR1000-HO-TYPE>N</DTAR1000-HO-TYPE></DTAR1000-REC><DTAR1000-REC><DTAR1000-STORE-NO>47</DTAR1000-STORE-NO><DTAR1000-REGION-NO>50</DTAR1000-REGION-NO><DTAR1000-STORE-NAME>S Sefton Park</DTAR1000-STORE-NAME><DTAR1000-NEW-STORE>N</DTAR1000-NEW-STORE><DTAR1000-ACTIVE-STORE>Y</DTAR1000-ACTIVE-STORE><DTAR1000-CLOSED-STORE>N</DTAR1000-CLOSED-STORE><DTAR1000-DC-TYPE>N</DTAR1000-DC-TYPE><DTAR1000-SRC-TYPE>N</DTAR1000-SRC-TYPE><DTAR1000-HO-TYPE>N</DTAR1000-HO-TYPE></DTAR1000-REC><DTAR1000-REC><DTAR1000-STORE-NO>48</DTAR1000-STORE-NO><DTAR1000-REGION-NO>40</DTAR1000-REGION-NO><DTAR1000-STORE-NAME>Q Bundaberg</DTAR1000-STORE-NAME><DTAR1000-NEW-STORE>N</DTAR1000-NEW-STORE><DTAR1000-ACTIVE-STORE>Y</DTAR1000-ACTIVE-STORE><DTAR1000-CLOSED-STORE>N</DTAR1000-CLOSED-STORE><DTAR1000-DC-TYPE>N</DTAR1000-DC-TYPE><DTAR1000-SRC-TYPE>N</DTAR1000-SRC-TYPE><DTAR1000-HO-TYPE>N</DTAR1000-HO-TYPE></DTAR1000-REC><DTAR1000-REC><DTAR1000-STORE-NO>49</DTAR1000-STORE-NO><DTAR1000-REGION-NO>40</DTAR1000-REGION-NO><DTAR1000-STORE-NAME>Q Rockhampton</DTAR1000-STORE-NAME><DTAR1000-NEW-STORE>N</DTAR1000-NEW-STORE><DTAR1000-ACTIVE-STORE>Y</DTAR1000-ACTIVE-STORE><DTAR1000-CLOSED-STORE>N</DTAR1000-CLOSED-STORE><DTAR1000-DC-TYPE>N</DTAR1000-DC-TYPE><DTAR1000-SRC-TYPE>N</DTAR1000-SRC-TYPE><DTAR1000-HO-TYPE>N</DTAR1000-HO-TYPE></DTAR1000-REC><DTAR1000-REC><DTAR1000-STORE-NO>52</DTAR1000-STORE-NO><DTAR1000-REGION-NO>10</DTAR1000-REGION-NO><DTAR1000-STORE-NAME>N Eastwood</DTAR1000-STORE-NAME><DTAR1000-NEW-STORE>N</DTAR1000-NEW-STORE><DTAR1000-ACTIVE-STORE>Y</DTAR1000-ACTIVE-STORE><DTAR1000-CLOSED-STORE>N</DTAR1000-CLOSED-STORE><DTAR1000-DC-TYPE>N</DTAR1000-DC-TYPE><DTAR1000-SRC-TYPE>N</DTAR1000-SRC-TYPE><DTAR1000-HO-TYPE>N</DTAR1000-HO-TYPE></DTAR1000-REC><DTAR1000-REC><DTAR1000-STORE-NO>54</DTAR1000-STORE-NO><DTAR1000-REGION-NO>20</DTAR1000-REGION-NO><DTAR1000-STORE-NAME>V Highpoint City</DTAR1000-STORE-NAME><DTAR1000-NEW-STORE>N</DTAR1000-NEW-STORE><DTAR1000-ACTIVE-STORE>Y</DTAR1000-ACTIVE-STORE><DTAR1000-CLOSED-STORE>N</DTAR1000-CLOSED-STORE><DTAR1000-DC-TYPE>N</DTAR1000-DC-TYPE><DTAR1000-SRC-TYPE>N</DTAR1000-SRC-TYPE><DTAR1000-HO-TYPE>N</DTAR1000-HO-TYPE></DTAR1000-REC><DTAR1000-REC><DTAR1000-STORE-NO>55</DTAR1000-STORE-NO><DTAR1000-REGION-NO>10</DTAR1000-REGION-NO><DTAR1000-STORE-NAME>N Leichhardt</DTAR1000-STORE-NAME><DTAR1000-NEW-STORE>N</DTAR1000-NEW-STORE><DTAR1000-ACTIVE-STORE>Y</DTAR1000-ACTIVE-STORE><DTAR1000-CLOSED-STORE>N</DTAR1000-CLOSED-STORE><DTAR1000-DC-TYPE>N</DTAR1000-DC-TYPE><DTAR1000-SRC-TYPE>N</DTAR1000-SRC-TYPE><DTAR1000-HO-TYPE>N</DTAR1000-HO-TYPE></DTAR1000-REC><DTAR1000-REC><DTAR1000-STORE-NO>57</DTAR1000-STORE-NO><DTAR1000-REGION-NO>60</DTAR1000-REGION-NO><DTAR1000-STORE-NAME>W Victoria Park</DTAR1000-STORE-NAME><DTAR1000-NEW-STORE>N</DTAR1000-NEW-STORE><DTAR1000-ACTIVE-STORE>Y</DTAR1000-ACTIVE-STORE><DTAR1000-CLOSED-STORE>N</DTAR1000-CLOSED-STORE><DTAR1000-DC-TYPE>N</DTAR1000-DC-TYPE><DTAR1000-SRC-TYPE>N</DTAR1000-SRC-TYPE><DTAR1000-HO-TYPE>N</DTAR1000-HO-TYPE></DTAR1000-REC><DTAR1000-REC><DTAR1000-STORE-NO>58</DTAR1000-STORE-NO><DTAR1000-REGION-NO>20</DTAR1000-REGION-NO><DTAR1000-STORE-NAME>V Knox City</DTAR1000-STORE-NAME><DTAR1000-NEW-STORE>N</DTAR1000-NEW-STORE><DTAR1000-ACTIVE-STORE>Y</DTAR1000-ACTIVE-STORE><DTAR1000-CLOSED-STORE>N</DTAR1000-CLOSED-STORE><DTAR1000-DC-TYPE>N</DTAR1000-DC-TYPE><DTAR1000-SRC-TYPE>N</DTAR1000-SRC-TYPE><DTAR1000-HO-TYPE>N</DTAR1000-HO-TYPE></DTAR1000-REC><DTAR1000-REC><DTAR1000-STORE-NO>59</DTAR1000-STORE-NO><DTAR1000-REGION-NO>40</DTAR1000-REGION-NO><DTAR1000-STORE-NAME>Q Buranda</DTAR1000-STORE-NAME><DTAR1000-NEW-STORE>N</DTAR1000-NEW-STORE><DTAR1000-ACTIVE-STORE>Y</DTAR1000-ACTIVE-STORE><DTAR1000-CLOSED-STORE>N</DTAR1000-CLOSED-STORE><DTAR1000-DC-TYPE>N</DTAR1000-DC-TYPE><DTAR1000-SRC-TYPE>N</DTAR1000-SRC-TYPE><DTAR1000-HO-TYPE>N</DTAR1000-HO-TYPE></DTAR1000-REC><DTAR1000-REC><DTAR1000-STORE-NO>60</DTAR1000-STORE-NO><DTAR1000-REGION-NO>10</DTAR1000-REGION-NO><DTAR1000-STORE-NAME>N St Marys</DTAR1000-STORE-NAME><DTAR1000-NEW-STORE>N</DTAR1000-NEW-STORE><DTAR1000-ACTIVE-STORE>Y</DTAR1000-ACTIVE-STORE><DTAR1000-CLOSED-STORE>N</DTAR1000-CLOSED-STORE><DTAR1000-DC-TYPE>N</DTAR1000-DC-TYPE><DTAR1000-SRC-TYPE>N</DTAR1000-SRC-TYPE><DTAR1000-HO-TYPE>N</DTAR1000-HO-TYPE></DTAR1000-REC><DTAR1000-REC><DTAR1000-STORE-NO>61</DTAR1000-STORE-NO><DTAR1000-REGION-NO>20</DTAR1000-REGION-NO><DTAR1000-STORE-NAME>V Waverley Gardens</DTAR1000-STORE-NAME><DTAR1000-NEW-STORE>N</DTAR1000-NEW-STORE><DTAR1000-ACTIVE-STORE>Y</DTAR1000-ACTIVE-STORE><DTAR1000-CLOSED-STORE>N</DTAR1000-CLOSED-STORE><DTAR1000-DC-TYPE>N</DTAR1000-DC-TYPE><DTAR1000-SRC-TYPE>N</DTAR1000-SRC-TYPE><DTAR1000-HO-TYPE>N</DTAR1000-HO-TYPE></DTAR1000-REC><DTAR1000-REC><DTAR1000-STORE-NO>62</DTAR1000-STORE-NO><DTAR1000-REGION-NO>40</DTAR1000-REGION-NO><DTAR1000-STORE-NAME>Q Castletown</DTAR1000-STORE-NAME><DTAR1000-NEW-STORE>N</DTAR1000-NEW-STORE><DTAR1000-ACTIVE-STORE>Y</DTAR1000-ACTIVE-STORE><DTAR1000-CLOSED-STORE>N</DTAR1000-CLOSED-STORE><DTAR1000-DC-TYPE>N</DTAR1000-DC-TYPE><DTAR1000-SRC-TYPE>N</DTAR1000-SRC-TYPE><DTAR1000-HO-TYPE>N</DTAR1000-HO-TYPE></DTAR1000-REC><DTAR1000-REC><DTAR1000-STORE-NO>64</DTAR1000-STORE-NO><DTAR1000-REGION-NO>20</DTAR1000-REGION-NO><DTAR1000-STORE-NAME>V Hoppers Crossing</DTAR1000-STORE-NAME><DTAR1000-NEW-STORE>N</DTAR1000-NEW-STORE><DTAR1000-ACTIVE-STORE>Y</DTAR1000-ACTIVE-STORE><DTAR1000-CLOSED-STORE>N</DTAR1000-CLOSED-STORE><DTAR1000-DC-TYPE>N</DTAR1000-DC-TYPE><DTAR1000-SRC-TYPE>N</DTAR1000-SRC-TYPE><DTAR1000-HO-TYPE>N</DTAR1000-HO-TYPE></DTAR1000-REC><DTAR1000-REC><DTAR1000-STORE-NO>65</DTAR1000-STORE-NO><DTAR1000-REGION-NO>60</DTAR1000-REGION-NO><DTAR1000-STORE-NAME>W Innaloo</DTAR1000-STORE-NAME><DTAR1000-NEW-STORE>N</DTAR1000-NEW-STORE><DTAR1000-ACTIVE-STORE>Y</DTAR1000-ACTIVE-STORE><DTAR1000-CLOSED-STORE>N</DTAR1000-CLOSED-STORE><DTAR1000-DC-TYPE>N</DTAR1000-DC-TYPE><DTAR1000-SRC-TYPE>N</DTAR1000-SRC-TYPE><DTAR1000-HO-TYPE>N</DTAR1000-HO-TYPE></DTAR1000-REC><DTAR1000-REC><DTAR1000-STORE-NO>67</DTAR1000-STORE-NO><DTAR1000-REGION-NO>20</DTAR1000-REGION-NO><DTAR1000-STORE-NAME>V Morwell Mid Valley</DTAR1000-STORE-NAME><DTAR1000-NEW-STORE>N</DTAR1000-NEW-STORE><DTAR1000-ACTIVE-STORE>Y</DTAR1000-ACTIVE-STORE><DTAR1000-CLOSED-STORE>N</DTAR1000-CLOSED-STORE><DTAR1000-DC-TYPE>N</DTAR1000-DC-TYPE><DTAR1000-SRC-TYPE>N</DTAR1000-SRC-TYPE><DTAR1000-HO-TYPE>N</DTAR1000-HO-TYPE></DTAR1000-REC><DTAR1000-REC><DTAR1000-STORE-NO>68</DTAR1000-STORE-NO><DTAR1000-REGION-NO>40</DTAR1000-REGION-NO><DTAR1000-STORE-NAME>Q Mt Gravatt</DTAR1000-STORE-NAME><DTAR1000-NEW-STORE>N</DTAR1000-NEW-STORE><DTAR1000-ACTIVE-STORE>Y</DTAR1000-ACTIVE-STORE><DTAR1000-CLOSED-STORE>N</DTAR1000-CLOSED-STORE><DTAR1000-DC-TYPE>N</DTAR1000-DC-TYPE><DTAR1000-SRC-TYPE>N</DTAR1000-SRC-TYPE><DTAR1000-HO-TYPE>N</DTAR1000-HO-TYPE></DTAR1000-REC><DTAR1000-REC><DTAR1000-STORE-NO>69</DTAR1000-STORE-NO><DTAR1000-REGION-NO>60</DTAR1000-REGION-NO><DTAR1000-STORE-NAME>W Midland</DTAR1000-STORE-NAME><DTAR1000-NEW-STORE>N</DTAR1000-NEW-STORE><DTAR1000-ACTIVE-STORE>Y</DTAR1000-ACTIVE-STORE><DTAR1000-CLOSED-STORE>N</DTAR1000-CLOSED-STORE><DTAR1000-DC-TYPE>N</DTAR1000-DC-TYPE><DTAR1000-SRC-TYPE>N</DTAR1000-SRC-TYPE><DTAR1000-HO-TYPE>N</DTAR1000-HO-TYPE></DTAR1000-REC><DTAR1000-REC><DTAR1000-STORE-NO>70</DTAR1000-STORE-NO><DTAR1000-REGION-NO>10</DTAR1000-REGION-NO><DTAR1000-STORE-NAME>N Bass Hill</DTAR1000-STORE-NAME><DTAR1000-NEW-STORE>N</DTAR1000-NEW-STORE><DTAR1000-ACTIVE-STORE>Y</DTAR1000-ACTIVE-STORE><DTAR1000-CLOSED-STORE>N</DTAR1000-CLOSED-STORE><DTAR1000-DC-TYPE>N</DTAR1000-DC-TYPE><DTAR1000-SRC-TYPE>N</DTAR1000-SRC-TYPE><DTAR1000-HO-TYPE>N</DTAR1000-HO-TYPE></DTAR1000-REC><DTAR1000-REC><DTAR1000-STORE-NO>72</DTAR1000-STORE-NO><DTAR1000-REGION-NO>60</DTAR1000-REGION-NO><DTAR1000-STORE-NAME>W Geraldton</DTAR1000-STORE-NAME><DTAR1000-NEW-STORE>N</DTAR1000-NEW-STORE><DTAR1000-ACTIVE-STORE>Y</DTAR1000-ACTIVE-STORE><DTAR1000-CLOSED-STORE>N</DTAR1000-CLOSED-STORE><DTAR1000-DC-TYPE>N</DTAR1000-DC-TYPE><DTAR1000-SRC-TYPE>N</DTAR1000-SRC-TYPE><DTAR1000-HO-TYPE>N</DTAR1000-HO-TYPE></DTAR1000-REC><DTAR1000-REC><DTAR1000-STORE-NO>73</DTAR1000-STORE-NO><DTAR1000-REGION-NO>40</DTAR1000-REGION-NO><DTAR1000-STORE-NAME>Q Southport</DTAR1000-STORE-NAME><DTAR1000-NEW-STORE>N</DTAR1000-NEW-STORE><DTAR1000-ACTIVE-STORE>Y</DTAR1000-ACTIVE-STORE><DTAR1000-CLOSED-STORE>N</DTAR1000-CLOSED-STORE><DTAR1000-DC-TYPE>N</DTAR1000-DC-TYPE><DTAR1000-SRC-TYPE>N</DTAR1000-SRC-TYPE><DTAR1000-HO-TYPE>N</DTAR1000-HO-TYPE></DTAR1000-REC><DTAR1000-REC><DTAR1000-STORE-NO>74</DTAR1000-STORE-NO><DTAR1000-REGION-NO>10</DTAR1000-REGION-NO><DTAR1000-STORE-NAME>N Campbelltown</DTAR1000-STORE-NAME><DTAR1000-NEW-STORE>N</DTAR1000-NEW-STORE><DTAR1000-ACTIVE-STORE>Y</DTAR1000-ACTIVE-STORE><DTAR1000-CLOSED-STORE>N</DTAR1000-CLOSED-STORE><DTAR1000-DC-TYPE>N</DTAR1000-DC-TYPE><DTAR1000-SRC-TYPE>N</DTAR1000-SRC-TYPE><DTAR1000-HO-TYPE>N</DTAR1000-HO-TYPE></DTAR1000-REC><DTAR1000-REC><DTAR1000-STORE-NO>75</DTAR1000-STORE-NO><DTAR1000-REGION-NO>20</DTAR1000-REGION-NO><DTAR1000-STORE-NAME>V Sale</DTAR1000-STORE-NAME><DTAR1000-NEW-STORE>N</DTAR1000-NEW-STORE><DTAR1000-ACTIVE-STORE>Y</DTAR1000-ACTIVE-STORE><DTAR1000-CLOSED-STORE>N</DTAR1000-CLOSED-STORE><DTAR1000-DC-TYPE>N</DTAR1000-DC-TYPE><DTAR1000-SRC-TYPE>N</DTAR1000-SRC-TYPE><DTAR1000-HO-TYPE>N</DTAR1000-HO-TYPE></DTAR1000-REC><DTAR1000-REC><DTAR1000-STORE-NO>76</DTAR1000-STORE-NO><DTAR1000-REGION-NO>60</DTAR1000-REGION-NO><DTAR1000-STORE-NAME>W Bull Creek</DTAR1000-STORE-NAME><DTAR1000-NEW-STORE>N</DTAR1000-NEW-STORE><DTAR1000-ACTIVE-STORE>Y</DTAR1000-ACTIVE-STORE><DTAR1000-CLOSED-STORE>N</DTAR1000-CLOSED-STORE><DTAR1000-DC-TYPE>N</DTAR1000-DC-TYPE><DTAR1000-SRC-TYPE>N</DTAR1000-SRC-TYPE><DTAR1000-HO-TYPE>N</DTAR1000-HO-TYPE></DTAR1000-REC><DTAR1000-REC><DTAR1000-STORE-NO>77</DTAR1000-STORE-NO><DTAR1000-REGION-NO>50</DTAR1000-REGION-NO><DTAR1000-STORE-NAME>S Elizabeth</DTAR1000-STORE-NAME><DTAR1000-NEW-STORE>N</DTAR1000-NEW-STORE><DTAR1000-ACTIVE-STORE>Y</DTAR1000-ACTIVE-STORE><DTAR1000-CLOSED-STORE>N</DTAR1000-CLOSED-STORE><DTAR1000-DC-TYPE>N</DTAR1000-DC-TYPE><DTAR1000-SRC-TYPE>N</DTAR1000-SRC-TYPE><DTAR1000-HO-TYPE>N</DTAR1000-HO-TYPE></DTAR1000-REC><DTAR1000-REC><DTAR1000-STORE-NO>78</DTAR1000-STORE-NO><DTAR1000-REGION-NO>10</DTAR1000-REGION-NO><DTAR1000-STORE-NAME>N Warringah Mall</DTAR1000-STORE-NAME><DTAR1000-NEW-STORE>N</DTAR1000-NEW-STORE><DTAR1000-ACTIVE-STORE>Y</DTAR1000-ACTIVE-STORE><DTAR1000-CLOSED-STORE>N</DTAR1000-CLOSED-STORE><DTAR1000-DC-TYPE>N</DTAR1000-DC-TYPE><DTAR1000-SRC-TYPE>N</DTAR1000-SRC-TYPE><DTAR1000-HO-TYPE>N</DTAR1000-HO-TYPE></DTAR1000-REC><DTAR1000-REC><DTAR1000-STORE-NO>79</DTAR1000-STORE-NO><DTAR1000-REGION-NO>60</DTAR1000-REGION-NO><DTAR1000-STORE-NAME>W Stirling</DTAR1000-STORE-NAME><DTAR1000-NEW-STORE>N</DTAR1000-NEW-STORE><DTAR1000-ACTIVE-STORE>Y</DTAR1000-ACTIVE-STORE><DTAR1000-CLOSED-STORE>N</DTAR1000-CLOSED-STORE><DTAR1000-DC-TYPE>N</DTAR1000-DC-TYPE><DTAR1000-SRC-TYPE>N</DTAR1000-SRC-TYPE><DTAR1000-HO-TYPE>N</DTAR1000-HO-TYPE></DTAR1000-REC><DTAR1000-REC><DTAR1000-STORE-NO>80</DTAR1000-STORE-NO><DTAR1000-REGION-NO>20</DTAR1000-REGION-NO><DTAR1000-STORE-NAME>V Sunshine</DTAR1000-STORE-NAME><DTAR1000-NEW-STORE>N</DTAR1000-NEW-STORE><DTAR1000-ACTIVE-STORE>Y</DTAR1000-ACTIVE-STORE><DTAR1000-CLOSED-STORE>N</DTAR1000-CLOSED-STORE><DTAR1000-DC-TYPE>N</DTAR1000-DC-TYPE><DTAR1000-SRC-TYPE>N</DTAR1000-SRC-TYPE><DTAR1000-HO-TYPE>N</DTAR1000-HO-TYPE></DTAR1000-REC><DTAR1000-REC><DTAR1000-STORE-NO>81</DTAR1000-STORE-NO><DTAR1000-REGION-NO>10</DTAR1000-REGION-NO><DTAR1000-STORE-NAME>N Ashfield</DTAR1000-STORE-NAME><DTAR1000-NEW-STORE>N</DTAR1000-NEW-STORE><DTAR1000-ACTIVE-STORE>Y</DTAR1000-ACTIVE-STORE><DTAR1000-CLOSED-STORE>N</DTAR1000-CLOSED-STORE><DTAR1000-DC-TYPE>N</DTAR1000-DC-TYPE><DTAR1000-SRC-TYPE>N</DTAR1000-SRC-TYPE><DTAR1000-HO-TYPE>N</DTAR1000-HO-TYPE></DTAR1000-REC><DTAR1000-REC><DTAR1000-STORE-NO>82</DTAR1000-STORE-NO><DTAR1000-REGION-NO>20</DTAR1000-REGION-NO><DTAR1000-STORE-NAME>V Box Hill</DTAR1000-STORE-NAME><DTAR1000-NEW-STORE>N</DTAR1000-NEW-STORE><DTAR1000-ACTIVE-STORE>Y</DTAR1000-ACTIVE-STORE><DTAR1000-CLOSED-STORE>N</DTAR1000-CLOSED-STORE><DTAR1000-DC-TYPE>N</DTAR1000-DC-TYPE><DTAR1000-SRC-TYPE>N</DTAR1000-SRC-TYPE><DTAR1000-HO-TYPE>N</DTAR1000-HO-TYPE></DTAR1000-REC><DTAR1000-REC><DTAR1000-STORE-NO>83</DTAR1000-STORE-NO><DTAR1000-REGION-NO>40</DTAR1000-REGION-NO><DTAR1000-STORE-NAME>Q Springwood</DTAR1000-STORE-NAME><DTAR1000-NEW-STORE>N</DTAR1000-NEW-STORE><DTAR1000-ACTIVE-STORE>Y</DTAR1000-ACTIVE-STORE><DTAR1000-CLOSED-STORE>N</DTAR1000-CLOSED-STORE><DTAR1000-DC-TYPE>N</DTAR1000-DC-TYPE><DTAR1000-SRC-TYPE>N</DTAR1000-SRC-TYPE><DTAR1000-HO-TYPE>N</DTAR1000-HO-TYPE></DTAR1000-REC><DTAR1000-REC><DTAR1000-STORE-NO>84</DTAR1000-STORE-NO><DTAR1000-REGION-NO>40</DTAR1000-REGION-NO><DTAR1000-STORE-NAME>Q Brookside</DTAR1000-STORE-NAME><DTAR1000-NEW-STORE>N</DTAR1000-NEW-STORE><DTAR1000-ACTIVE-STORE>Y</DTAR1000-ACTIVE-STORE><DTAR1000-CLOSED-STORE>N</DTAR1000-CLOSED-STORE><DTAR1000-DC-TYPE>N</DTAR1000-DC-TYPE><DTAR1000-SRC-TYPE>N</DTAR1000-SRC-TYPE><DTAR1000-HO-TYPE>N</DTAR1000-HO-TYPE></DTAR1000-REC><DTAR1000-REC><DTAR1000-STORE-NO>85</DTAR1000-STORE-NO><DTAR1000-REGION-NO>10</DTAR1000-REGION-NO><DTAR1000-STORE-NAME>N Roselands</DTAR1000-STORE-NAME><DTAR1000-NEW-STORE>N</DTAR1000-NEW-STORE><DTAR1000-ACTIVE-STORE>Y</DTAR1000-ACTIVE-STORE><DTAR1000-CLOSED-STORE>N</DTAR1000-CLOSED-STORE><DTAR1000-DC-TYPE>N</DTAR1000-DC-TYPE><DTAR1000-SRC-TYPE>N</DTAR1000-SRC-TYPE><DTAR1000-HO-TYPE>N</DTAR1000-HO-TYPE></DTAR1000-REC><DTAR1000-REC><DTAR1000-STORE-NO>86</DTAR1000-STORE-NO><DTAR1000-REGION-NO>20</DTAR1000-REGION-NO><DTAR1000-STORE-NAME>V Southland</DTAR1000-STORE-NAME><DTAR1000-NEW-STORE>N</DTAR1000-NEW-STORE><DTAR1000-ACTIVE-STORE>Y</DTAR1000-ACTIVE-STORE><DTAR1000-CLOSED-STORE>N</DTAR1000-CLOSED-STORE><DTAR1000-DC-TYPE>N</DTAR1000-DC-TYPE><DTAR1000-SRC-TYPE>N</DTAR1000-SRC-TYPE><DTAR1000-HO-TYPE>N</DTAR1000-HO-TYPE></DTAR1000-REC><DTAR1000-REC><DTAR1000-STORE-NO>87</DTAR1000-STORE-NO><DTAR1000-REGION-NO>20</DTAR1000-REGION-NO><DTAR1000-STORE-NAME>V Chadstone</DTAR1000-STORE-NAME><DTAR1000-NEW-STORE>N</DTAR1000-NEW-STORE><DTAR1000-ACTIVE-STORE>Y</DTAR1000-ACTIVE-STORE><DTAR1000-CLOSED-STORE>N</DTAR1000-CLOSED-STORE><DTAR1000-DC-TYPE>N</DTAR1000-DC-TYPE><DTAR1000-SRC-TYPE>N</DTAR1000-SRC-TYPE><DTAR1000-HO-TYPE>N</DTAR1000-HO-TYPE></DTAR1000-REC><DTAR1000-REC><DTAR1000-STORE-NO>88</DTAR1000-STORE-NO><DTAR1000-REGION-NO>20</DTAR1000-REGION-NO><DTAR1000-STORE-NAME>V Templestowe</DTAR1000-STORE-NAME><DTAR1000-NEW-STORE>N</DTAR1000-NEW-STORE><DTAR1000-ACTIVE-STORE>Y</DTAR1000-ACTIVE-STORE><DTAR1000-CLOSED-STORE>N</DTAR1000-CLOSED-STORE><DTAR1000-DC-TYPE>N</DTAR1000-DC-TYPE><DTAR1000-SRC-TYPE>N</DTAR1000-SRC-TYPE><DTAR1000-HO-TYPE>N</DTAR1000-HO-TYPE></DTAR1000-REC><DTAR1000-REC><DTAR1000-STORE-NO>89</DTAR1000-STORE-NO><DTAR1000-REGION-NO>10</DTAR1000-REGION-NO><DTAR1000-STORE-NAME>N Erina</DTAR1000-STORE-NAME><DTAR1000-NEW-STORE>N</DTAR1000-NEW-STORE><DTAR1000-ACTIVE-STORE>Y</DTAR1000-ACTIVE-STORE><DTAR1000-CLOSED-STORE>N</DTAR1000-CLOSED-STORE><DTAR1000-DC-TYPE>N</DTAR1000-DC-TYPE><DTAR1000-SRC-TYPE>N</DTAR1000-SRC-TYPE><DTAR1000-HO-TYPE>N</DTAR1000-HO-TYPE></DTAR1000-REC><DTAR1000-REC><DTAR1000-STORE-NO>90</DTAR1000-STORE-NO><DTAR1000-REGION-NO>10</DTAR1000-REGION-NO><DTAR1000-STORE-NAME>N Carlingford Court</DTAR1000-STORE-NAME><DTAR1000-NEW-STORE>N</DTAR1000-NEW-STORE><DTAR1000-ACTIVE-STORE>Y</DTAR1000-ACTIVE-STORE><DTAR1000-CLOSED-STORE>N</DTAR1000-CLOSED-STORE><DTAR1000-DC-TYPE>N</DTAR1000-DC-TYPE><DTAR1000-SRC-TYPE>N</DTAR1000-SRC-TYPE><DTAR1000-HO-TYPE>N</DTAR1000-HO-TYPE></DTAR1000-REC><DTAR1000-REC><DTAR1000-STORE-NO>91</DTAR1000-STORE-NO><DTAR1000-REGION-NO>10</DTAR1000-REGION-NO><DTAR1000-STORE-NAME>N Chatswood</DTAR1000-STORE-NAME><DTAR1000-NEW-STORE>N</DTAR1000-NEW-STORE><DTAR1000-ACTIVE-STORE>Y</DTAR1000-ACTIVE-STORE><DTAR1000-CLOSED-STORE>N</DTAR1000-CLOSED-STORE><DTAR1000-DC-TYPE>N</DTAR1000-DC-TYPE><DTAR1000-SRC-TYPE>N</DTAR1000-SRC-TYPE><DTAR1000-HO-TYPE>N</DTAR1000-HO-TYPE></DTAR1000-REC><DTAR1000-REC><DTAR1000-STORE-NO>92</DTAR1000-STORE-NO><DTAR1000-REGION-NO>20</DTAR1000-REGION-NO><DTAR1000-STORE-NAME>V Malvern</DTAR1000-STORE-NAME><DTAR1000-NEW-STORE>N</DTAR1000-NEW-STORE><DTAR1000-ACTIVE-STORE>Y</DTAR1000-ACTIVE-STORE><DTAR1000-CLOSED-STORE>N</DTAR1000-CLOSED-STORE><DTAR1000-DC-TYPE>N</DTAR1000-DC-TYPE><DTAR1000-SRC-TYPE>N</DTAR1000-SRC-TYPE><DTAR1000-HO-TYPE>N</DTAR1000-HO-TYPE></DTAR1000-REC><DTAR1000-REC><DTAR1000-STORE-NO>93</DTAR1000-STORE-NO><DTAR1000-REGION-NO>10</DTAR1000-REGION-NO><DTAR1000-STORE-NAME>N Liverpool</DTAR1000-STORE-NAME><DTAR1000-NEW-STORE>N</DTAR1000-NEW-STORE><DTAR1000-ACTIVE-STORE>Y</DTAR1000-ACTIVE-STORE><DTAR1000-CLOSED-STORE>N</DTAR1000-CLOSED-STORE><DTAR1000-DC-TYPE>N</DTAR1000-DC-TYPE><DTAR1000-SRC-TYPE>N</DTAR1000-SRC-TYPE><DTAR1000-HO-TYPE>N</DTAR1000-HO-TYPE></DTAR1000-REC><DTAR1000-REC><DTAR1000-STORE-NO>94</DTAR1000-STORE-NO><DTAR1000-REGION-NO>60</DTAR1000-REGION-NO><DTAR1000-STORE-NAME>W Whitford City</DTAR1000-STORE-NAME><DTAR1000-NEW-STORE>N</DTAR1000-NEW-STORE><DTAR1000-ACTIVE-STORE>Y</DTAR1000-ACTIVE-STORE><DTAR1000-CLOSED-STORE>N</DTAR1000-CLOSED-STORE><DTAR1000-DC-TYPE>N</DTAR1000-DC-TYPE><DTAR1000-SRC-TYPE>N</DTAR1000-SRC-TYPE><DTAR1000-HO-TYPE>N</DTAR1000-HO-TYPE></DTAR1000-REC><DTAR1000-REC><DTAR1000-STORE-NO>95</DTAR1000-STORE-NO><DTAR1000-REGION-NO>10</DTAR1000-REGION-NO><DTAR1000-STORE-NAME>N Eastgarden</DTAR1000-STORE-NAME><DTAR1000-NEW-STORE>N</DTAR1000-NEW-STORE><DTAR1000-ACTIVE-STORE>Y</DTAR1000-ACTIVE-STORE><DTAR1000-CLOSED-STORE>N</DTAR1000-CLOSED-STORE><DTAR1000-DC-TYPE>N</DTAR1000-DC-TYPE><DTAR1000-SRC-TYPE>N</DTAR1000-SRC-TYPE><DTAR1000-HO-TYPE>N</DTAR1000-HO-TYPE></DTAR1000-REC><DTAR1000-REC><DTAR1000-STORE-NO>96</DTAR1000-STORE-NO><DTAR1000-REGION-NO>10</DTAR1000-REGION-NO><DTAR1000-STORE-NAME>N Canberra Civic</DTAR1000-STORE-NAME><DTAR1000-NEW-STORE>N</DTAR1000-NEW-STORE><DTAR1000-ACTIVE-STORE>Y</DTAR1000-ACTIVE-STORE><DTAR1000-CLOSED-STORE>N</DTAR1000-CLOSED-STORE><DTAR1000-DC-TYPE>N</DTAR1000-DC-TYPE><DTAR1000-SRC-TYPE>N</DTAR1000-SRC-TYPE><DTAR1000-HO-TYPE>N</DTAR1000-HO-TYPE></DTAR1000-REC><DTAR1000-REC><DTAR1000-STORE-NO>97</DTAR1000-STORE-NO><DTAR1000-REGION-NO>20</DTAR1000-REGION-NO><DTAR1000-STORE-NAME>V Fountain Gate</DTAR1000-STORE-NAME><DTAR1000-NEW-STORE>N</DTAR1000-NEW-STORE><DTAR1000-ACTIVE-STORE>Y</DTAR1000-ACTIVE-STORE><DTAR1000-CLOSED-STORE>N</DTAR1000-CLOSED-STORE><DTAR1000-DC-TYPE>N</DTAR1000-DC-TYPE><DTAR1000-SRC-TYPE>N</DTAR1000-SRC-TYPE><DTAR1000-HO-TYPE>N</DTAR1000-HO-TYPE></DTAR1000-REC><DTAR1000-REC><DTAR1000-STORE-NO>98</DTAR1000-STORE-NO><DTAR1000-REGION-NO>20</DTAR1000-REGION-NO><DTAR1000-STORE-NAME>V Frankston</DTAR1000-STORE-NAME><DTAR1000-NEW-STORE>N</DTAR1000-NEW-STORE><DTAR1000-ACTIVE-STORE>Y</DTAR1000-ACTIVE-STORE><DTAR1000-CLOSED-STORE>N</DTAR1000-CLOSED-STORE><DTAR1000-DC-TYPE>N</DTAR1000-DC-TYPE><DTAR1000-SRC-TYPE>N</DTAR1000-SRC-TYPE><DTAR1000-HO-TYPE>N</DTAR1000-HO-TYPE></DTAR1000-REC><DTAR1000-REC><DTAR1000-STORE-NO>99</DTAR1000-STORE-NO><DTAR1000-REGION-NO>20</DTAR1000-REGION-NO><DTAR1000-STORE-NAME>V Glen Waverley</DTAR1000-STORE-NAME><DTAR1000-NEW-STORE>N</DTAR1000-NEW-STORE><DTAR1000-ACTIVE-STORE>Y</DTAR1000-ACTIVE-STORE><DTAR1000-CLOSED-STORE>N</DTAR1000-CLOSED-STORE><DTAR1000-DC-TYPE>N</DTAR1000-DC-TYPE><DTAR1000-SRC-TYPE>N</DTAR1000-SRC-TYPE><DTAR1000-HO-TYPE>N</DTAR1000-HO-TYPE></DTAR1000-REC><DTAR1000-REC><DTAR1000-STORE-NO>100</DTAR1000-STORE-NO><DTAR1000-REGION-NO>20</DTAR1000-REGION-NO><DTAR1000-STORE-NAME>V Waurn Ponds</DTAR1000-STORE-NAME><DTAR1000-NEW-STORE>N</DTAR1000-NEW-STORE><DTAR1000-ACTIVE-STORE>Y</DTAR1000-ACTIVE-STORE><DTAR1000-CLOSED-STORE>N</DTAR1000-CLOSED-STORE><DTAR1000-DC-TYPE>N</DTAR1000-DC-TYPE><DTAR1000-SRC-TYPE>N</DTAR1000-SRC-TYPE><DTAR1000-HO-TYPE>N</DTAR1000-HO-TYPE></DTAR1000-REC><DTAR1000-REC><DTAR1000-STORE-NO>125</DTAR1000-STORE-NO><DTAR1000-REGION-NO>10</DTAR1000-REGION-NO><DTAR1000-STORE-NAME>N Mt Druitt</DTAR1000-STORE-NAME><DTAR1000-NEW-STORE>N</DTAR1000-NEW-STORE><DTAR1000-ACTIVE-STORE>Y</DTAR1000-ACTIVE-STORE><DTAR1000-CLOSED-STORE>N</DTAR1000-CLOSED-STORE><DTAR1000-DC-TYPE>N</DTAR1000-DC-TYPE><DTAR1000-SRC-TYPE>N</DTAR1000-SRC-TYPE><DTAR1000-HO-TYPE>N</DTAR1000-HO-TYPE></DTAR1000-REC><DTAR1000-REC><DTAR1000-STORE-NO>126</DTAR1000-STORE-NO><DTAR1000-REGION-NO>40</DTAR1000-REGION-NO><DTAR1000-STORE-NAME>Q Robina</DTAR1000-STORE-NAME><DTAR1000-NEW-STORE>N</DTAR1000-NEW-STORE><DTAR1000-ACTIVE-STORE>Y</DTAR1000-ACTIVE-STORE><DTAR1000-CLOSED-STORE>N</DTAR1000-CLOSED-STORE><DTAR1000-DC-TYPE>N</DTAR1000-DC-TYPE><DTAR1000-SRC-TYPE>N</DTAR1000-SRC-TYPE><DTAR1000-HO-TYPE>N</DTAR1000-HO-TYPE></DTAR1000-REC><DTAR1000-REC><DTAR1000-STORE-NO>127</DTAR1000-STORE-NO><DTAR1000-REGION-NO>50</DTAR1000-REGION-NO><DTAR1000-STORE-NAME>S Marion</DTAR1000-STORE-NAME><DTAR1000-NEW-STORE>N</DTAR1000-NEW-STORE><DTAR1000-ACTIVE-STORE>Y</DTAR1000-ACTIVE-STORE><DTAR1000-CLOSED-STORE>N</DTAR1000-CLOSED-STORE><DTAR1000-DC-TYPE>N</DTAR1000-DC-TYPE><DTAR1000-SRC-TYPE>N</DTAR1000-SRC-TYPE><DTAR1000-HO-TYPE>N</DTAR1000-HO-TYPE></DTAR1000-REC><DTAR1000-REC><DTAR1000-STORE-NO>128</DTAR1000-STORE-NO><DTAR1000-REGION-NO>60</DTAR1000-REGION-NO><DTAR1000-STORE-NAME>W Rockingham</DTAR1000-STORE-NAME><DTAR1000-NEW-STORE>N</DTAR1000-NEW-STORE><DTAR1000-ACTIVE-STORE>Y</DTAR1000-ACTIVE-STORE><DTAR1000-CLOSED-STORE>N</DTAR1000-CLOSED-STORE><DTAR1000-DC-TYPE>N</DTAR1000-DC-TYPE><DTAR1000-SRC-TYPE>N</DTAR1000-SRC-TYPE><DTAR1000-HO-TYPE>N</DTAR1000-HO-TYPE></DTAR1000-REC><DTAR1000-REC><DTAR1000-STORE-NO>129</DTAR1000-STORE-NO><DTAR1000-REGION-NO>10</DTAR1000-REGION-NO><DTAR1000-STORE-NAME>N Macquarie</DTAR1000-STORE-NAME><DTAR1000-NEW-STORE>N</DTAR1000-NEW-STORE><DTAR1000-ACTIVE-STORE>Y</DTAR1000-ACTIVE-STORE><DTAR1000-CLOSED-STORE>N</DTAR1000-CLOSED-STORE><DTAR1000-DC-TYPE>N</DTAR1000-DC-TYPE><DTAR1000-SRC-TYPE>N</DTAR1000-SRC-TYPE><DTAR1000-HO-TYPE>N</DTAR1000-HO-TYPE></DTAR1000-REC><DTAR1000-REC><DTAR1000-STORE-NO>131</DTAR1000-STORE-NO><DTAR1000-REGION-NO>20</DTAR1000-REGION-NO><DTAR1000-STORE-NAME>V Melbourne City</DTAR1000-STORE-NAME><DTAR1000-NEW-STORE>N</DTAR1000-NEW-STORE><DTAR1000-ACTIVE-STORE>Y</DTAR1000-ACTIVE-STORE><DTAR1000-CLOSED-STORE>N</DTAR1000-CLOSED-STORE><DTAR1000-DC-TYPE>N</DTAR1000-DC-TYPE><DTAR1000-SRC-TYPE>N</DTAR1000-SRC-TYPE><DTAR1000-HO-TYPE>N</DTAR1000-HO-TYPE></DTAR1000-REC><DTAR1000-REC><DTAR1000-STORE-NO>132</DTAR1000-STORE-NO><DTAR1000-REGION-NO>20</DTAR1000-REGION-NO><DTAR1000-STORE-NAME>V Glenorchy</DTAR1000-STORE-NAME><DTAR1000-NEW-STORE>N</DTAR1000-NEW-STORE><DTAR1000-ACTIVE-STORE>Y</DTAR1000-ACTIVE-STORE><DTAR1000-CLOSED-STORE>N</DTAR1000-CLOSED-STORE><DTAR1000-DC-TYPE>N</DTAR1000-DC-TYPE><DTAR1000-SRC-TYPE>N</DTAR1000-SRC-TYPE><DTAR1000-HO-TYPE>N</DTAR1000-HO-TYPE></DTAR1000-REC><DTAR1000-REC><DTAR1000-STORE-NO>133</DTAR1000-STORE-NO><DTAR1000-REGION-NO>40</DTAR1000-REGION-NO><DTAR1000-STORE-NAME>Q Browns Plains</DTAR1000-STORE-NAME><DTAR1000-NEW-STORE>N</DTAR1000-NEW-STORE><DTAR1000-ACTIVE-STORE>Y</DTAR1000-ACTIVE-STORE><DTAR1000-CLOSED-STORE>N</DTAR1000-CLOSED-STORE><DTAR1000-DC-TYPE>N</DTAR1000-DC-TYPE><DTAR1000-SRC-TYPE>N</DTAR1000-SRC-TYPE><DTAR1000-HO-TYPE>N</DTAR1000-HO-TYPE></DTAR1000-REC><DTAR1000-REC><DTAR1000-STORE-NO>134</DTAR1000-STORE-NO><DTAR1000-REGION-NO>50</DTAR1000-REGION-NO><DTAR1000-STORE-NAME>S Reynella</DTAR1000-STORE-NAME><DTAR1000-NEW-STORE>N</DTAR1000-NEW-STORE><DTAR1000-ACTIVE-STORE>Y</DTAR1000-ACTIVE-STORE><DTAR1000-CLOSED-STORE>N</DTAR1000-CLOSED-STORE><DTAR1000-DC-TYPE>N</DTAR1000-DC-TYPE><DTAR1000-SRC-TYPE>N</DTAR1000-SRC-TYPE><DTAR1000-HO-TYPE>N</DTAR1000-HO-TYPE></DTAR1000-REC><DTAR1000-REC><DTAR1000-STORE-NO>135</DTAR1000-STORE-NO><DTAR1000-REGION-NO>40</DTAR1000-REGION-NO><DTAR1000-STORE-NAME>Q Capalaba</DTAR1000-STORE-NAME><DTAR1000-NEW-STORE>N</DTAR1000-NEW-STORE><DTAR1000-ACTIVE-STORE>Y</DTAR1000-ACTIVE-STORE><DTAR1000-CLOSED-STORE>N</DTAR1000-CLOSED-STORE><DTAR1000-DC-TYPE>N</DTAR1000-DC-TYPE><DTAR1000-SRC-TYPE>N</DTAR1000-SRC-TYPE><DTAR1000-HO-TYPE>N</DTAR1000-HO-TYPE></DTAR1000-REC><DTAR1000-REC><DTAR1000-STORE-NO>136</DTAR1000-STORE-NO><DTAR1000-REGION-NO>10</DTAR1000-REGION-NO><DTAR1000-STORE-NAME>N Charlestown</DTAR1000-STORE-NAME><DTAR1000-NEW-STORE>N</DTAR1000-NEW-STORE><DTAR1000-ACTIVE-STORE>Y</DTAR1000-ACTIVE-STORE><DTAR1000-CLOSED-STORE>N</DTAR1000-CLOSED-STORE><DTAR1000-DC-TYPE>N</DTAR1000-DC-TYPE><DTAR1000-SRC-TYPE>N</DTAR1000-SRC-TYPE><DTAR1000-HO-TYPE>N</DTAR1000-HO-TYPE></DTAR1000-REC><DTAR1000-REC><DTAR1000-STORE-NO>137</DTAR1000-STORE-NO><DTAR1000-REGION-NO>20</DTAR1000-REGION-NO><DTAR1000-STORE-NAME>V Dandenong</DTAR1000-STORE-NAME><DTAR1000-NEW-STORE>N</DTAR1000-NEW-STORE><DTAR1000-ACTIVE-STORE>Y</DTAR1000-ACTIVE-STORE><DTAR1000-CLOSED-STORE>N</DTAR1000-CLOSED-STORE><DTAR1000-DC-TYPE>N</DTAR1000-DC-TYPE><DTAR1000-SRC-TYPE>N</DTAR1000-SRC-TYPE><DTAR1000-HO-TYPE>N</DTAR1000-HO-TYPE></DTAR1000-REC><DTAR1000-REC><DTAR1000-STORE-NO>138</DTAR1000-STORE-NO><DTAR1000-REGION-NO>40</DTAR1000-REGION-NO><DTAR1000-STORE-NAME>Q Cairns Central</DTAR1000-STORE-NAME><DTAR1000-NEW-STORE>N</DTAR1000-NEW-STORE><DTAR1000-ACTIVE-STORE>Y</DTAR1000-ACTIVE-STORE><DTAR1000-CLOSED-STORE>N</DTAR1000-CLOSED-STORE><DTAR1000-DC-TYPE>N</DTAR1000-DC-TYPE><DTAR1000-SRC-TYPE>N</DTAR1000-SRC-TYPE><DTAR1000-HO-TYPE>N</DTAR1000-HO-TYPE></DTAR1000-REC><DTAR1000-REC><DTAR1000-STORE-NO>139</DTAR1000-STORE-NO><DTAR1000-REGION-NO>40</DTAR1000-REGION-NO><DTAR1000-STORE-NAME>Q Toowoomba</DTAR1000-STORE-NAME><DTAR1000-NEW-STORE>N</DTAR1000-NEW-STORE><DTAR1000-ACTIVE-STORE>Y</DTAR1000-ACTIVE-STORE><DTAR1000-CLOSED-STORE>N</DTAR1000-CLOSED-STORE><DTAR1000-DC-TYPE>N</DTAR1000-DC-TYPE><DTAR1000-SRC-TYPE>N</DTAR1000-SRC-TYPE><DTAR1000-HO-TYPE>N</DTAR1000-HO-TYPE></DTAR1000-REC><DTAR1000-REC><DTAR1000-STORE-NO>140</DTAR1000-STORE-NO><DTAR1000-REGION-NO>40</DTAR1000-REGION-NO><DTAR1000-STORE-NAME>Q Pacific Fair</DTAR1000-STORE-NAME><DTAR1000-NEW-STORE>N</DTAR1000-NEW-STORE><DTAR1000-ACTIVE-STORE>Y</DTAR1000-ACTIVE-STORE><DTAR1000-CLOSED-STORE>N</DTAR1000-CLOSED-STORE><DTAR1000-DC-TYPE>N</DTAR1000-DC-TYPE><DTAR1000-SRC-TYPE>N</DTAR1000-SRC-TYPE><DTAR1000-HO-TYPE>N</DTAR1000-HO-TYPE></DTAR1000-REC><DTAR1000-REC><DTAR1000-STORE-NO>141</DTAR1000-STORE-NO><DTAR1000-REGION-NO>40</DTAR1000-REGION-NO><DTAR1000-STORE-NAME>Q The Willows</DTAR1000-STORE-NAME><DTAR1000-NEW-STORE>N</DTAR1000-NEW-STORE><DTAR1000-ACTIVE-STORE>Y</DTAR1000-ACTIVE-STORE><DTAR1000-CLOSED-STORE>N</DTAR1000-CLOSED-STORE><DTAR1000-DC-TYPE>N</DTAR1000-DC-TYPE><DTAR1000-SRC-TYPE>N</DTAR1000-SRC-TYPE><DTAR1000-HO-TYPE>N</DTAR1000-HO-TYPE></DTAR1000-REC><DTAR1000-REC><DTAR1000-STORE-NO>142</DTAR1000-STORE-NO><DTAR1000-REGION-NO>50</DTAR1000-REGION-NO><DTAR1000-STORE-NAME>S Hollywood Plaza</DTAR1000-STORE-NAME><DTAR1000-NEW-STORE>N</DTAR1000-NEW-STORE><DTAR1000-ACTIVE-STORE>Y</DTAR1000-ACTIVE-STORE><DTAR1000-CLOSED-STORE>N</DTAR1000-CLOSED-STORE><DTAR1000-DC-TYPE>N</DTAR1000-DC-TYPE><DTAR1000-SRC-TYPE>N</DTAR1000-SRC-TYPE><DTAR1000-HO-TYPE>N</DTAR1000-HO-TYPE></DTAR1000-REC><DTAR1000-REC><DTAR1000-STORE-NO>143</DTAR1000-STORE-NO><DTAR1000-REGION-NO>40</DTAR1000-REGION-NO><DTAR1000-STORE-NAME>Q Hervey Bay</DTAR1000-STORE-NAME><DTAR1000-NEW-STORE>N</DTAR1000-NEW-STORE><DTAR1000-ACTIVE-STORE>Y</DTAR1000-ACTIVE-STORE><DTAR1000-CLOSED-STORE>N</DTAR1000-CLOSED-STORE><DTAR1000-DC-TYPE>N</DTAR1000-DC-TYPE><DTAR1000-SRC-TYPE>N</DTAR1000-SRC-TYPE><DTAR1000-HO-TYPE>N</DTAR1000-HO-TYPE></DTAR1000-REC><DTAR1000-REC><DTAR1000-STORE-NO>144</DTAR1000-STORE-NO><DTAR1000-REGION-NO>10</DTAR1000-REGION-NO><DTAR1000-STORE-NAME>N Parramatta</DTAR1000-STORE-NAME><DTAR1000-NEW-STORE>N</DTAR1000-NEW-STORE><DTAR1000-ACTIVE-STORE>Y</DTAR1000-ACTIVE-STORE><DTAR1000-CLOSED-STORE>N</DTAR1000-CLOSED-STORE><DTAR1000-DC-TYPE>N</DTAR1000-DC-TYPE><DTAR1000-SRC-TYPE>N</DTAR1000-SRC-TYPE><DTAR1000-HO-TYPE>N</DTAR1000-HO-TYPE></DTAR1000-REC><DTAR1000-REC><DTAR1000-STORE-NO>145</DTAR1000-STORE-NO><DTAR1000-REGION-NO>10</DTAR1000-REGION-NO><DTAR1000-STORE-NAME>N Port Macquarie</DTAR1000-STORE-NAME><DTAR1000-NEW-STORE>N</DTAR1000-NEW-STORE><DTAR1000-ACTIVE-STORE>Y</DTAR1000-ACTIVE-STORE><DTAR1000-CLOSED-STORE>N</DTAR1000-CLOSED-STORE><DTAR1000-DC-TYPE>N</DTAR1000-DC-TYPE><DTAR1000-SRC-TYPE>N</DTAR1000-SRC-TYPE><DTAR1000-HO-TYPE>N</DTAR1000-HO-TYPE></DTAR1000-REC><DTAR1000-REC><DTAR1000-STORE-NO>146</DTAR1000-STORE-NO><DTAR1000-REGION-NO>40</DTAR1000-REGION-NO><DTAR1000-STORE-NAME>Q Palmerston</DTAR1000-STORE-NAME><DTAR1000-NEW-STORE>N</DTAR1000-NEW-STORE><DTAR1000-ACTIVE-STORE>Y</DTAR1000-ACTIVE-STORE><DTAR1000-CLOSED-STORE>N</DTAR1000-CLOSED-STORE><DTAR1000-DC-TYPE>N</DTAR1000-DC-TYPE><DTAR1000-SRC-TYPE>N</DTAR1000-SRC-TYPE><DTAR1000-HO-TYPE>N</DTAR1000-HO-TYPE></DTAR1000-REC><DTAR1000-REC><DTAR1000-STORE-NO>149</DTAR1000-STORE-NO><DTAR1000-REGION-NO>20</DTAR1000-REGION-NO><DTAR1000-STORE-NAME>V Broadmeadows</DTAR1000-STORE-NAME><DTAR1000-NEW-STORE>N</DTAR1000-NEW-STORE><DTAR1000-ACTIVE-STORE>Y</DTAR1000-ACTIVE-STORE><DTAR1000-CLOSED-STORE>N</DTAR1000-CLOSED-STORE><DTAR1000-DC-TYPE>N</DTAR1000-DC-TYPE><DTAR1000-SRC-TYPE>N</DTAR1000-SRC-TYPE><DTAR1000-HO-TYPE>N</DTAR1000-HO-TYPE></DTAR1000-REC><DTAR1000-REC><DTAR1000-STORE-NO>150</DTAR1000-STORE-NO><DTAR1000-REGION-NO>10</DTAR1000-REGION-NO><DTAR1000-STORE-NAME>N Cowra</DTAR1000-STORE-NAME><DTAR1000-NEW-STORE>N</DTAR1000-NEW-STORE><DTAR1000-ACTIVE-STORE>Y</DTAR1000-ACTIVE-STORE><DTAR1000-CLOSED-STORE>N</DTAR1000-CLOSED-STORE><DTAR1000-DC-TYPE>N</DTAR1000-DC-TYPE><DTAR1000-SRC-TYPE>N</DTAR1000-SRC-TYPE><DTAR1000-HO-TYPE>N</DTAR1000-HO-TYPE></DTAR1000-REC><DTAR1000-REC><DTAR1000-STORE-NO>151</DTAR1000-STORE-NO><DTAR1000-REGION-NO>60</DTAR1000-REGION-NO><DTAR1000-STORE-NAME>W Perth</DTAR1000-STORE-NAME><DTAR1000-NEW-STORE>N</DTAR1000-NEW-STORE><DTAR1000-ACTIVE-STORE>Y</DTAR1000-ACTIVE-STORE><DTAR1000-CLOSED-STORE>N</DTAR1000-CLOSED-STORE><DTAR1000-DC-TYPE>N</DTAR1000-DC-TYPE><DTAR1000-SRC-TYPE>N</DTAR1000-SRC-TYPE><DTAR1000-HO-TYPE>N</DTAR1000-HO-TYPE></DTAR1000-REC><DTAR1000-REC><DTAR1000-STORE-NO>152</DTAR1000-STORE-NO><DTAR1000-REGION-NO>20</DTAR1000-REGION-NO><DTAR1000-STORE-NAME>V Mornington</DTAR1000-STORE-NAME><DTAR1000-NEW-STORE>N</DTAR1000-NEW-STORE><DTAR1000-ACTIVE-STORE>Y</DTAR1000-ACTIVE-STORE><DTAR1000-CLOSED-STORE>N</DTAR1000-CLOSED-STORE><DTAR1000-DC-TYPE>N</DTAR1000-DC-TYPE><DTAR1000-SRC-TYPE>N</DTAR1000-SRC-TYPE><DTAR1000-HO-TYPE>N</DTAR1000-HO-TYPE></DTAR1000-REC><DTAR1000-REC><DTAR1000-STORE-NO>153</DTAR1000-STORE-NO><DTAR1000-REGION-NO>20</DTAR1000-REGION-NO><DTAR1000-STORE-NAME>V Pakenham</DTAR1000-STORE-NAME><DTAR1000-NEW-STORE>N</DTAR1000-NEW-STORE><DTAR1000-ACTIVE-STORE>Y</DTAR1000-ACTIVE-STORE><DTAR1000-CLOSED-STORE>N</DTAR1000-CLOSED-STORE><DTAR1000-DC-TYPE>N</DTAR1000-DC-TYPE><DTAR1000-SRC-TYPE>N</DTAR1000-SRC-TYPE><DTAR1000-HO-TYPE>N</DTAR1000-HO-TYPE></DTAR1000-REC><DTAR1000-REC><DTAR1000-STORE-NO>154</DTAR1000-STORE-NO><DTAR1000-REGION-NO>10</DTAR1000-REGION-NO><DTAR1000-STORE-NAME>N Shellharbour</DTAR1000-STORE-NAME><DTAR1000-NEW-STORE>N</DTAR1000-NEW-STORE><DTAR1000-ACTIVE-STORE>Y</DTAR1000-ACTIVE-STORE><DTAR1000-CLOSED-STORE>N</DTAR1000-CLOSED-STORE><DTAR1000-DC-TYPE>N</DTAR1000-DC-TYPE><DTAR1000-SRC-TYPE>N</DTAR1000-SRC-TYPE><DTAR1000-HO-TYPE>N</DTAR1000-HO-TYPE></DTAR1000-REC><DTAR1000-REC><DTAR1000-STORE-NO>155</DTAR1000-STORE-NO><DTAR1000-REGION-NO>40</DTAR1000-REGION-NO><DTAR1000-STORE-NAME>Q Redbank</DTAR1000-STORE-NAME><DTAR1000-NEW-STORE>N</DTAR1000-NEW-STORE><DTAR1000-ACTIVE-STORE>Y</DTAR1000-ACTIVE-STORE><DTAR1000-CLOSED-STORE>N</DTAR1000-CLOSED-STORE><DTAR1000-DC-TYPE>N</DTAR1000-DC-TYPE><DTAR1000-SRC-TYPE>N</DTAR1000-SRC-TYPE><DTAR1000-HO-TYPE>N</DTAR1000-HO-TYPE></DTAR1000-REC><DTAR1000-REC><DTAR1000-STORE-NO>156</DTAR1000-STORE-NO><DTAR1000-REGION-NO>40</DTAR1000-REGION-NO><DTAR1000-STORE-NAME>Q Morayfield</DTAR1000-STORE-NAME><DTAR1000-NEW-STORE>N</DTAR1000-NEW-STORE><DTAR1000-ACTIVE-STORE>Y</DTAR1000-ACTIVE-STORE><DTAR1000-CLOSED-STORE>N</DTAR1000-CLOSED-STORE><DTAR1000-DC-TYPE>N</DTAR1000-DC-TYPE><DTAR1000-SRC-TYPE>N</DTAR1000-SRC-TYPE><DTAR1000-HO-TYPE>N</DTAR1000-HO-TYPE></DTAR1000-REC><DTAR1000-REC><DTAR1000-STORE-NO>157</DTAR1000-STORE-NO><DTAR1000-REGION-NO>20</DTAR1000-REGION-NO><DTAR1000-STORE-NAME>V Chirnside Park</DTAR1000-STORE-NAME><DTAR1000-NEW-STORE>N</DTAR1000-NEW-STORE><DTAR1000-ACTIVE-STORE>Y</DTAR1000-ACTIVE-STORE><DTAR1000-CLOSED-STORE>N</DTAR1000-CLOSED-STORE><DTAR1000-DC-TYPE>N</DTAR1000-DC-TYPE><DTAR1000-SRC-TYPE>N</DTAR1000-SRC-TYPE><DTAR1000-HO-TYPE>N</DTAR1000-HO-TYPE></DTAR1000-REC><DTAR1000-REC><DTAR1000-STORE-NO>158</DTAR1000-STORE-NO><DTAR1000-REGION-NO>20</DTAR1000-REGION-NO><DTAR1000-STORE-NAME>V Brimbank Central</DTAR1000-STORE-NAME><DTAR1000-NEW-STORE>N</DTAR1000-NEW-STORE><DTAR1000-ACTIVE-STORE>Y</DTAR1000-ACTIVE-STORE><DTAR1000-CLOSED-STORE>N</DTAR1000-CLOSED-STORE><DTAR1000-DC-TYPE>N</DTAR1000-DC-TYPE><DTAR1000-SRC-TYPE>N</DTAR1000-SRC-TYPE><DTAR1000-HO-TYPE>N</DTAR1000-HO-TYPE></DTAR1000-REC><DTAR1000-REC><DTAR1000-STORE-NO>159</DTAR1000-STORE-NO><DTAR1000-REGION-NO>50</DTAR1000-REGION-NO><DTAR1000-STORE-NAME>S Whyalla</DTAR1000-STORE-NAME><DTAR1000-NEW-STORE>N</DTAR1000-NEW-STORE><DTAR1000-ACTIVE-STORE>Y</DTAR1000-ACTIVE-STORE><DTAR1000-CLOSED-STORE>N</DTAR1000-CLOSED-STORE><DTAR1000-DC-TYPE>N</DTAR1000-DC-TYPE><DTAR1000-SRC-TYPE>N</DTAR1000-SRC-TYPE><DTAR1000-HO-TYPE>N</DTAR1000-HO-TYPE></DTAR1000-REC><DTAR1000-REC><DTAR1000-STORE-NO>160</DTAR1000-STORE-NO><DTAR1000-REGION-NO>20</DTAR1000-REGION-NO><DTAR1000-STORE-NAME>V Watergardens</DTAR1000-STORE-NAME><DTAR1000-NEW-STORE>N</DTAR1000-NEW-STORE><DTAR1000-ACTIVE-STORE>Y</DTAR1000-ACTIVE-STORE><DTAR1000-CLOSED-STORE>N</DTAR1000-CLOSED-STORE><DTAR1000-DC-TYPE>N</DTAR1000-DC-TYPE><DTAR1000-SRC-TYPE>N</DTAR1000-SRC-TYPE><DTAR1000-HO-TYPE>N</DTAR1000-HO-TYPE></DTAR1000-REC><DTAR1000-REC><DTAR1000-STORE-NO>161</DTAR1000-STORE-NO><DTAR1000-REGION-NO>20</DTAR1000-REGION-NO><DTAR1000-STORE-NAME>V Hobart</DTAR1000-STORE-NAME><DTAR1000-NEW-STORE>N</DTAR1000-NEW-STORE><DTAR1000-ACTIVE-STORE>Y</DTAR1000-ACTIVE-STORE><DTAR1000-CLOSED-STORE>N</DTAR1000-CLOSED-STORE><DTAR1000-DC-TYPE>N</DTAR1000-DC-TYPE><DTAR1000-SRC-TYPE>N</DTAR1000-SRC-TYPE><DTAR1000-HO-TYPE>N</DTAR1000-HO-TYPE></DTAR1000-REC><DTAR1000-REC><DTAR1000-STORE-NO>162</DTAR1000-STORE-NO><DTAR1000-REGION-NO>10</DTAR1000-REGION-NO><DTAR1000-STORE-NAME>N Tuggeranong</DTAR1000-STORE-NAME><DTAR1000-NEW-STORE>N</DTAR1000-NEW-STORE><DTAR1000-ACTIVE-STORE>Y</DTAR1000-ACTIVE-STORE><DTAR1000-CLOSED-STORE>N</DTAR1000-CLOSED-STORE><DTAR1000-DC-TYPE>N</DTAR1000-DC-TYPE><DTAR1000-SRC-TYPE>N</DTAR1000-SRC-TYPE><DTAR1000-HO-TYPE>N</DTAR1000-HO-TYPE></DTAR1000-REC><DTAR1000-REC><DTAR1000-STORE-NO>163</DTAR1000-STORE-NO><DTAR1000-REGION-NO>10</DTAR1000-REGION-NO><DTAR1000-STORE-NAME>N Queanbeyan</DTAR1000-STORE-NAME><DTAR1000-NEW-STORE>N</DTAR1000-NEW-STORE><DTAR1000-ACTIVE-STORE>Y</DTAR1000-ACTIVE-STORE><DTAR1000-CLOSED-STORE>N</DTAR1000-CLOSED-STORE><DTAR1000-DC-TYPE>N</DTAR1000-DC-TYPE><DTAR1000-SRC-TYPE>N</DTAR1000-SRC-TYPE><DTAR1000-HO-TYPE>N</DTAR1000-HO-TYPE></DTAR1000-REC><DTAR1000-REC><DTAR1000-STORE-NO>164</DTAR1000-STORE-NO><DTAR1000-REGION-NO>10</DTAR1000-REGION-NO><DTAR1000-STORE-NAME>N Tuggerah</DTAR1000-STORE-NAME><DTAR1000-NEW-STORE>N</DTAR1000-NEW-STORE><DTAR1000-ACTIVE-STORE>Y</DTAR1000-ACTIVE-STORE><DTAR1000-CLOSED-STORE>N</DTAR1000-CLOSED-STORE><DTAR1000-DC-TYPE>N</DTAR1000-DC-TYPE><DTAR1000-SRC-TYPE>N</DTAR1000-SRC-TYPE><DTAR1000-HO-TYPE>N</DTAR1000-HO-TYPE></DTAR1000-REC><DTAR1000-REC><DTAR1000-STORE-NO>165</DTAR1000-STORE-NO><DTAR1000-REGION-NO>10</DTAR1000-REGION-NO><DTAR1000-STORE-NAME>N Hurstville</DTAR1000-STORE-NAME><DTAR1000-NEW-STORE>N</DTAR1000-NEW-STORE><DTAR1000-ACTIVE-STORE>Y</DTAR1000-ACTIVE-STORE><DTAR1000-CLOSED-STORE>N</DTAR1000-CLOSED-STORE><DTAR1000-DC-TYPE>N</DTAR1000-DC-TYPE><DTAR1000-SRC-TYPE>N</DTAR1000-SRC-TYPE><DTAR1000-HO-TYPE>N</DTAR1000-HO-TYPE></DTAR1000-REC><DTAR1000-REC><DTAR1000-STORE-NO>166</DTAR1000-STORE-NO><DTAR1000-REGION-NO>40</DTAR1000-REGION-NO><DTAR1000-STORE-NAME>Q Chermside</DTAR1000-STORE-NAME><DTAR1000-NEW-STORE>N</DTAR1000-NEW-STORE><DTAR1000-ACTIVE-STORE>Y</DTAR1000-ACTIVE-STORE><DTAR1000-CLOSED-STORE>N</DTAR1000-CLOSED-STORE><DTAR1000-DC-TYPE>N</DTAR1000-DC-TYPE><DTAR1000-SRC-TYPE>N</DTAR1000-SRC-TYPE><DTAR1000-HO-TYPE>N</DTAR1000-HO-TYPE></DTAR1000-REC><DTAR1000-REC><DTAR1000-STORE-NO>167</DTAR1000-STORE-NO><DTAR1000-REGION-NO>40</DTAR1000-REGION-NO><DTAR1000-STORE-NAME>Q Northlakes</DTAR1000-STORE-NAME><DTAR1000-NEW-STORE>N</DTAR1000-NEW-STORE><DTAR1000-ACTIVE-STORE>Y</DTAR1000-ACTIVE-STORE><DTAR1000-CLOSED-STORE>N</DTAR1000-CLOSED-STORE><DTAR1000-DC-TYPE>N</DTAR1000-DC-TYPE><DTAR1000-SRC-TYPE>N</DTAR1000-SRC-TYPE><DTAR1000-HO-TYPE>N</DTAR1000-HO-TYPE></DTAR1000-REC><DTAR1000-REC><DTAR1000-STORE-NO>168</DTAR1000-STORE-NO><DTAR1000-REGION-NO>20</DTAR1000-REGION-NO><DTAR1000-STORE-NAME>V Airport West</DTAR1000-STORE-NAME><DTAR1000-NEW-STORE>N</DTAR1000-NEW-STORE><DTAR1000-ACTIVE-STORE>Y</DTAR1000-ACTIVE-STORE><DTAR1000-CLOSED-STORE>N</DTAR1000-CLOSED-STORE><DTAR1000-DC-TYPE>N</DTAR1000-DC-TYPE><DTAR1000-SRC-TYPE>N</DTAR1000-SRC-TYPE><DTAR1000-HO-TYPE>N</DTAR1000-HO-TYPE></DTAR1000-REC><DTAR1000-REC><DTAR1000-STORE-NO>169</DTAR1000-STORE-NO><DTAR1000-REGION-NO>10</DTAR1000-REGION-NO><DTAR1000-STORE-NAME>N Hornsby</DTAR1000-STORE-NAME><DTAR1000-NEW-STORE>N</DTAR1000-NEW-STORE><DTAR1000-ACTIVE-STORE>Y</DTAR1000-ACTIVE-STORE><DTAR1000-CLOSED-STORE>N</DTAR1000-CLOSED-STORE><DTAR1000-DC-TYPE>N</DTAR1000-DC-TYPE><DTAR1000-SRC-TYPE>N</DTAR1000-SRC-TYPE><DTAR1000-HO-TYPE>N</DTAR1000-HO-TYPE></DTAR1000-REC><DTAR1000-REC><DTAR1000-STORE-NO>170</DTAR1000-STORE-NO><DTAR1000-REGION-NO>10</DTAR1000-REGION-NO><DTAR1000-STORE-NAME>N Bondi</DTAR1000-STORE-NAME><DTAR1000-NEW-STORE>N</DTAR1000-NEW-STORE><DTAR1000-ACTIVE-STORE>Y</DTAR1000-ACTIVE-STORE><DTAR1000-CLOSED-STORE>N</DTAR1000-CLOSED-STORE><DTAR1000-DC-TYPE>N</DTAR1000-DC-TYPE><DTAR1000-SRC-TYPE>N</DTAR1000-SRC-TYPE><DTAR1000-HO-TYPE>N</DTAR1000-HO-TYPE></DTAR1000-REC><DTAR1000-REC><DTAR1000-STORE-NO>171</DTAR1000-STORE-NO><DTAR1000-REGION-NO>10</DTAR1000-REGION-NO><DTAR1000-STORE-NAME>N Burwood</DTAR1000-STORE-NAME><DTAR1000-NEW-STORE>N</DTAR1000-NEW-STORE><DTAR1000-ACTIVE-STORE>Y</DTAR1000-ACTIVE-STORE><DTAR1000-CLOSED-STORE>N</DTAR1000-CLOSED-STORE><DTAR1000-DC-TYPE>N</DTAR1000-DC-TYPE><DTAR1000-SRC-TYPE>N</DTAR1000-SRC-TYPE><DTAR1000-HO-TYPE>N</DTAR1000-HO-TYPE></DTAR1000-REC><DTAR1000-REC><DTAR1000-STORE-NO>173</DTAR1000-STORE-NO><DTAR1000-REGION-NO>60</DTAR1000-REGION-NO><DTAR1000-STORE-NAME>W Bunbury</DTAR1000-STORE-NAME><DTAR1000-NEW-STORE>N</DTAR1000-NEW-STORE><DTAR1000-ACTIVE-STORE>Y</DTAR1000-ACTIVE-STORE><DTAR1000-CLOSED-STORE>N</DTAR1000-CLOSED-STORE><DTAR1000-DC-TYPE>N</DTAR1000-DC-TYPE><DTAR1000-SRC-TYPE>N</DTAR1000-SRC-TYPE><DTAR1000-HO-TYPE>N</DTAR1000-HO-TYPE></DTAR1000-REC><DTAR1000-REC><DTAR1000-STORE-NO>174</DTAR1000-STORE-NO><DTAR1000-REGION-NO>40</DTAR1000-REGION-NO><DTAR1000-STORE-NAME>Q Carindale</DTAR1000-STORE-NAME><DTAR1000-NEW-STORE>N</DTAR1000-NEW-STORE><DTAR1000-ACTIVE-STORE>Y</DTAR1000-ACTIVE-STORE><DTAR1000-CLOSED-STORE>N</DTAR1000-CLOSED-STORE><DTAR1000-DC-TYPE>N</DTAR1000-DC-TYPE><DTAR1000-SRC-TYPE>N</DTAR1000-SRC-TYPE><DTAR1000-HO-TYPE>N</DTAR1000-HO-TYPE></DTAR1000-REC><DTAR1000-REC><DTAR1000-STORE-NO>175</DTAR1000-STORE-NO><DTAR1000-REGION-NO>10</DTAR1000-REGION-NO><DTAR1000-STORE-NAME>N Tamworth</DTAR1000-STORE-NAME><DTAR1000-NEW-STORE>N</DTAR1000-NEW-STORE><DTAR1000-ACTIVE-STORE>Y</DTAR1000-ACTIVE-STORE><DTAR1000-CLOSED-STORE>N</DTAR1000-CLOSED-STORE><DTAR1000-DC-TYPE>N</DTAR1000-DC-TYPE><DTAR1000-SRC-TYPE>N</DTAR1000-SRC-TYPE><DTAR1000-HO-TYPE>N</DTAR1000-HO-TYPE></DTAR1000-REC><DTAR1000-REC><DTAR1000-STORE-NO>177</DTAR1000-STORE-NO><DTAR1000-REGION-NO>10</DTAR1000-REGION-NO><DTAR1000-STORE-NAME>N Castle Hill</DTAR1000-STORE-NAME><DTAR1000-NEW-STORE>N</DTAR1000-NEW-STORE><DTAR1000-ACTIVE-STORE>Y</DTAR1000-ACTIVE-STORE><DTAR1000-CLOSED-STORE>N</DTAR1000-CLOSED-STORE><DTAR1000-DC-TYPE>N</DTAR1000-DC-TYPE><DTAR1000-SRC-TYPE>N</DTAR1000-SRC-TYPE><DTAR1000-HO-TYPE>N</DTAR1000-HO-TYPE></DTAR1000-REC><DTAR1000-REC><DTAR1000-STORE-NO>178</DTAR1000-STORE-NO><DTAR1000-REGION-NO>10</DTAR1000-REGION-NO><DTAR1000-STORE-NAME>N Blacktown</DTAR1000-STORE-NAME><DTAR1000-NEW-STORE>N</DTAR1000-NEW-STORE><DTAR1000-ACTIVE-STORE>Y</DTAR1000-ACTIVE-STORE><DTAR1000-CLOSED-STORE>N</DTAR1000-CLOSED-STORE><DTAR1000-DC-TYPE>N</DTAR1000-DC-TYPE><DTAR1000-SRC-TYPE>N</DTAR1000-SRC-TYPE><DTAR1000-HO-TYPE>N</DTAR1000-HO-TYPE></DTAR1000-REC><DTAR1000-REC><DTAR1000-STORE-NO>179</DTAR1000-STORE-NO><DTAR1000-REGION-NO>20</DTAR1000-REGION-NO><DTAR1000-STORE-NAME>V Greensborough</DTAR1000-STORE-NAME><DTAR1000-NEW-STORE>N</DTAR1000-NEW-STORE><DTAR1000-ACTIVE-STORE>Y</DTAR1000-ACTIVE-STORE><DTAR1000-CLOSED-STORE>N</DTAR1000-CLOSED-STORE><DTAR1000-DC-TYPE>N</DTAR1000-DC-TYPE><DTAR1000-SRC-TYPE>N</DTAR1000-SRC-TYPE><DTAR1000-HO-TYPE>N</DTAR1000-HO-TYPE></DTAR1000-REC><DTAR1000-REC><DTAR1000-STORE-NO>180</DTAR1000-STORE-NO><DTAR1000-REGION-NO>60</DTAR1000-REGION-NO><DTAR1000-STORE-NAME>W Joondalup</DTAR1000-STORE-NAME><DTAR1000-NEW-STORE>N</DTAR1000-NEW-STORE><DTAR1000-ACTIVE-STORE>Y</DTAR1000-ACTIVE-STORE><DTAR1000-CLOSED-STORE>N</DTAR1000-CLOSED-STORE><DTAR1000-DC-TYPE>N</DTAR1000-DC-TYPE><DTAR1000-SRC-TYPE>N</DTAR1000-SRC-TYPE><DTAR1000-HO-TYPE>N</DTAR1000-HO-TYPE></DTAR1000-REC><DTAR1000-REC><DTAR1000-STORE-NO>183</DTAR1000-STORE-NO><DTAR1000-REGION-NO>20</DTAR1000-REGION-NO><DTAR1000-STORE-NAME>V Swan Hill</DTAR1000-STORE-NAME><DTAR1000-NEW-STORE>N</DTAR1000-NEW-STORE><DTAR1000-ACTIVE-STORE>Y</DTAR1000-ACTIVE-STORE><DTAR1000-CLOSED-STORE>N</DTAR1000-CLOSED-STORE><DTAR1000-DC-TYPE>N</DTAR1000-DC-TYPE><DTAR1000-SRC-TYPE>N</DTAR1000-SRC-TYPE><DTAR1000-HO-TYPE>N</DTAR1000-HO-TYPE></DTAR1000-REC><DTAR1000-REC><DTAR1000-STORE-NO>184</DTAR1000-STORE-NO><DTAR1000-REGION-NO>40</DTAR1000-REGION-NO><DTAR1000-STORE-NAME>Q Brisbane CBD</DTAR1000-STORE-NAME><DTAR1000-NEW-STORE>N</DTAR1000-NEW-STORE><DTAR1000-ACTIVE-STORE>Y</DTAR1000-ACTIVE-STORE><DTAR1000-CLOSED-STORE>N</DTAR1000-CLOSED-STORE><DTAR1000-DC-TYPE>N</DTAR1000-DC-TYPE><DTAR1000-SRC-TYPE>N</DTAR1000-SRC-TYPE><DTAR1000-HO-TYPE>N</DTAR1000-HO-TYPE></DTAR1000-REC><DTAR1000-REC><DTAR1000-STORE-NO>186</DTAR1000-STORE-NO><DTAR1000-REGION-NO>20</DTAR1000-REGION-NO><DTAR1000-STORE-NAME>B Narre Warren (Closed)</DTAR1000-STORE-NAME><DTAR1000-NEW-STORE>N</DTAR1000-NEW-STORE><DTAR1000-ACTIVE-STORE>Y</DTAR1000-ACTIVE-STORE><DTAR1000-CLOSED-STORE>N</DTAR1000-CLOSED-STORE><DTAR1000-DC-TYPE>N</DTAR1000-DC-TYPE><DTAR1000-SRC-TYPE>N</DTAR1000-SRC-TYPE><DTAR1000-HO-TYPE>N</DTAR1000-HO-TYPE></DTAR1000-REC><DTAR1000-REC><DTAR1000-STORE-NO>188</DTAR1000-STORE-NO><DTAR1000-REGION-NO>10</DTAR1000-REGION-NO><DTAR1000-STORE-NAME>N Macarthur Square</DTAR1000-STORE-NAME><DTAR1000-NEW-STORE>N</DTAR1000-NEW-STORE><DTAR1000-ACTIVE-STORE>Y</DTAR1000-ACTIVE-STORE><DTAR1000-CLOSED-STORE>N</DTAR1000-CLOSED-STORE><DTAR1000-DC-TYPE>N</DTAR1000-DC-TYPE><DTAR1000-SRC-TYPE>N</DTAR1000-SRC-TYPE><DTAR1000-HO-TYPE>N</DTAR1000-HO-TYPE></DTAR1000-REC><DTAR1000-REC><DTAR1000-STORE-NO>189</DTAR1000-STORE-NO><DTAR1000-REGION-NO>20</DTAR1000-REGION-NO><DTAR1000-STORE-NAME>B Northland Baby Target</DTAR1000-STORE-NAME><DTAR1000-NEW-STORE>N</DTAR1000-NEW-STORE><DTAR1000-ACTIVE-STORE>Y</DTAR1000-ACTIVE-STORE><DTAR1000-CLOSED-STORE>N</DTAR1000-CLOSED-STORE><DTAR1000-DC-TYPE>N</DTAR1000-DC-TYPE><DTAR1000-SRC-TYPE>N</DTAR1000-SRC-TYPE><DTAR1000-HO-TYPE>N</DTAR1000-HO-TYPE></DTAR1000-REC><DTAR1000-REC><DTAR1000-STORE-NO>191</DTAR1000-STORE-NO><DTAR1000-REGION-NO>50</DTAR1000-REGION-NO><DTAR1000-STORE-NAME>B Golden Grove</DTAR1000-STORE-NAME><DTAR1000-NEW-STORE>N</DTAR1000-NEW-STORE><DTAR1000-ACTIVE-STORE>Y</DTAR1000-ACTIVE-STORE><DTAR1000-CLOSED-STORE>N</DTAR1000-CLOSED-STORE><DTAR1000-DC-TYPE>N</DTAR1000-DC-TYPE><DTAR1000-SRC-TYPE>N</DTAR1000-SRC-TYPE><DTAR1000-HO-TYPE>N</DTAR1000-HO-TYPE></DTAR1000-REC><DTAR1000-REC><DTAR1000-STORE-NO>192</DTAR1000-STORE-NO><DTAR1000-REGION-NO>10</DTAR1000-REGION-NO><DTAR1000-STORE-NAME>N Wetherill Park</DTAR1000-STORE-NAME><DTAR1000-NEW-STORE>N</DTAR1000-NEW-STORE><DTAR1000-ACTIVE-STORE>Y</DTAR1000-ACTIVE-STORE><DTAR1000-CLOSED-STORE>N</DTAR1000-CLOSED-STORE><DTAR1000-DC-TYPE>N</DTAR1000-DC-TYPE><DTAR1000-SRC-TYPE>N</DTAR1000-SRC-TYPE><DTAR1000-HO-TYPE>N</DTAR1000-HO-TYPE></DTAR1000-REC><DTAR1000-REC><DTAR1000-STORE-NO>193</DTAR1000-STORE-NO><DTAR1000-REGION-NO>60</DTAR1000-REGION-NO><DTAR1000-STORE-NAME>W Kalgoorlie</DTAR1000-STORE-NAME><DTAR1000-NEW-STORE>N</DTAR1000-NEW-STORE><DTAR1000-ACTIVE-STORE>Y</DTAR1000-ACTIVE-STORE><DTAR1000-CLOSED-STORE>N</DTAR1000-CLOSED-STORE><DTAR1000-DC-TYPE>N</DTAR1000-DC-TYPE><DTAR1000-SRC-TYPE>N</DTAR1000-SRC-TYPE><DTAR1000-HO-TYPE>N</DTAR1000-HO-TYPE></DTAR1000-REC><DTAR1000-REC><DTAR1000-STORE-NO>194</DTAR1000-STORE-NO><DTAR1000-REGION-NO>50</DTAR1000-REGION-NO><DTAR1000-STORE-NAME>S Mildura</DTAR1000-STORE-NAME><DTAR1000-NEW-STORE>N</DTAR1000-NEW-STORE><DTAR1000-ACTIVE-STORE>Y</DTAR1000-ACTIVE-STORE><DTAR1000-CLOSED-STORE>N</DTAR1000-CLOSED-STORE><DTAR1000-DC-TYPE>N</DTAR1000-DC-TYPE><DTAR1000-SRC-TYPE>N</DTAR1000-SRC-TYPE><DTAR1000-HO-TYPE>N</DTAR1000-HO-TYPE></DTAR1000-REC><DTAR1000-REC><DTAR1000-STORE-NO>195</DTAR1000-STORE-NO><DTAR1000-REGION-NO>40</DTAR1000-REGION-NO><DTAR1000-STORE-NAME>Q Bribie Island</DTAR1000-STORE-NAME><DTAR1000-NEW-STORE>N</DTAR1000-NEW-STORE><DTAR1000-ACTIVE-STORE>Y</DTAR1000-ACTIVE-STORE><DTAR1000-CLOSED-STORE>N</DTAR1000-CLOSED-STORE><DTAR1000-DC-TYPE>N</DTAR1000-DC-TYPE><DTAR1000-SRC-TYPE>N</DTAR1000-SRC-TYPE><DTAR1000-HO-TYPE>N</DTAR1000-HO-TYPE></DTAR1000-REC><DTAR1000-REC><DTAR1000-STORE-NO>196</DTAR1000-STORE-NO><DTAR1000-REGION-NO>60</DTAR1000-REGION-NO><DTAR1000-STORE-NAME>W Meadow Springs</DTAR1000-STORE-NAME><DTAR1000-NEW-STORE>N</DTAR1000-NEW-STORE><DTAR1000-ACTIVE-STORE>Y</DTAR1000-ACTIVE-STORE><DTAR1000-CLOSED-STORE>N</DTAR1000-CLOSED-STORE><DTAR1000-DC-TYPE>N</DTAR1000-DC-TYPE><DTAR1000-SRC-TYPE>N</DTAR1000-SRC-TYPE><DTAR1000-HO-TYPE>N</DTAR1000-HO-TYPE></DTAR1000-REC><DTAR1000-REC><DTAR1000-STORE-NO>197</DTAR1000-STORE-NO><DTAR1000-REGION-NO>50</DTAR1000-REGION-NO><DTAR1000-STORE-NAME>S Unley</DTAR1000-STORE-NAME><DTAR1000-NEW-STORE>N</DTAR1000-NEW-STORE><DTAR1000-ACTIVE-STORE>Y</DTAR1000-ACTIVE-STORE><DTAR1000-CLOSED-STORE>N</DTAR1000-CLOSED-STORE><DTAR1000-DC-TYPE>N</DTAR1000-DC-TYPE><DTAR1000-SRC-TYPE>N</DTAR1000-SRC-TYPE><DTAR1000-HO-TYPE>N</DTAR1000-HO-TYPE></DTAR1000-REC></copybook>