<?xml version="1.0" encoding="UTF-8"?><copybook><Line><STORE-NO>37</STORE-NO><STORE-NO-REDEF></STORE-NO-REDEF><TRANS-DATE>50324</TRANS-DATE><CUST-NO>4</CUST-NO><AMOUNT>11.95</AMOUNT><OPERATOR-NO>4001</OPERATOR-NO><TERMINAL-NO>71</TERMINAL-NO><TIME>1449</TIME><TRANS-NO>6288</TRANS-NO><TRANS-TYPE>1</TRANS-TYPE><TRANS-CODE>10</TRANS-CODE><STD-POINTS>0</STD-POINTS><BONUS-POINTS>0</BONUS-POINTS><NO-OF-TXNS>1</NO-OF-TXNS></Line><Line><STORE-NO>37</STORE-NO><STORE-NO-REDEF></STORE-NO-REDEF><TRANS-DATE>50324</TRANS-DATE><CUST-NO>3</CUST-NO><AMOUNT>9.50</AMOUNT><OPERATOR-NO>4001</OPERATOR-NO><TERMINAL-NO>71</TERMINAL-NO><TIME>1450</TIME><TRANS-NO>6289</TRANS-NO><TRANS-TYPE>1</TRANS-TYPE><TRANS-CODE>10</TRANS-CODE><STD-POINTS>0</STD-POINTS><BONUS-POINTS>0</BONUS-POINTS><NO-OF-TXNS>1</NO-OF-TXNS></Line><Line><STORE-NO>37</STORE-NO><STORE-NO-REDEF></STORE-NO-REDEF><TRANS-DATE>50324</TRANS-DATE><CUST-NO>1</CUST-NO><AMOUNT>18.99</AMOUNT><OPERATOR-NO>4001</OPERATOR-NO><TERMINAL-NO>71</TERMINAL-NO><TIME>1450</TIME><TRANS-NO>6294</TRANS-NO><TRANS-TYPE>3</TRANS-TYPE><TRANS-CODE>10</TRANS-CODE><STD-POINTS>0</STD-POINTS><BONUS-POINTS>0</BONUS-POINTS><NO-OF-TXNS>1</NO-OF-TXNS></Line><Line><STORE-NO>37</STORE-NO><STORE-NO-REDEF></STORE-NO-REDEF><TRANS-DATE>50324</TRANS-DATE><CUST-NO>5</CUST-NO><AMOUNT>34.00</AMOUNT><OPERATOR-NO>4001</OPERATOR-NO><TERMINAL-NO>71</TERMINAL-NO><TIME>1451</TIME><TRANS-NO>6295</TRANS-NO><TRANS-TYPE>3</TRANS-TYPE><TRANS-CODE>10</TRANS-CODE><STD-POINTS>0</STD-POINTS><BONUS-POINTS>0</BONUS-POINTS><NO-OF-TXNS>1</NO-OF-TXNS></Line><Line><STORE-NO>37</STORE-NO><STORE-NO-REDEF></STORE-NO-REDEF><TRANS-DATE>50324</TRANS-DATE><CUST-NO>5</CUST-NO><AMOUNT>24.46</AMOUNT><OPERATOR-NO>4001</OPERATOR-NO><TERMINAL-NO>71</TERMINAL-NO><TIME>1452</TIME><TRANS-NO>6296</TRANS-NO><TRANS-TYPE>3</TRANS-TYPE><TRANS-CODE>10</TRANS-CODE><STD-POINTS>0</STD-POINTS><BONUS-POINTS>0</BONUS-POINTS><NO-OF-TXNS>1</NO-OF-TXNS></Line><Line><STORE-NO>37</STORE-NO><STORE-NO-REDEF></STORE-NO-REDEF><TRANS-DATE>50324</TRANS-DATE><CUST-NO>4</CUST-NO><AMOUNT>-1000.00</AMOUNT><OPERATOR-NO>4001</OPERATOR-NO><TERMINAL-NO>71</TERMINAL-NO><TIME>1448</TIME><TRANS-NO>6286</TRANS-NO><TRANS-TYPE>2</TRANS-TYPE><TRANS-CODE>20</TRANS-CODE><STD-POINTS>0</STD-POINTS><BONUS-POINTS>0</BONUS-POINTS><NO-OF-TXNS>1</NO-OF-TXNS></Line></copybook>