<?xml version="1.0" encoding="UTF-8"?><copybook><REC><STORE-NO>1</STORE-NO><REGION-NO>20</REGION-NO><STORE-NAME>V Geelong</STORE-NAME><NEW-STORE>N</NEW-STORE><ACTIVE-STORE>Y</ACTIVE-STORE><CLOSED-STORE>N</CLOSED-STORE><DC-TYPE>N</DC-TYPE><SRC-TYPE>N</SRC-TYPE><HO-TYPE>N</HO-TYPE></REC><REC><STORE-NO>2</STORE-NO><REGION-NO>40</REGION-NO><STORE-NAME>Q Coffs Harbour</STORE-NAME><NEW-STORE>N</NEW-STORE><ACTIVE-STORE>Y</ACTIVE-STORE><CLOSED-STORE>N</CLOSED-STORE><DC-TYPE>N</DC-TYPE><SRC-TYPE>N</SRC-TYPE><HO-TYPE>N</HO-TYPE></REC><REC><STORE-NO>3</STORE-NO><REGION-NO>40</REGION-NO><STORE-NAME>Q Mackay</STORE-NAME><NEW-STORE>N</NEW-STORE><ACTIVE-STORE>Y</ACTIVE-STORE><CLOSED-STORE>N</CLOSED-STORE><DC-TYPE>N</DC-TYPE><SRC-TYPE>N</SRC-TYPE><HO-TYPE>N</HO-TYPE></REC><REC><STORE-NO>4</STORE-NO><REGION-NO>20</REGION-NO><STORE-NAME>V Ballarat</STORE-NAME><NEW-STORE>N</NEW-STORE><ACTIVE-STORE>Y</ACTIVE-STORE><CLOSED-STORE>N</CLOSED-STORE><DC-TYPE>N</DC-TYPE><SRC-TYPE>N</SRC-TYPE><HO-TYPE>N</HO-TYPE></REC><REC><STORE-NO>5</STORE-NO><REGION-NO>20</REGION-NO><STORE-NAME>V Albury</STORE-NAME><NEW-STORE>N</NEW-STORE><ACTIVE-STORE>Y</ACTIVE-STORE><CLOSED-STORE>N</CLOSED-STORE><DC-TYPE>N</DC-TYPE><SRC-TYPE>N</SRC-TYPE><HO-TYPE>N</HO-TYPE></REC><REC><STORE-NO>6</STORE-NO><REGION-NO>20</REGION-NO><STORE-NAME>V Wodonga</STORE-NAME><NEW-STORE>N</NEW-STORE><ACTIVE-STORE>Y</ACTIVE-STORE><CLOSED-STORE>N</CLOSED-STORE><DC-TYPE>N</DC-TYPE><SRC-TYPE>N</SRC-TYPE><HO-TYPE>N</HO-TYPE></REC><REC><STORE-NO>7</STORE-NO><REGION-NO>20</REGION-NO><STORE-NAME>V Shepparton</STORE-NAME><NEW-STORE>N</NEW-STORE><ACTIVE-STORE>Y</ACTIVE-STORE><CLOSED-STORE>N</CLOSED-STORE><DC-TYPE>N</DC-TYPE><SRC-TYPE>N</SRC-TYPE><HO-TYPE>N</HO-TYPE></REC><REC><STORE-NO>8</STORE-NO><REGION-NO>20</REGION-NO><STORE-NAME>V Bendigo</STORE-NAME><NEW-STORE>N</NEW-STORE><ACTIVE-STORE>Y</ACTIVE-STORE><CLOSED-STORE>N</CLOSED-STORE><DC-TYPE>N</DC-TYPE><SRC-TYPE>N</SRC-TYPE><HO-TYPE>N</HO-TYPE></REC><REC><STORE-NO>9</STORE-NO><REGION-NO>50</REGION-NO><STORE-NAME>S Centrepoint</STORE-NAME><NEW-STORE>N</NEW-STORE><ACTIVE-STORE>Y</ACTIVE-STORE><CLOSED-STORE>N</CLOSED-STORE><DC-TYPE>N</DC-TYPE><SRC-TYPE>N</SRC-TYPE><HO-TYPE>N</HO-TYPE></REC><REC><STORE-NO>10</STORE-NO><REGION-NO>40</REGION-NO><STORE-NAME>Q Earlville</STORE-NAME><NEW-STORE>N</NEW-STORE><ACTIVE-STORE>Y</ACTIVE-STORE><CLOSED-STORE>N</CLOSED-STORE><DC-TYPE>N</DC-TYPE><SRC-TYPE>N</SRC-TYPE><HO-TYPE>N</HO-TYPE></REC><REC><STORE-NO>11</STORE-NO><REGION-NO>10</REGION-NO><STORE-NAME>N Cessnock</STORE-NAME><NEW-STORE>N</NEW-STORE><ACTIVE-STORE>Y</ACTIVE-STORE><CLOSED-STORE>N</CLOSED-STORE><DC-TYPE>N</DC-TYPE><SRC-TYPE>N</SRC-TYPE><HO-TYPE>N</HO-TYPE></REC><REC><STORE-NO>12</STORE-NO><REGION-NO>20</REGION-NO><STORE-NAME>V Ringwood</STORE-NAME><NEW-STORE>N</NEW-STORE><ACTIVE-STORE>Y</ACTIVE-STORE><CLOSED-STORE>N</CLOSED-STORE><DC-TYPE>N</DC-TYPE><SRC-TYPE>N</SRC-TYPE><HO-TYPE>N</HO-TYPE></REC><REC><STORE-NO>15</STORE-NO><REGION-NO>10</REGION-NO><STORE-NAME>N Bankstown</STORE-NAME><NEW-STORE>N</NEW-STORE><ACTIVE-STORE>Y</ACTIVE-STORE><CLOSED-STORE>N</CLOSED-STORE><DC-TYPE>N</DC-TYPE><SRC-TYPE>N</SRC-TYPE><HO-TYPE>N</HO-TYPE></REC><REC><STORE-NO>16</STORE-NO><REGION-NO>10</REGION-NO><STORE-NAME>N Glendale</STORE-NAME><NEW-STORE>N</NEW-STORE><ACTIVE-STORE>Y</ACTIVE-STORE><CLOSED-STORE>N</CLOSED-STORE><DC-TYPE>N</DC-TYPE><SRC-TYPE>N</SRC-TYPE><HO-TYPE>N</HO-TYPE></REC><REC><STORE-NO>19</STORE-NO><REGION-NO>10</REGION-NO><STORE-NAME>N Penrith</STORE-NAME><NEW-STORE>N</NEW-STORE><ACTIVE-STORE>Y</ACTIVE-STORE><CLOSED-STORE>N</CLOSED-STORE><DC-TYPE>N</DC-TYPE><SRC-TYPE>N</SRC-TYPE><HO-TYPE>N</HO-TYPE></REC><REC><STORE-NO>20</STORE-NO><REGION-NO>40</REGION-NO><STORE-NAME>Q Indooroopilly</STORE-NAME><NEW-STORE>N</NEW-STORE><ACTIVE-STORE>Y</ACTIVE-STORE><CLOSED-STORE>N</CLOSED-STORE><DC-TYPE>N</DC-TYPE><SRC-TYPE>N</SRC-TYPE><HO-TYPE>N</HO-TYPE></REC><REC><STORE-NO>21</STORE-NO><REGION-NO>50</REGION-NO><STORE-NAME>S Tea Tree Plaza</STORE-NAME><NEW-STORE>N</NEW-STORE><ACTIVE-STORE>Y</ACTIVE-STORE><CLOSED-STORE>N</CLOSED-STORE><DC-TYPE>N</DC-TYPE><SRC-TYPE>N</SRC-TYPE><HO-TYPE>N</HO-TYPE></REC><REC><STORE-NO>23</STORE-NO><REGION-NO>20</REGION-NO><STORE-NAME>V Warnambool</STORE-NAME><NEW-STORE>N</NEW-STORE><ACTIVE-STORE>Y</ACTIVE-STORE><CLOSED-STORE>N</CLOSED-STORE><DC-TYPE>N</DC-TYPE><SRC-TYPE>N</SRC-TYPE><HO-TYPE>N</HO-TYPE></REC><REC><STORE-NO>24</STORE-NO><REGION-NO>50</REGION-NO><STORE-NAME>S Newton</STORE-NAME><NEW-STORE>N</NEW-STORE><ACTIVE-STORE>Y</ACTIVE-STORE><CLOSED-STORE>N</CLOSED-STORE><DC-TYPE>N</DC-TYPE><SRC-TYPE>N</SRC-TYPE><HO-TYPE>N</HO-TYPE></REC><REC><STORE-NO>25</STORE-NO><REGION-NO>50</REGION-NO><STORE-NAME>S Fulham Gardens</STORE-NAME><NEW-STORE>N</NEW-STORE><ACTIVE-STORE>Y</ACTIVE-STORE><CLOSED-STORE>N</CLOSED-STORE><DC-TYPE>N</DC-TYPE><SRC-TYPE>N</SRC-TYPE><HO-TYPE>N</HO-TYPE></REC><REC><STORE-NO>26</STORE-NO><REGION-NO>50</REGION-NO><STORE-NAME>S Edwardstown</STORE-NAME><NEW-STORE>N</NEW-STORE><ACTIVE-STORE>Y</ACTIVE-STORE><CLOSED-STORE>N</CLOSED-STORE><DC-TYPE>N</DC-TYPE><SRC-TYPE>N</SRC-TYPE><HO-TYPE>N</HO-TYPE></REC><REC><STORE-NO>27</STORE-NO><REGION-NO>40</REGION-NO><STORE-NAME>Q Runaway Bay</STORE-NAME><NEW-STORE>N</NEW-STORE><ACTIVE-STORE>Y</ACTIVE-STORE><CLOSED-STORE>N</CLOSED-STORE><DC-TYPE>N</DC-TYPE><SRC-TYPE>N</SRC-TYPE><HO-TYPE>N</HO-TYPE></REC><REC><STORE-NO>28</STORE-NO><REGION-NO>20</REGION-NO><STORE-NAME>V Launceston</STORE-NAME><NEW-STORE>N</NEW-STORE><ACTIVE-STORE>Y</ACTIVE-STORE><CLOSED-STORE>N</CLOSED-STORE><DC-TYPE>N</DC-TYPE><SRC-TYPE>N</SRC-TYPE><HO-TYPE>N</HO-TYPE></REC><REC><STORE-NO>30</STORE-NO><REGION-NO>20</REGION-NO><STORE-NAME>V Epping</STORE-NAME><NEW-STORE>N</NEW-STORE><ACTIVE-STORE>Y</ACTIVE-STORE><CLOSED-STORE>N</CLOSED-STORE><DC-TYPE>N</DC-TYPE><SRC-TYPE>N</SRC-TYPE><HO-TYPE>N</HO-TYPE></REC><REC><STORE-NO>32</STORE-NO><REGION-NO>20</REGION-NO><STORE-NAME>V Camberwell</STORE-NAME><NEW-STORE>N</NEW-STORE><ACTIVE-STORE>Y</ACTIVE-STORE><CLOSED-STORE>N</CLOSED-STORE><DC-TYPE>N</DC-TYPE><SRC-TYPE>N</SRC-TYPE><HO-TYPE>N</HO-TYPE></REC><REC><STORE-NO>33</STORE-NO><REGION-NO>10</REGION-NO><STORE-NAME>Y Blacktown (Closed)</STORE-NAME><NEW-STORE>N</NEW-STORE><ACTIVE-STORE>Y</ACTIVE-STORE><CLOSED-STORE>N</CLOSED-STORE><DC-TYPE>N</DC-TYPE><SRC-TYPE>N</SRC-TYPE><HO-TYPE>N</HO-TYPE></REC><REC><STORE-NO>35</STORE-NO><REGION-NO>10</REGION-NO><STORE-NAME>N Rockdale</STORE-NAME><NEW-STORE>N</NEW-STORE><ACTIVE-STORE>Y</ACTIVE-STORE><CLOSED-STORE>N</CLOSED-STORE><DC-TYPE>N</DC-TYPE><SRC-TYPE>N</SRC-TYPE><HO-TYPE>N</HO-TYPE></REC><REC><STORE-NO>36</STORE-NO><REGION-NO>60</REGION-NO><STORE-NAME>W Fremantle</STORE-NAME><NEW-STORE>N</NEW-STORE><ACTIVE-STORE>Y</ACTIVE-STORE><CLOSED-STORE>N</CLOSED-STORE><DC-TYPE>N</DC-TYPE><SRC-TYPE>N</SRC-TYPE><HO-TYPE>N</HO-TYPE></REC><REC><STORE-NO>21</STORE-NO><REGION-NO>10</REGION-NO><STORE-NAME>N Miranda</STORE-NAME><NEW-STORE>N</NEW-STORE><ACTIVE-STORE>Y</ACTIVE-STORE><CLOSED-STORE>N</CLOSED-STORE><DC-TYPE>N</DC-TYPE><SRC-TYPE>N</SRC-TYPE><HO-TYPE>N</HO-TYPE></REC><REC><STORE-NO>38</STORE-NO><REGION-NO>40</REGION-NO><STORE-NAME>Q Maroochydore</STORE-NAME><NEW-STORE>N</NEW-STORE><ACTIVE-STORE>Y</ACTIVE-STORE><CLOSED-STORE>N</CLOSED-STORE><DC-TYPE>N</DC-TYPE><SRC-TYPE>N</SRC-TYPE><HO-TYPE>N</HO-TYPE></REC><REC><STORE-NO>39</STORE-NO><REGION-NO>20</REGION-NO><STORE-NAME>V Colac</STORE-NAME><NEW-STORE>N</NEW-STORE><ACTIVE-STORE>Y</ACTIVE-STORE><CLOSED-STORE>N</CLOSED-STORE><DC-TYPE>N</DC-TYPE><SRC-TYPE>N</SRC-TYPE><HO-TYPE>N</HO-TYPE></REC><REC><STORE-NO>40</STORE-NO><REGION-NO>40</REGION-NO><STORE-NAME>Q Tweed Heads</STORE-NAME><NEW-STORE>N</NEW-STORE><ACTIVE-STORE>Y</ACTIVE-STORE><CLOSED-STORE>N</CLOSED-STORE><DC-TYPE>N</DC-TYPE><SRC-TYPE>N</SRC-TYPE><HO-TYPE>N</HO-TYPE></REC><REC><STORE-NO>42</STORE-NO><REGION-NO>20</REGION-NO><STORE-NAME>V Reservoir</STORE-NAME><NEW-STORE>N</NEW-STORE><ACTIVE-STORE>Y</ACTIVE-STORE><CLOSED-STORE>N</CLOSED-STORE><DC-TYPE>N</DC-TYPE><SRC-TYPE>N</SRC-TYPE><HO-TYPE>N</HO-TYPE></REC><REC><STORE-NO>43</STORE-NO><REGION-NO>60</REGION-NO><STORE-NAME>W Morley</STORE-NAME><NEW-STORE>N</NEW-STORE><ACTIVE-STORE>Y</ACTIVE-STORE><CLOSED-STORE>N</CLOSED-STORE><DC-TYPE>N</DC-TYPE><SRC-TYPE>N</SRC-TYPE><HO-TYPE>N</HO-TYPE></REC><REC><STORE-NO>44</STORE-NO><REGION-NO>50</REGION-NO><STORE-NAME>S Mt Gambier</STORE-NAME><NEW-STORE>N</NEW-STORE><ACTIVE-STORE>Y</ACTIVE-STORE><CLOSED-STORE>N</CLOSED-STORE><DC-TYPE>N</DC-TYPE><SRC-TYPE>N</SRC-TYPE><HO-TYPE>N</HO-TYPE></REC><REC><STORE-NO>45</STORE-NO><REGION-NO>60</REGION-NO><STORE-NAME>W Carousel</STORE-NAME><NEW-STORE>N</NEW-STORE><ACTIVE-STORE>Y</ACTIVE-STORE><CLOSED-STORE>N</CLOSED-STORE><DC-TYPE>N</DC-TYPE><SRC-TYPE>N</SRC-TYPE><HO-TYPE>N</HO-TYPE></REC><REC><STORE-NO>46</STORE-NO><REGION-NO>10</REGION-NO><STORE-NAME>N Dubbo</STORE-NAME><NEW-STORE>N</NEW-STORE><ACTIVE-STORE>Y</ACTIVE-STORE><CLOSED-STORE>N</CLOSED-STORE><DC-TYPE>N</DC-TYPE><SRC-TYPE>N</SRC-TYPE><HO-TYPE>N</HO-TYPE></REC><REC><STORE-NO>47</STORE-NO><REGION-NO>50</REGION-NO><STORE-NAME>S Sefton Park</STORE-NAME><NEW-STORE>N</NEW-STORE><ACTIVE-STORE>Y</ACTIVE-STORE><CLOSED-STORE>N</CLOSED-STORE><DC-TYPE>N</DC-TYPE><SRC-TYPE>N</SRC-TYPE><HO-TYPE>N</HO-TYPE></REC><REC><STORE-NO>48</STORE-NO><REGION-NO>40</REGION-NO><STORE-NAME>Q Bundaberg</STORE-NAME><NEW-STORE>N</NEW-STORE><ACTIVE-STORE>Y</ACTIVE-STORE><CLOSED-STORE>N</CLOSED-STORE><DC-TYPE>N</DC-TYPE><SRC-TYPE>N</SRC-TYPE><HO-TYPE>N</HO-TYPE></REC><REC><STORE-NO>49</STORE-NO><REGION-NO>40</REGION-NO><STORE-NAME>Q Rockhampton</STORE-NAME><NEW-STORE>N</NEW-STORE><ACTIVE-STORE>Y</ACTIVE-STORE><CLOSED-STORE>N</CLOSED-STORE><DC-TYPE>N</DC-TYPE><SRC-TYPE>N</SRC-TYPE><HO-TYPE>N</HO-TYPE></REC><REC><STORE-NO>52</STORE-NO><REGION-NO>10</REGION-NO><STORE-NAME>N Eastwood</STORE-NAME><NEW-STORE>N</NEW-STORE><ACTIVE-STORE>Y</ACTIVE-STORE><CLOSED-STORE>N</CLOSED-STORE><DC-TYPE>N</DC-TYPE><SRC-TYPE>N</SRC-TYPE><HO-TYPE>N</HO-TYPE></REC><REC><STORE-NO>54</STORE-NO><REGION-NO>20</REGION-NO><STORE-NAME>V Highpoint City</STORE-NAME><NEW-STORE>N</NEW-STORE><ACTIVE-STORE>Y</ACTIVE-STORE><CLOSED-STORE>N</CLOSED-STORE><DC-TYPE>N</DC-TYPE><SRC-TYPE>N</SRC-TYPE><HO-TYPE>N</HO-TYPE></REC><REC><STORE-NO>55</STORE-NO><REGION-NO>10</REGION-NO><STORE-NAME>N Leichhardt</STORE-NAME><NEW-STORE>N</NEW-STORE><ACTIVE-STORE>Y</ACTIVE-STORE><CLOSED-STORE>N</CLOSED-STORE><DC-TYPE>N</DC-TYPE><SRC-TYPE>N</SRC-TYPE><HO-TYPE>N</HO-TYPE></REC><REC><STORE-NO>57</STORE-NO><REGION-NO>60</REGION-NO><STORE-NAME>W Victoria Park</STORE-NAME><NEW-STORE>N</NEW-STORE><ACTIVE-STORE>Y</ACTIVE-STORE><CLOSED-STORE>N</CLOSED-STORE><DC-TYPE>N</DC-TYPE><SRC-TYPE>N</SRC-TYPE><HO-TYPE>N</HO-TYPE></REC><REC><STORE-NO>58</STORE-NO><REGION-NO>20</REGION-NO><STORE-NAME>V Knox City</STORE-NAME><NEW-STORE>N</NEW-STORE><ACTIVE-STORE>Y</ACTIVE-STORE><CLOSED-STORE>N</CLOSED-STORE><DC-TYPE>N</DC-TYPE><SRC-TYPE>N</SRC-TYPE><HO-TYPE>N</HO-TYPE></REC><REC><STORE-NO>59</STORE-NO><REGION-NO>40</REGION-NO><STORE-NAME>Q Buranda</STORE-NAME><NEW-STORE>N</NEW-STORE><ACTIVE-STORE>Y</ACTIVE-STORE><CLOSED-STORE>N</CLOSED-STORE><DC-TYPE>N</DC-TYPE><SRC-TYPE>N</SRC-TYPE><HO-TYPE>N</HO-TYPE></REC><REC><STORE-NO>60</STORE-NO><REGION-NO>10</REGION-NO><STORE-NAME>N St Marys</STORE-NAME><NEW-STORE>N</NEW-STORE><ACTIVE-STORE>Y</ACTIVE-STORE><CLOSED-STORE>N</CLOSED-STORE><DC-TYPE>N</DC-TYPE><SRC-TYPE>N</SRC-TYPE><HO-TYPE>N</HO-TYPE></REC><REC><STORE-NO>61</STORE-NO><REGION-NO>20</REGION-NO><STORE-NAME>V Waverley Gardens</STORE-NAME><NEW-STORE>N</NEW-STORE><ACTIVE-STORE>Y</ACTIVE-STORE><CLOSED-STORE>N</CLOSED-STORE><DC-TYPE>N</DC-TYPE><SRC-TYPE>N</SRC-TYPE><HO-TYPE>N</HO-TYPE></REC><REC><STORE-NO>62</STORE-NO><REGION-NO>40</REGION-NO><STORE-NAME>Q Castletown</STORE-NAME><NEW-STORE>N</NEW-STORE><ACTIVE-STORE>Y</ACTIVE-STORE><CLOSED-STORE>N</CLOSED-STORE><DC-TYPE>N</DC-TYPE><SRC-TYPE>N</SRC-TYPE><HO-TYPE>N</HO-TYPE></REC><REC><STORE-NO>64</STORE-NO><REGION-NO>20</REGION-NO><STORE-NAME>V Hoppers Crossing</STORE-NAME><NEW-STORE>N</NEW-STORE><ACTIVE-STORE>Y</ACTIVE-STORE><CLOSED-STORE>N</CLOSED-STORE><DC-TYPE>N</DC-TYPE><SRC-TYPE>N</SRC-TYPE><HO-TYPE>N</HO-TYPE></REC><REC><STORE-NO>65</STORE-NO><REGION-NO>60</REGION-NO><STORE-NAME>W Innaloo</STORE-NAME><NEW-STORE>N</NEW-STORE><ACTIVE-STORE>Y</ACTIVE-STORE><CLOSED-STORE>N</CLOSED-STORE><DC-TYPE>N</DC-TYPE><SRC-TYPE>N</SRC-TYPE><HO-TYPE>N</HO-TYPE></REC><REC><STORE-NO>67</STORE-NO><REGION-NO>20</REGION-NO><STORE-NAME>V Morwell Mid Valley</STORE-NAME><NEW-STORE>N</NEW-STORE><ACTIVE-STORE>Y</ACTIVE-STORE><CLOSED-STORE>N</CLOSED-STORE><DC-TYPE>N</DC-TYPE><SRC-TYPE>N</SRC-TYPE><HO-TYPE>N</HO-TYPE></REC><REC><STORE-NO>68</STORE-NO><REGION-NO>40</REGION-NO><STORE-NAME>Q Mt Gravatt</STORE-NAME><NEW-STORE>N</NEW-STORE><ACTIVE-STORE>Y</ACTIVE-STORE><CLOSED-STORE>N</CLOSED-STORE><DC-TYPE>N</DC-TYPE><SRC-TYPE>N</SRC-TYPE><HO-TYPE>N</HO-TYPE></REC><REC><STORE-NO>69</STORE-NO><REGION-NO>60</REGION-NO><STORE-NAME>W Midland</STORE-NAME><NEW-STORE>N</NEW-STORE><ACTIVE-STORE>Y</ACTIVE-STORE><CLOSED-STORE>N</CLOSED-STORE><DC-TYPE>N</DC-TYPE><SRC-TYPE>N</SRC-TYPE><HO-TYPE>N</HO-TYPE></REC><REC><STORE-NO>70</STORE-NO><REGION-NO>10</REGION-NO><STORE-NAME>N Bass Hill</STORE-NAME><NEW-STORE>N</NEW-STORE><ACTIVE-STORE>Y</ACTIVE-STORE><CLOSED-STORE>N</CLOSED-STORE><DC-TYPE>N</DC-TYPE><SRC-TYPE>N</SRC-TYPE><HO-TYPE>N</HO-TYPE></REC><REC><STORE-NO>72</STORE-NO><REGION-NO>60</REGION-NO><STORE-NAME>W Geraldton</STORE-NAME><NEW-STORE>N</NEW-STORE><ACTIVE-STORE>Y</ACTIVE-STORE><CLOSED-STORE>N</CLOSED-STORE><DC-TYPE>N</DC-TYPE><SRC-TYPE>N</SRC-TYPE><HO-TYPE>N</HO-TYPE></REC><REC><STORE-NO>73</STORE-NO><REGION-NO>40</REGION-NO><STORE-NAME>Q Southport</STORE-NAME><NEW-STORE>N</NEW-STORE><ACTIVE-STORE>Y</ACTIVE-STORE><CLOSED-STORE>N</CLOSED-STORE><DC-TYPE>N</DC-TYPE><SRC-TYPE>N</SRC-TYPE><HO-TYPE>N</HO-TYPE></REC><REC><STORE-NO>74</STORE-NO><REGION-NO>10</REGION-NO><STORE-NAME>N Campbelltown</STORE-NAME><NEW-STORE>N</NEW-STORE><ACTIVE-STORE>Y</ACTIVE-STORE><CLOSED-STORE>N</CLOSED-STORE><DC-TYPE>N</DC-TYPE><SRC-TYPE>N</SRC-TYPE><HO-TYPE>N</HO-TYPE></REC><REC><STORE-NO>75</STORE-NO><REGION-NO>20</REGION-NO><STORE-NAME>V Sale</STORE-NAME><NEW-STORE>N</NEW-STORE><ACTIVE-STORE>Y</ACTIVE-STORE><CLOSED-STORE>N</CLOSED-STORE><DC-TYPE>N</DC-TYPE><SRC-TYPE>N</SRC-TYPE><HO-TYPE>N</HO-TYPE></REC><REC><STORE-NO>76</STORE-NO><REGION-NO>60</REGION-NO><STORE-NAME>W Bull Creek</STORE-NAME><NEW-STORE>N</NEW-STORE><ACTIVE-STORE>Y</ACTIVE-STORE><CLOSED-STORE>N</CLOSED-STORE><DC-TYPE>N</DC-TYPE><SRC-TYPE>N</SRC-TYPE><HO-TYPE>N</HO-TYPE></REC><REC><STORE-NO>77</STORE-NO><REGION-NO>50</REGION-NO><STORE-NAME>S Elizabeth</STORE-NAME><NEW-STORE>N</NEW-STORE><ACTIVE-STORE>Y</ACTIVE-STORE><CLOSED-STORE>N</CLOSED-STORE><DC-TYPE>N</DC-TYPE><SRC-TYPE>N</SRC-TYPE><HO-TYPE>N</HO-TYPE></REC><REC><STORE-NO>78</STORE-NO><REGION-NO>10</REGION-NO><STORE-NAME>N Warringah Mall</STORE-NAME><NEW-STORE>N</NEW-STORE><ACTIVE-STORE>Y</ACTIVE-STORE><CLOSED-STORE>N</CLOSED-STORE><DC-TYPE>N</DC-TYPE><SRC-TYPE>N</SRC-TYPE><HO-TYPE>N</HO-TYPE></REC><REC><STORE-NO>79</STORE-NO><REGION-NO>60</REGION-NO><STORE-NAME>W Stirling</STORE-NAME><NEW-STORE>N</NEW-STORE><ACTIVE-STORE>Y</ACTIVE-STORE><CLOSED-STORE>N</CLOSED-STORE><DC-TYPE>N</DC-TYPE><SRC-TYPE>N</SRC-TYPE><HO-TYPE>N</HO-TYPE></REC><REC><STORE-NO>80</STORE-NO><REGION-NO>20</REGION-NO><STORE-NAME>V Sunshine</STORE-NAME><NEW-STORE>N</NEW-STORE><ACTIVE-STORE>Y</ACTIVE-STORE><CLOSED-STORE>N</CLOSED-STORE><DC-TYPE>N</DC-TYPE><SRC-TYPE>N</SRC-TYPE><HO-TYPE>N</HO-TYPE></REC><REC><STORE-NO>81</STORE-NO><REGION-NO>10</REGION-NO><STORE-NAME>N Ashfield</STORE-NAME><NEW-STORE>N</NEW-STORE><ACTIVE-STORE>Y</ACTIVE-STORE><CLOSED-STORE>N</CLOSED-STORE><DC-TYPE>N</DC-TYPE><SRC-TYPE>N</SRC-TYPE><HO-TYPE>N</HO-TYPE></REC><REC><STORE-NO>82</STORE-NO><REGION-NO>20</REGION-NO><STORE-NAME>V Box Hill</STORE-NAME><NEW-STORE>N</NEW-STORE><ACTIVE-STORE>Y</ACTIVE-STORE><CLOSED-STORE>N</CLOSED-STORE><DC-TYPE>N</DC-TYPE><SRC-TYPE>N</SRC-TYPE><HO-TYPE>N</HO-TYPE></REC><REC><STORE-NO>83</STORE-NO><REGION-NO>40</REGION-NO><STORE-NAME>Q Springwood</STORE-NAME><NEW-STORE>N</NEW-STORE><ACTIVE-STORE>Y</ACTIVE-STORE><CLOSED-STORE>N</CLOSED-STORE><DC-TYPE>N</DC-TYPE><SRC-TYPE>N</SRC-TYPE><HO-TYPE>N</HO-TYPE></REC><REC><STORE-NO>84</STORE-NO><REGION-NO>40</REGION-NO><STORE-NAME>Q Brookside</STORE-NAME><NEW-STORE>N</NEW-STORE><ACTIVE-STORE>Y</ACTIVE-STORE><CLOSED-STORE>N</CLOSED-STORE><DC-TYPE>N</DC-TYPE><SRC-TYPE>N</SRC-TYPE><HO-TYPE>N</HO-TYPE></REC><REC><STORE-NO>85</STORE-NO><REGION-NO>10</REGION-NO><STORE-NAME>N Roselands</STORE-NAME><NEW-STORE>N</NEW-STORE><ACTIVE-STORE>Y</ACTIVE-STORE><CLOSED-STORE>N</CLOSED-STORE><DC-TYPE>N</DC-TYPE><SRC-TYPE>N</SRC-TYPE><HO-TYPE>N</HO-TYPE></REC><REC><STORE-NO>86</STORE-NO><REGION-NO>20</REGION-NO><STORE-NAME>V Southland</STORE-NAME><NEW-STORE>N</NEW-STORE><ACTIVE-STORE>Y</ACTIVE-STORE><CLOSED-STORE>N</CLOSED-STORE><DC-TYPE>N</DC-TYPE><SRC-TYPE>N</SRC-TYPE><HO-TYPE>N</HO-TYPE></REC><REC><STORE-NO>87</STORE-NO><REGION-NO>20</REGION-NO><STORE-NAME>V Chadstone</STORE-NAME><NEW-STORE>N</NEW-STORE><ACTIVE-STORE>Y</ACTIVE-STORE><CLOSED-STORE>N</CLOSED-STORE><DC-TYPE>N</DC-TYPE><SRC-TYPE>N</SRC-TYPE><HO-TYPE>N</HO-TYPE></REC><REC><STORE-NO>88</STORE-NO><REGION-NO>20</REGION-NO><STORE-NAME>V Templestowe</STORE-NAME><NEW-STORE>N</NEW-STORE><ACTIVE-STORE>Y</ACTIVE-STORE><CLOSED-STORE>N</CLOSED-STORE><DC-TYPE>N</DC-TYPE><SRC-TYPE>N</SRC-TYPE><HO-TYPE>N</HO-TYPE></REC><REC><STORE-NO>89</STORE-NO><REGION-NO>10</REGION-NO><STORE-NAME>N Erina</STORE-NAME><NEW-STORE>N</NEW-STORE><ACTIVE-STORE>Y</ACTIVE-STORE><CLOSED-STORE>N</CLOSED-STORE><DC-TYPE>N</DC-TYPE><SRC-TYPE>N</SRC-TYPE><HO-TYPE>N</HO-TYPE></REC><REC><STORE-NO>90</STORE-NO><REGION-NO>10</REGION-NO><STORE-NAME>N Carlingford Court</STORE-NAME><NEW-STORE>N</NEW-STORE><ACTIVE-STORE>Y</ACTIVE-STORE><CLOSED-STORE>N</CLOSED-STORE><DC-TYPE>N</DC-TYPE><SRC-TYPE>N</SRC-TYPE><HO-TYPE>N</HO-TYPE></REC><REC><STORE-NO>91</STORE-NO><REGION-NO>10</REGION-NO><STORE-NAME>N Chatswood</STORE-NAME><NEW-STORE>N</NEW-STORE><ACTIVE-STORE>Y</ACTIVE-STORE><CLOSED-STORE>N</CLOSED-STORE><DC-TYPE>N</DC-TYPE><SRC-TYPE>N</SRC-TYPE><HO-TYPE>N</HO-TYPE></REC><REC><STORE-NO>92</STORE-NO><REGION-NO>20</REGION-NO><STORE-NAME>V Malvern</STORE-NAME><NEW-STORE>N</NEW-STORE><ACTIVE-STORE>Y</ACTIVE-STORE><CLOSED-STORE>N</CLOSED-STORE><DC-TYPE>N</DC-TYPE><SRC-TYPE>N</SRC-TYPE><HO-TYPE>N</HO-TYPE></REC><REC><STORE-NO>93</STORE-NO><REGION-NO>10</REGION-NO><STORE-NAME>N Liverpool</STORE-NAME><NEW-STORE>N</NEW-STORE><ACTIVE-STORE>Y</ACTIVE-STORE><CLOSED-STORE>N</CLOSED-STORE><DC-TYPE>N</DC-TYPE><SRC-TYPE>N</SRC-TYPE><HO-TYPE>N</HO-TYPE></REC><REC><STORE-NO>94</STORE-NO><REGION-NO>60</REGION-NO><STORE-NAME>W Whitford City</STORE-NAME><NEW-STORE>N</NEW-STORE><ACTIVE-STORE>Y</ACTIVE-STORE><CLOSED-STORE>N</CLOSED-STORE><DC-TYPE>N</DC-TYPE><SRC-TYPE>N</SRC-TYPE><HO-TYPE>N</HO-TYPE></REC><REC><STORE-NO>95</STORE-NO><REGION-NO>10</REGION-NO><STORE-NAME>N Eastgarden</STORE-NAME><NEW-STORE>N</NEW-STORE><ACTIVE-STORE>Y</ACTIVE-STORE><CLOSED-STORE>N</CLOSED-STORE><DC-TYPE>N</DC-TYPE><SRC-TYPE>N</SRC-TYPE><HO-TYPE>N</HO-TYPE></REC><REC><STORE-NO>96</STORE-NO><REGION-NO>10</REGION-NO><STORE-NAME>N Canberra Civic</STORE-NAME><NEW-STORE>N</NEW-STORE><ACTIVE-STORE>Y</ACTIVE-STORE><CLOSED-STORE>N</CLOSED-STORE><DC-TYPE>N</DC-TYPE><SRC-TYPE>N</SRC-TYPE><HO-TYPE>N</HO-TYPE></REC><REC><STORE-NO>97</STORE-NO><REGION-NO>20</REGION-NO><STORE-NAME>V Fountain Gate</STORE-NAME><NEW-STORE>N</NEW-STORE><ACTIVE-STORE>Y</ACTIVE-STORE><CLOSED-STORE>N</CLOSED-STORE><DC-TYPE>N</DC-TYPE><SRC-TYPE>N</SRC-TYPE><HO-TYPE>N</HO-TYPE></REC><REC><STORE-NO>98</STORE-NO><REGION-NO>20</REGION-NO><STORE-NAME>V Frankston</STORE-NAME><NEW-STORE>N</NEW-STORE><ACTIVE-STORE>Y</ACTIVE-STORE><CLOSED-STORE>N</CLOSED-STORE><DC-TYPE>N</DC-TYPE><SRC-TYPE>N</SRC-TYPE><HO-TYPE>N</HO-TYPE></REC><REC><STORE-NO>99</STORE-NO><REGION-NO>20</REGION-NO><STORE-NAME>V Glen Waverley</STORE-NAME><NEW-STORE>N</NEW-STORE><ACTIVE-STORE>Y</ACTIVE-STORE><CLOSED-STORE>N</CLOSED-STORE><DC-TYPE>N</DC-TYPE><SRC-TYPE>N</SRC-TYPE><HO-TYPE>N</HO-TYPE></REC><REC><STORE-NO>100</STORE-NO><REGION-NO>20</REGION-NO><STORE-NAME>V Waurn Ponds</STORE-NAME><NEW-STORE>N</NEW-STORE><ACTIVE-STORE>Y</ACTIVE-STORE><CLOSED-STORE>N</CLOSED-STORE><DC-TYPE>N</DC-TYPE><SRC-TYPE>N</SRC-TYPE><HO-TYPE>N</HO-TYPE></REC><REC><STORE-NO>125</STORE-NO><REGION-NO>10</REGION-NO><STORE-NAME>N Mt Druitt</STORE-NAME><NEW-STORE>N</NEW-STORE><ACTIVE-STORE>Y</ACTIVE-STORE><CLOSED-STORE>N</CLOSED-STORE><DC-TYPE>N</DC-TYPE><SRC-TYPE>N</SRC-TYPE><HO-TYPE>N</HO-TYPE></REC><REC><STORE-NO>126</STORE-NO><REGION-NO>40</REGION-NO><STORE-NAME>Q Robina</STORE-NAME><NEW-STORE>N</NEW-STORE><ACTIVE-STORE>Y</ACTIVE-STORE><CLOSED-STORE>N</CLOSED-STORE><DC-TYPE>N</DC-TYPE><SRC-TYPE>N</SRC-TYPE><HO-TYPE>N</HO-TYPE></REC><REC><STORE-NO>127</STORE-NO><REGION-NO>50</REGION-NO><STORE-NAME>S Marion</STORE-NAME><NEW-STORE>N</NEW-STORE><ACTIVE-STORE>Y</ACTIVE-STORE><CLOSED-STORE>N</CLOSED-STORE><DC-TYPE>N</DC-TYPE><SRC-TYPE>N</SRC-TYPE><HO-TYPE>N</HO-TYPE></REC><REC><STORE-NO>128</STORE-NO><REGION-NO>60</REGION-NO><STORE-NAME>W Rockingham</STORE-NAME><NEW-STORE>N</NEW-STORE><ACTIVE-STORE>Y</ACTIVE-STORE><CLOSED-STORE>N</CLOSED-STORE><DC-TYPE>N</DC-TYPE><SRC-TYPE>N</SRC-TYPE><HO-TYPE>N</HO-TYPE></REC><REC><STORE-NO>129</STORE-NO><REGION-NO>10</REGION-NO><STORE-NAME>N Macquarie</STORE-NAME><NEW-STORE>N</NEW-STORE><ACTIVE-STORE>Y</ACTIVE-STORE><CLOSED-STORE>N</CLOSED-STORE><DC-TYPE>N</DC-TYPE><SRC-TYPE>N</SRC-TYPE><HO-TYPE>N</HO-TYPE></REC><REC><STORE-NO>131</STORE-NO><REGION-NO>20</REGION-NO><STORE-NAME>V Melbourne City</STORE-NAME><NEW-STORE>N</NEW-STORE><ACTIVE-STORE>Y</ACTIVE-STORE><CLOSED-STORE>N</CLOSED-STORE><DC-TYPE>N</DC-TYPE><SRC-TYPE>N</SRC-TYPE><HO-TYPE>N</HO-TYPE></REC><REC><STORE-NO>132</STORE-NO><REGION-NO>20</REGION-NO><STORE-NAME>V Glenorchy</STORE-NAME><NEW-STORE>N</NEW-STORE><ACTIVE-STORE>Y</ACTIVE-STORE><CLOSED-STORE>N</CLOSED-STORE><DC-TYPE>N</DC-TYPE><SRC-TYPE>N</SRC-TYPE><HO-TYPE>N</HO-TYPE></REC><REC><STORE-NO>133</STORE-NO><REGION-NO>40</REGION-NO><STORE-NAME>Q Browns Plains</STORE-NAME><NEW-STORE>N</NEW-STORE><ACTIVE-STORE>Y</ACTIVE-STORE><CLOSED-STORE>N</CLOSED-STORE><DC-TYPE>N</DC-TYPE><SRC-TYPE>N</SRC-TYPE><HO-TYPE>N</HO-TYPE></REC><REC><STORE-NO>134</STORE-NO><REGION-NO>50</REGION-NO><STORE-NAME>S Reynella</STORE-NAME><NEW-STORE>N</NEW-STORE><ACTIVE-STORE>Y</ACTIVE-STORE><CLOSED-STORE>N</CLOSED-STORE><DC-TYPE>N</DC-TYPE><SRC-TYPE>N</SRC-TYPE><HO-TYPE>N</HO-TYPE></REC><REC><STORE-NO>135</STORE-NO><REGION-NO>40</REGION-NO><STORE-NAME>Q Capalaba</STORE-NAME><NEW-STORE>N</NEW-STORE><ACTIVE-STORE>Y</ACTIVE-STORE><CLOSED-STORE>N</CLOSED-STORE><DC-TYPE>N</DC-TYPE><SRC-TYPE>N</SRC-TYPE><HO-TYPE>N</HO-TYPE></REC><REC><STORE-NO>136</STORE-NO><REGION-NO>10</REGION-NO><STORE-NAME>N Charlestown</STORE-NAME><NEW-STORE>N</NEW-STORE><ACTIVE-STORE>Y</ACTIVE-STORE><CLOSED-STORE>N</CLOSED-STORE><DC-TYPE>N</DC-TYPE><SRC-TYPE>N</SRC-TYPE><HO-TYPE>N</HO-TYPE></REC><REC><STORE-NO>137</STORE-NO><REGION-NO>20</REGION-NO><STORE-NAME>V Dandenong</STORE-NAME><NEW-STORE>N</NEW-STORE><ACTIVE-STORE>Y</ACTIVE-STORE><CLOSED-STORE>N</CLOSED-STORE><DC-TYPE>N</DC-TYPE><SRC-TYPE>N</SRC-TYPE><HO-TYPE>N</HO-TYPE></REC><REC><STORE-NO>138</STORE-NO><REGION-NO>40</REGION-NO><STORE-NAME>Q Cairns Central</STORE-NAME><NEW-STORE>N</NEW-STORE><ACTIVE-STORE>Y</ACTIVE-STORE><CLOSED-STORE>N</CLOSED-STORE><DC-TYPE>N</DC-TYPE><SRC-TYPE>N</SRC-TYPE><HO-TYPE>N</HO-TYPE></REC><REC><STORE-NO>139</STORE-NO><REGION-NO>40</REGION-NO><STORE-NAME>Q Toowoomba</STORE-NAME><NEW-STORE>N</NEW-STORE><ACTIVE-STORE>Y</ACTIVE-STORE><CLOSED-STORE>N</CLOSED-STORE><DC-TYPE>N</DC-TYPE><SRC-TYPE>N</SRC-TYPE><HO-TYPE>N</HO-TYPE></REC><REC><STORE-NO>140</STORE-NO><REGION-NO>40</REGION-NO><STORE-NAME>Q Pacific Fair</STORE-NAME><NEW-STORE>N</NEW-STORE><ACTIVE-STORE>Y</ACTIVE-STORE><CLOSED-STORE>N</CLOSED-STORE><DC-TYPE>N</DC-TYPE><SRC-TYPE>N</SRC-TYPE><HO-TYPE>N</HO-TYPE></REC><REC><STORE-NO>141</STORE-NO><REGION-NO>40</REGION-NO><STORE-NAME>Q The Willows</STORE-NAME><NEW-STORE>N</NEW-STORE><ACTIVE-STORE>Y</ACTIVE-STORE><CLOSED-STORE>N</CLOSED-STORE><DC-TYPE>N</DC-TYPE><SRC-TYPE>N</SRC-TYPE><HO-TYPE>N</HO-TYPE></REC><REC><STORE-NO>142</STORE-NO><REGION-NO>50</REGION-NO><STORE-NAME>S Hollywood Plaza</STORE-NAME><NEW-STORE>N</NEW-STORE><ACTIVE-STORE>Y</ACTIVE-STORE><CLOSED-STORE>N</CLOSED-STORE><DC-TYPE>N</DC-TYPE><SRC-TYPE>N</SRC-TYPE><HO-TYPE>N</HO-TYPE></REC><REC><STORE-NO>143</STORE-NO><REGION-NO>40</REGION-NO><STORE-NAME>Q Hervey Bay</STORE-NAME><NEW-STORE>N</NEW-STORE><ACTIVE-STORE>Y</ACTIVE-STORE><CLOSED-STORE>N</CLOSED-STORE><DC-TYPE>N</DC-TYPE><SRC-TYPE>N</SRC-TYPE><HO-TYPE>N</HO-TYPE></REC><REC><STORE-NO>144</STORE-NO><REGION-NO>10</REGION-NO><STORE-NAME>N Parramatta</STORE-NAME><NEW-STORE>N</NEW-STORE><ACTIVE-STORE>Y</ACTIVE-STORE><CLOSED-STORE>N</CLOSED-STORE><DC-TYPE>N</DC-TYPE><SRC-TYPE>N</SRC-TYPE><HO-TYPE>N</HO-TYPE></REC><REC><STORE-NO>145</STORE-NO><REGION-NO>10</REGION-NO><STORE-NAME>N Port Macquarie</STORE-NAME><NEW-STORE>N</NEW-STORE><ACTIVE-STORE>Y</ACTIVE-STORE><CLOSED-STORE>N</CLOSED-STORE><DC-TYPE>N</DC-TYPE><SRC-TYPE>N</SRC-TYPE><HO-TYPE>N</HO-TYPE></REC><REC><STORE-NO>146</STORE-NO><REGION-NO>40</REGION-NO><STORE-NAME>Q Palmerston</STORE-NAME><NEW-STORE>N</NEW-STORE><ACTIVE-STORE>Y</ACTIVE-STORE><CLOSED-STORE>N</CLOSED-STORE><DC-TYPE>N</DC-TYPE><SRC-TYPE>N</SRC-TYPE><HO-TYPE>N</HO-TYPE></REC><REC><STORE-NO>149</STORE-NO><REGION-NO>20</REGION-NO><STORE-NAME>V Broadmeadows</STORE-NAME><NEW-STORE>N</NEW-STORE><ACTIVE-STORE>Y</ACTIVE-STORE><CLOSED-STORE>N</CLOSED-STORE><DC-TYPE>N</DC-TYPE><SRC-TYPE>N</SRC-TYPE><HO-TYPE>N</HO-TYPE></REC><REC><STORE-NO>150</STORE-NO><REGION-NO>10</REGION-NO><STORE-NAME>N Cowra</STORE-NAME><NEW-STORE>N</NEW-STORE><ACTIVE-STORE>Y</ACTIVE-STORE><CLOSED-STORE>N</CLOSED-STORE><DC-TYPE>N</DC-TYPE><SRC-TYPE>N</SRC-TYPE><HO-TYPE>N</HO-TYPE></REC><REC><STORE-NO>151</STORE-NO><REGION-NO>60</REGION-NO><STORE-NAME>W Perth</STORE-NAME><NEW-STORE>N</NEW-STORE><ACTIVE-STORE>Y</ACTIVE-STORE><CLOSED-STORE>N</CLOSED-STORE><DC-TYPE>N</DC-TYPE><SRC-TYPE>N</SRC-TYPE><HO-TYPE>N</HO-TYPE></REC><REC><STORE-NO>152</STORE-NO><REGION-NO>20</REGION-NO><STORE-NAME>V Mornington</STORE-NAME><NEW-STORE>N</NEW-STORE><ACTIVE-STORE>Y</ACTIVE-STORE><CLOSED-STORE>N</CLOSED-STORE><DC-TYPE>N</DC-TYPE><SRC-TYPE>N</SRC-TYPE><HO-TYPE>N</HO-TYPE></REC><REC><STORE-NO>153</STORE-NO><REGION-NO>20</REGION-NO><STORE-NAME>V Pakenham</STORE-NAME><NEW-STORE>N</NEW-STORE><ACTIVE-STORE>Y</ACTIVE-STORE><CLOSED-STORE>N</CLOSED-STORE><DC-TYPE>N</DC-TYPE><SRC-TYPE>N</SRC-TYPE><HO-TYPE>N</HO-TYPE></REC><REC><STORE-NO>154</STORE-NO><REGION-NO>10</REGION-NO><STORE-NAME>N Shellharbour</STORE-NAME><NEW-STORE>N</NEW-STORE><ACTIVE-STORE>Y</ACTIVE-STORE><CLOSED-STORE>N</CLOSED-STORE><DC-TYPE>N</DC-TYPE><SRC-TYPE>N</SRC-TYPE><HO-TYPE>N</HO-TYPE></REC><REC><STORE-NO>155</STORE-NO><REGION-NO>40</REGION-NO><STORE-NAME>Q Redbank</STORE-NAME><NEW-STORE>N</NEW-STORE><ACTIVE-STORE>Y</ACTIVE-STORE><CLOSED-STORE>N</CLOSED-STORE><DC-TYPE>N</DC-TYPE><SRC-TYPE>N</SRC-TYPE><HO-TYPE>N</HO-TYPE></REC><REC><STORE-NO>156</STORE-NO><REGION-NO>40</REGION-NO><STORE-NAME>Q Morayfield</STORE-NAME><NEW-STORE>N</NEW-STORE><ACTIVE-STORE>Y</ACTIVE-STORE><CLOSED-STORE>N</CLOSED-STORE><DC-TYPE>N</DC-TYPE><SRC-TYPE>N</SRC-TYPE><HO-TYPE>N</HO-TYPE></REC><REC><STORE-NO>157</STORE-NO><REGION-NO>20</REGION-NO><STORE-NAME>V Chirnside Park</STORE-NAME><NEW-STORE>N</NEW-STORE><ACTIVE-STORE>Y</ACTIVE-STORE><CLOSED-STORE>N</CLOSED-STORE><DC-TYPE>N</DC-TYPE><SRC-TYPE>N</SRC-TYPE><HO-TYPE>N</HO-TYPE></REC><REC><STORE-NO>158</STORE-NO><REGION-NO>20</REGION-NO><STORE-NAME>V Brimbank Central</STORE-NAME><NEW-STORE>N</NEW-STORE><ACTIVE-STORE>Y</ACTIVE-STORE><CLOSED-STORE>N</CLOSED-STORE><DC-TYPE>N</DC-TYPE><SRC-TYPE>N</SRC-TYPE><HO-TYPE>N</HO-TYPE></REC><REC><STORE-NO>159</STORE-NO><REGION-NO>50</REGION-NO><STORE-NAME>S Whyalla</STORE-NAME><NEW-STORE>N</NEW-STORE><ACTIVE-STORE>Y</ACTIVE-STORE><CLOSED-STORE>N</CLOSED-STORE><DC-TYPE>N</DC-TYPE><SRC-TYPE>N</SRC-TYPE><HO-TYPE>N</HO-TYPE></REC><REC><STORE-NO>160</STORE-NO><REGION-NO>20</REGION-NO><STORE-NAME>V Watergardens</STORE-NAME><NEW-STORE>N</NEW-STORE><ACTIVE-STORE>Y</ACTIVE-STORE><CLOSED-STORE>N</CLOSED-STORE><DC-TYPE>N</DC-TYPE><SRC-TYPE>N</SRC-TYPE><HO-TYPE>N</HO-TYPE></REC><REC><STORE-NO>161</STORE-NO><REGION-NO>20</REGION-NO><STORE-NAME>V Hobart</STORE-NAME><NEW-STORE>N</NEW-STORE><ACTIVE-STORE>Y</ACTIVE-STORE><CLOSED-STORE>N</CLOSED-STORE><DC-TYPE>N</DC-TYPE><SRC-TYPE>N</SRC-TYPE><HO-TYPE>N</HO-TYPE></REC><REC><STORE-NO>162</STORE-NO><REGION-NO>10</REGION-NO><STORE-NAME>N Tuggeranong</STORE-NAME><NEW-STORE>N</NEW-STORE><ACTIVE-STORE>Y</ACTIVE-STORE><CLOSED-STORE>N</CLOSED-STORE><DC-TYPE>N</DC-TYPE><SRC-TYPE>N</SRC-TYPE><HO-TYPE>N</HO-TYPE></REC><REC><STORE-NO>163</STORE-NO><REGION-NO>10</REGION-NO><STORE-NAME>N Queanbeyan</STORE-NAME><NEW-STORE>N</NEW-STORE><ACTIVE-STORE>Y</ACTIVE-STORE><CLOSED-STORE>N</CLOSED-STORE><DC-TYPE>N</DC-TYPE><SRC-TYPE>N</SRC-TYPE><HO-TYPE>N</HO-TYPE></REC><REC><STORE-NO>164</STORE-NO><REGION-NO>10</REGION-NO><STORE-NAME>N Tuggerah</STORE-NAME><NEW-STORE>N</NEW-STORE><ACTIVE-STORE>Y</ACTIVE-STORE><CLOSED-STORE>N</CLOSED-STORE><DC-TYPE>N</DC-TYPE><SRC-TYPE>N</SRC-TYPE><HO-TYPE>N</HO-TYPE></REC><REC><STORE-NO>165</STORE-NO><REGION-NO>10</REGION-NO><STORE-NAME>N Hurstville</STORE-NAME><NEW-STORE>N</NEW-STORE><ACTIVE-STORE>Y</ACTIVE-STORE><CLOSED-STORE>N</CLOSED-STORE><DC-TYPE>N</DC-TYPE><SRC-TYPE>N</SRC-TYPE><HO-TYPE>N</HO-TYPE></REC><REC><STORE-NO>166</STORE-NO><REGION-NO>40</REGION-NO><STORE-NAME>Q Chermside</STORE-NAME><NEW-STORE>N</NEW-STORE><ACTIVE-STORE>Y</ACTIVE-STORE><CLOSED-STORE>N</CLOSED-STORE><DC-TYPE>N</DC-TYPE><SRC-TYPE>N</SRC-TYPE><HO-TYPE>N</HO-TYPE></REC><REC><STORE-NO>167</STORE-NO><REGION-NO>40</REGION-NO><STORE-NAME>Q Northlakes</STORE-NAME><NEW-STORE>N</NEW-STORE><ACTIVE-STORE>Y</ACTIVE-STORE><CLOSED-STORE>N</CLOSED-STORE><DC-TYPE>N</DC-TYPE><SRC-TYPE>N</SRC-TYPE><HO-TYPE>N</HO-TYPE></REC><REC><STORE-NO>168</STORE-NO><REGION-NO>20</REGION-NO><STORE-NAME>V Airport West</STORE-NAME><NEW-STORE>N</NEW-STORE><ACTIVE-STORE>Y</ACTIVE-STORE><CLOSED-STORE>N</CLOSED-STORE><DC-TYPE>N</DC-TYPE><SRC-TYPE>N</SRC-TYPE><HO-TYPE>N</HO-TYPE></REC><REC><STORE-NO>169</STORE-NO><REGION-NO>10</REGION-NO><STORE-NAME>N Hornsby</STORE-NAME><NEW-STORE>N</NEW-STORE><ACTIVE-STORE>Y</ACTIVE-STORE><CLOSED-STORE>N</CLOSED-STORE><DC-TYPE>N</DC-TYPE><SRC-TYPE>N</SRC-TYPE><HO-TYPE>N</HO-TYPE></REC><REC><STORE-NO>170</STORE-NO><REGION-NO>10</REGION-NO><STORE-NAME>N Bondi</STORE-NAME><NEW-STORE>N</NEW-STORE><ACTIVE-STORE>Y</ACTIVE-STORE><CLOSED-STORE>N</CLOSED-STORE><DC-TYPE>N</DC-TYPE><SRC-TYPE>N</SRC-TYPE><HO-TYPE>N</HO-TYPE></REC><REC><STORE-NO>171</STORE-NO><REGION-NO>10</REGION-NO><STORE-NAME>N Burwood</STORE-NAME><NEW-STORE>N</NEW-STORE><ACTIVE-STORE>Y</ACTIVE-STORE><CLOSED-STORE>N</CLOSED-STORE><DC-TYPE>N</DC-TYPE><SRC-TYPE>N</SRC-TYPE><HO-TYPE>N</HO-TYPE></REC><REC><STORE-NO>173</STORE-NO><REGION-NO>60</REGION-NO><STORE-NAME>W Bunbury</STORE-NAME><NEW-STORE>N</NEW-STORE><ACTIVE-STORE>Y</ACTIVE-STORE><CLOSED-STORE>N</CLOSED-STORE><DC-TYPE>N</DC-TYPE><SRC-TYPE>N</SRC-TYPE><HO-TYPE>N</HO-TYPE></REC><REC><STORE-NO>174</STORE-NO><REGION-NO>40</REGION-NO><STORE-NAME>Q Carindale</STORE-NAME><NEW-STORE>N</NEW-STORE><ACTIVE-STORE>Y</ACTIVE-STORE><CLOSED-STORE>N</CLOSED-STORE><DC-TYPE>N</DC-TYPE><SRC-TYPE>N</SRC-TYPE><HO-TYPE>N</HO-TYPE></REC><REC><STORE-NO>175</STORE-NO><REGION-NO>10</REGION-NO><STORE-NAME>N Tamworth</STORE-NAME><NEW-STORE>N</NEW-STORE><ACTIVE-STORE>Y</ACTIVE-STORE><CLOSED-STORE>N</CLOSED-STORE><DC-TYPE>N</DC-TYPE><SRC-TYPE>N</SRC-TYPE><HO-TYPE>N</HO-TYPE></REC><REC><STORE-NO>177</STORE-NO><REGION-NO>10</REGION-NO><STORE-NAME>N Castle Hill</STORE-NAME><NEW-STORE>N</NEW-STORE><ACTIVE-STORE>Y</ACTIVE-STORE><CLOSED-STORE>N</CLOSED-STORE><DC-TYPE>N</DC-TYPE><SRC-TYPE>N</SRC-TYPE><HO-TYPE>N</HO-TYPE></REC><REC><STORE-NO>178</STORE-NO><REGION-NO>10</REGION-NO><STORE-NAME>N Blacktown</STORE-NAME><NEW-STORE>N</NEW-STORE><ACTIVE-STORE>Y</ACTIVE-STORE><CLOSED-STORE>N</CLOSED-STORE><DC-TYPE>N</DC-TYPE><SRC-TYPE>N</SRC-TYPE><HO-TYPE>N</HO-TYPE></REC><REC><STORE-NO>179</STORE-NO><REGION-NO>20</REGION-NO><STORE-NAME>V Greensborough</STORE-NAME><NEW-STORE>N</NEW-STORE><ACTIVE-STORE>Y</ACTIVE-STORE><CLOSED-STORE>N</CLOSED-STORE><DC-TYPE>N</DC-TYPE><SRC-TYPE>N</SRC-TYPE><HO-TYPE>N</HO-TYPE></REC><REC><STORE-NO>180</STORE-NO><REGION-NO>60</REGION-NO><STORE-NAME>W Joondalup</STORE-NAME><NEW-STORE>N</NEW-STORE><ACTIVE-STORE>Y</ACTIVE-STORE><CLOSED-STORE>N</CLOSED-STORE><DC-TYPE>N</DC-TYPE><SRC-TYPE>N</SRC-TYPE><HO-TYPE>N</HO-TYPE></REC><REC><STORE-NO>183</STORE-NO><REGION-NO>20</REGION-NO><STORE-NAME>V Swan Hill</STORE-NAME><NEW-STORE>N</NEW-STORE><ACTIVE-STORE>Y</ACTIVE-STORE><CLOSED-STORE>N</CLOSED-STORE><DC-TYPE>N</DC-TYPE><SRC-TYPE>N</SRC-TYPE><HO-TYPE>N</HO-TYPE></REC><REC><STORE-NO>184</STORE-NO><REGION-NO>40</REGION-NO><STORE-NAME>Q Brisbane CBD</STORE-NAME><NEW-STORE>N</NEW-STORE><ACTIVE-STORE>Y</ACTIVE-STORE><CLOSED-STORE>N</CLOSED-STORE><DC-TYPE>N</DC-TYPE><SRC-TYPE>N</SRC-TYPE><HO-TYPE>N</HO-TYPE></REC><REC><STORE-NO>186</STORE-NO><REGION-NO>20</REGION-NO><STORE-NAME>B Narre Warren (Closed)</STORE-NAME><NEW-STORE>N</NEW-STORE><ACTIVE-STORE>Y</ACTIVE-STORE><CLOSED-STORE>N</CLOSED-STORE><DC-TYPE>N</DC-TYPE><SRC-TYPE>N</SRC-TYPE><HO-TYPE>N</HO-TYPE></REC><REC><STORE-NO>188</STORE-NO><REGION-NO>10</REGION-NO><STORE-NAME>N Macarthur Square</STORE-NAME><NEW-STORE>N</NEW-STORE><ACTIVE-STORE>Y</ACTIVE-STORE><CLOSED-STORE>N</CLOSED-STORE><DC-TYPE>N</DC-TYPE><SRC-TYPE>N</SRC-TYPE><HO-TYPE>N</HO-TYPE></REC><REC><STORE-NO>189</STORE-NO><REGION-NO>20</REGION-NO><STORE-NAME>B Northland Baby Target</STORE-NAME><NEW-STORE>N</NEW-STORE><ACTIVE-STORE>Y</ACTIVE-STORE><CLOSED-STORE>N</CLOSED-STORE><DC-TYPE>N</DC-TYPE><SRC-TYPE>N</SRC-TYPE><HO-TYPE>N</HO-TYPE></REC><REC><STORE-NO>191</STORE-NO><REGION-NO>50</REGION-NO><STORE-NAME>B Golden Grove</STORE-NAME><NEW-STORE>N</NEW-STORE><ACTIVE-STORE>Y</ACTIVE-STORE><CLOSED-STORE>N</CLOSED-STORE><DC-TYPE>N</DC-TYPE><SRC-TYPE>N</SRC-TYPE><HO-TYPE>N</HO-TYPE></REC><REC><STORE-NO>192</STORE-NO><REGION-NO>10</REGION-NO><STORE-NAME>N Wetherill Park</STORE-NAME><NEW-STORE>N</NEW-STORE><ACTIVE-STORE>Y</ACTIVE-STORE><CLOSED-STORE>N</CLOSED-STORE><DC-TYPE>N</DC-TYPE><SRC-TYPE>N</SRC-TYPE><HO-TYPE>N</HO-TYPE></REC><REC><STORE-NO>193</STORE-NO><REGION-NO>60</REGION-NO><STORE-NAME>W Kalgoorlie</STORE-NAME><NEW-STORE>N</NEW-STORE><ACTIVE-STORE>Y</ACTIVE-STORE><CLOSED-STORE>N</CLOSED-STORE><DC-TYPE>N</DC-TYPE><SRC-TYPE>N</SRC-TYPE><HO-TYPE>N</HO-TYPE></REC><REC><STORE-NO>194</STORE-NO><REGION-NO>50</REGION-NO><STORE-NAME>S Mildura</STORE-NAME><NEW-STORE>N</NEW-STORE><ACTIVE-STORE>Y</ACTIVE-STORE><CLOSED-STORE>N</CLOSED-STORE><DC-TYPE>N</DC-TYPE><SRC-TYPE>N</SRC-TYPE><HO-TYPE>N</HO-TYPE></REC><REC><STORE-NO>195</STORE-NO><REGION-NO>40</REGION-NO><STORE-NAME>Q Bribie Island</STORE-NAME><NEW-STORE>N</NEW-STORE><ACTIVE-STORE>Y</ACTIVE-STORE><CLOSED-STORE>N</CLOSED-STORE><DC-TYPE>N</DC-TYPE><SRC-TYPE>N</SRC-TYPE><HO-TYPE>N</HO-TYPE></REC><REC><STORE-NO>196</STORE-NO><REGION-NO>60</REGION-NO><STORE-NAME>W Meadow Springs</STORE-NAME><NEW-STORE>N</NEW-STORE><ACTIVE-STORE>Y</ACTIVE-STORE><CLOSED-STORE>N</CLOSED-STORE><DC-TYPE>N</DC-TYPE><SRC-TYPE>N</SRC-TYPE><HO-TYPE>N</HO-TYPE></REC><REC><STORE-NO>197</STORE-NO><REGION-NO>50</REGION-NO><STORE-NAME>S Unley</STORE-NAME><NEW-STORE>N</NEW-STORE><ACTIVE-STORE>Y</ACTIVE-STORE><CLOSED-STORE>N</CLOSED-STORE><DC-TYPE>N</DC-TYPE><SRC-TYPE>N</SRC-TYPE><HO-TYPE>N</HO-TYPE></REC></copybook>