<?xml version="1.0" encoding="UTF-8"?><copybook><DTAR192-Date-Control><DTAR192-Code>0</DTAR192-Code><DTAR192-Date>30528</DTAR192-Date><DTAR192-Days>512</DTAR192-Days></DTAR192-Date-Control><DTAR192-Date-Control><DTAR192-Code>1</DTAR192-Code><DTAR192-Date>30529</DTAR192-Date><DTAR192-Days>513</DTAR192-Days></DTAR192-Date-Control><DTAR192-Date-Control><DTAR192-Code>2</DTAR192-Code><DTAR192-Date>30530</DTAR192-Date><DTAR192-Days>514</DTAR192-Days></DTAR192-Date-Control><DTAR192-Date-Control><DTAR192-Code>3</DTAR192-Code><DTAR192-Date>30531</DTAR192-Date><DTAR192-Days>515</DTAR192-Days></DTAR192-Date-Control><DTAR192-Date-Control><DTAR192-Code>4</DTAR192-Code><DTAR192-Date>30601</DTAR192-Date><DTAR192-Days>516</DTAR192-Days></DTAR192-Date-Control><DTAR192-Date-Control><DTAR192-Code>5</DTAR192-Code><DTAR192-Date>30602</DTAR192-Date><DTAR192-Days>517</DTAR192-Days></DTAR192-Date-Control><DTAR192-Date-Control><DTAR192-Code>6</DTAR192-Code><DTAR192-Date>30603</DTAR192-Date><DTAR192-Days>518</DTAR192-Days></DTAR192-Date-Control><DTAR192-Date-Control><DTAR192-Code>7</DTAR192-Code><DTAR192-Date>30604</DTAR192-Date><DTAR192-Days>519</DTAR192-Days></DTAR192-Date-Control><DTAR192-Date-Control><DTAR192-Code>8</DTAR192-Code><DTAR192-Date>30605</DTAR192-Date><DTAR192-Days>520</DTAR192-Days></DTAR192-Date-Control><DTAR192-Date-Control><DTAR192-Code>9</DTAR192-Code><DTAR192-Date>30606</DTAR192-Date><DTAR192-Days>521</DTAR192-Days></DTAR192-Date-Control><DTAR192-Date-Control><DTAR192-Code>10</DTAR192-Code><DTAR192-Date>30607</DTAR192-Date><DTAR192-Days>522</DTAR192-Days></DTAR192-Date-Control><DTAR192-Date-Control><DTAR192-Code>11</DTAR192-Code><DTAR192-Date>30608</DTAR192-Date><DTAR192-Days>523</DTAR192-Days></DTAR192-Date-Control><DTAR192-Date-Control><DTAR192-Code>12</DTAR192-Code><DTAR192-Date>30609</DTAR192-Date><DTAR192-Days>524</DTAR192-Days></DTAR192-Date-Control><DTAR192-Date-Control><DTAR192-Code>13</DTAR192-Code><DTAR192-Date>30610</DTAR192-Date><DTAR192-Days>525</DTAR192-Days></DTAR192-Date-Control><DTAR192-Date-Control><DTAR192-Code>14</DTAR192-Code><DTAR192-Date>30611</DTAR192-Date><DTAR192-Days>526</DTAR192-Days></DTAR192-Date-Control><DTAR192-Date-Control><DTAR192-Code>15</DTAR192-Code><DTAR192-Date>30612</DTAR192-Date><DTAR192-Days>527</DTAR192-Days></DTAR192-Date-Control><DTAR192-Date-Control><DTAR192-Code>16</DTAR192-Code><DTAR192-Date>30613</DTAR192-Date><DTAR192-Days>528</DTAR192-Days></DTAR192-Date-Control><DTAR192-Date-Control><DTAR192-Code>17</DTAR192-Code><DTAR192-Date>30614</DTAR192-Date><DTAR192-Days>529</DTAR192-Days></DTAR192-Date-Control><DTAR192-Date-Control><DTAR192-Code>18</DTAR192-Code><DTAR192-Date>30615</DTAR192-Date><DTAR192-Days>530</DTAR192-Days></DTAR192-Date-Control><DTAR192-Date-Control><DTAR192-Code>19</DTAR192-Code><DTAR192-Date>30616</DTAR192-Date><DTAR192-Days>531</DTAR192-Days></DTAR192-Date-Control><DTAR192-Date-Control><DTAR192-Code>20</DTAR192-Code><DTAR192-Date>30617</DTAR192-Date><DTAR192-Days>532</DTAR192-Days></DTAR192-Date-Control><DTAR192-Date-Control><DTAR192-Code>21</DTAR192-Code><DTAR192-Date>30618</DTAR192-Date><DTAR192-Days>533</DTAR192-Days></DTAR192-Date-Control><DTAR192-Date-Control><DTAR192-Code>22</DTAR192-Code><DTAR192-Date>30619</DTAR192-Date><DTAR192-Days>534</DTAR192-Days></DTAR192-Date-Control><DTAR192-Date-Control><DTAR192-Code>23</DTAR192-Code><DTAR192-Date>30620</DTAR192-Date><DTAR192-Days>535</DTAR192-Days></DTAR192-Date-Control><DTAR192-Date-Control><DTAR192-Code>24</DTAR192-Code><DTAR192-Date>30621</DTAR192-Date><DTAR192-Days>536</DTAR192-Days></DTAR192-Date-Control><DTAR192-Date-Control><DTAR192-Code>25</DTAR192-Code><DTAR192-Date>30622</DTAR192-Date><DTAR192-Days>537</DTAR192-Days></DTAR192-Date-Control><DTAR192-Date-Control><DTAR192-Code>26</DTAR192-Code><DTAR192-Date>30623</DTAR192-Date><DTAR192-Days>538</DTAR192-Days></DTAR192-Date-Control><DTAR192-Date-Control><DTAR192-Code>27</DTAR192-Code><DTAR192-Date>30624</DTAR192-Date><DTAR192-Days>539</DTAR192-Days></DTAR192-Date-Control><DTAR192-Date-Control><DTAR192-Code>28</DTAR192-Code><DTAR192-Date>30625</DTAR192-Date><DTAR192-Days>540</DTAR192-Days></DTAR192-Date-Control><DTAR192-Date-Control><DTAR192-Code>29</DTAR192-Code><DTAR192-Date>30626</DTAR192-Date><DTAR192-Days>541</DTAR192-Days></DTAR192-Date-Control><DTAR192-Date-Control><DTAR192-Code>30</DTAR192-Code><DTAR192-Date>30627</DTAR192-Date><DTAR192-Days>542</DTAR192-Days></DTAR192-Date-Control><DTAR192-Date-Control><DTAR192-Code>31</DTAR192-Code><DTAR192-Date>30628</DTAR192-Date><DTAR192-Days>543</DTAR192-Days></DTAR192-Date-Control><DTAR192-Date-Control><DTAR192-Code>32</DTAR192-Code><DTAR192-Date>30629</DTAR192-Date><DTAR192-Days>544</DTAR192-Days></DTAR192-Date-Control><DTAR192-Date-Control><DTAR192-Code>33</DTAR192-Code><DTAR192-Date>30630</DTAR192-Date><DTAR192-Days>545</DTAR192-Days></DTAR192-Date-Control><DTAR192-Date-Control><DTAR192-Code>34</DTAR192-Code><DTAR192-Date>30701</DTAR192-Date><DTAR192-Days>546</DTAR192-Days></DTAR192-Date-Control><DTAR192-Date-Control><DTAR192-Code>35</DTAR192-Code><DTAR192-Date>30702</DTAR192-Date><DTAR192-Days>547</DTAR192-Days></DTAR192-Date-Control><DTAR192-Date-Control><DTAR192-Code>36</DTAR192-Code><DTAR192-Date>30703</DTAR192-Date><DTAR192-Days>548</DTAR192-Days></DTAR192-Date-Control><DTAR192-Date-Control><DTAR192-Code>37</DTAR192-Code><DTAR192-Date>30704</DTAR192-Date><DTAR192-Days>549</DTAR192-Days></DTAR192-Date-Control><DTAR192-Date-Control><DTAR192-Code>38</DTAR192-Code><DTAR192-Date>30705</DTAR192-Date><DTAR192-Days>550</DTAR192-Days></DTAR192-Date-Control><DTAR192-Date-Control><DTAR192-Code>39</DTAR192-Code><DTAR192-Date>30706</DTAR192-Date><DTAR192-Days>551</DTAR192-Days></DTAR192-Date-Control><DTAR192-Date-Control><DTAR192-Code>40</DTAR192-Code><DTAR192-Date>30707</DTAR192-Date><DTAR192-Days>552</DTAR192-Days></DTAR192-Date-Control><DTAR192-Date-Control><DTAR192-Code>41</DTAR192-Code><DTAR192-Date>30708</DTAR192-Date><DTAR192-Days>553</DTAR192-Days></DTAR192-Date-Control><DTAR192-Date-Control><DTAR192-Code>42</DTAR192-Code><DTAR192-Date>30709</DTAR192-Date><DTAR192-Days>554</DTAR192-Days></DTAR192-Date-Control><DTAR192-Date-Control><DTAR192-Code>43</DTAR192-Code><DTAR192-Date>30710</DTAR192-Date><DTAR192-Days>555</DTAR192-Days></DTAR192-Date-Control><DTAR192-Date-Control><DTAR192-Code>44</DTAR192-Code><DTAR192-Date>30711</DTAR192-Date><DTAR192-Days>556</DTAR192-Days></DTAR192-Date-Control><DTAR192-Date-Control><DTAR192-Code>45</DTAR192-Code><DTAR192-Date>30712</DTAR192-Date><DTAR192-Days>557</DTAR192-Days></DTAR192-Date-Control><DTAR192-Date-Control><DTAR192-Code>46</DTAR192-Code><DTAR192-Date>30713</DTAR192-Date><DTAR192-Days>558</DTAR192-Days></DTAR192-Date-Control><DTAR192-Date-Control><DTAR192-Code>47</DTAR192-Code><DTAR192-Date>30714</DTAR192-Date><DTAR192-Days>559</DTAR192-Days></DTAR192-Date-Control><DTAR192-Date-Control><DTAR192-Code>48</DTAR192-Code><DTAR192-Date>30715</DTAR192-Date><DTAR192-Days>560</DTAR192-Days></DTAR192-Date-Control><DTAR192-Date-Control><DTAR192-Code>49</DTAR192-Code><DTAR192-Date>30716</DTAR192-Date><DTAR192-Days>561</DTAR192-Days></DTAR192-Date-Control><DTAR192-Date-Control><DTAR192-Code>50</DTAR192-Code><DTAR192-Date>30717</DTAR192-Date><DTAR192-Days>562</DTAR192-Days></DTAR192-Date-Control><DTAR192-Date-Control><DTAR192-Code>51</DTAR192-Code><DTAR192-Date>30718</DTAR192-Date><DTAR192-Days>563</DTAR192-Days></DTAR192-Date-Control><DTAR192-Date-Control><DTAR192-Code>52</DTAR192-Code><DTAR192-Date>30719</DTAR192-Date><DTAR192-Days>564</DTAR192-Days></DTAR192-Date-Control><DTAR192-Date-Control><DTAR192-Code>53</DTAR192-Code><DTAR192-Date>30720</DTAR192-Date><DTAR192-Days>565</DTAR192-Days></DTAR192-Date-Control><DTAR192-Date-Control><DTAR192-Code>54</DTAR192-Code><DTAR192-Date>30721</DTAR192-Date><DTAR192-Days>566</DTAR192-Days></DTAR192-Date-Control><DTAR192-Date-Control><DTAR192-Code>55</DTAR192-Code><DTAR192-Date>30722</DTAR192-Date><DTAR192-Days>567</DTAR192-Days></DTAR192-Date-Control><DTAR192-Date-Control><DTAR192-Code>56</DTAR192-Code><DTAR192-Date>30723</DTAR192-Date><DTAR192-Days>568</DTAR192-Days></DTAR192-Date-Control><DTAR192-Date-Control><DTAR192-Code>57</DTAR192-Code><DTAR192-Date>30724</DTAR192-Date><DTAR192-Days>569</DTAR192-Days></DTAR192-Date-Control><DTAR192-Date-Control><DTAR192-Code>58</DTAR192-Code><DTAR192-Date>30725</DTAR192-Date><DTAR192-Days>570</DTAR192-Days></DTAR192-Date-Control><DTAR192-Date-Control><DTAR192-Code>59</DTAR192-Code><DTAR192-Date>30726</DTAR192-Date><DTAR192-Days>571</DTAR192-Days></DTAR192-Date-Control><DTAR192-Date-Control><DTAR192-Code>60</DTAR192-Code><DTAR192-Date>30727</DTAR192-Date><DTAR192-Days>572</DTAR192-Days></DTAR192-Date-Control><DTAR192-Date-Control><DTAR192-Code>61</DTAR192-Code><DTAR192-Date>30728</DTAR192-Date><DTAR192-Days>573</DTAR192-Days></DTAR192-Date-Control><DTAR192-Date-Control><DTAR192-Code>62</DTAR192-Code><DTAR192-Date>30729</DTAR192-Date><DTAR192-Days>574</DTAR192-Days></DTAR192-Date-Control><DTAR192-Date-Control><DTAR192-Code>63</DTAR192-Code><DTAR192-Date>30730</DTAR192-Date><DTAR192-Days>575</DTAR192-Days></DTAR192-Date-Control><DTAR192-Date-Control><DTAR192-Code>64</DTAR192-Code><DTAR192-Date>30731</DTAR192-Date><DTAR192-Days>576</DTAR192-Days></DTAR192-Date-Control><DTAR192-Date-Control><DTAR192-Code>65</DTAR192-Code><DTAR192-Date>30801</DTAR192-Date><DTAR192-Days>577</DTAR192-Days></DTAR192-Date-Control><DTAR192-Date-Control><DTAR192-Code>66</DTAR192-Code><DTAR192-Date>30802</DTAR192-Date><DTAR192-Days>578</DTAR192-Days></DTAR192-Date-Control><DTAR192-Date-Control><DTAR192-Code>67</DTAR192-Code><DTAR192-Date>30803</DTAR192-Date><DTAR192-Days>579</DTAR192-Days></DTAR192-Date-Control><DTAR192-Date-Control><DTAR192-Code>68</DTAR192-Code><DTAR192-Date>30804</DTAR192-Date><DTAR192-Days>580</DTAR192-Days></DTAR192-Date-Control><DTAR192-Date-Control><DTAR192-Code>69</DTAR192-Code><DTAR192-Date>30805</DTAR192-Date><DTAR192-Days>581</DTAR192-Days></DTAR192-Date-Control><DTAR192-Date-Control><DTAR192-Code>70</DTAR192-Code><DTAR192-Date>30806</DTAR192-Date><DTAR192-Days>582</DTAR192-Days></DTAR192-Date-Control><DTAR192-Date-Control><DTAR192-Code>71</DTAR192-Code><DTAR192-Date>30807</DTAR192-Date><DTAR192-Days>583</DTAR192-Days></DTAR192-Date-Control><DTAR192-Date-Control><DTAR192-Code>72</DTAR192-Code><DTAR192-Date>30808</DTAR192-Date><DTAR192-Days>584</DTAR192-Days></DTAR192-Date-Control><DTAR192-Date-Control><DTAR192-Code>73</DTAR192-Code><DTAR192-Date>30809</DTAR192-Date><DTAR192-Days>585</DTAR192-Days></DTAR192-Date-Control><DTAR192-Date-Control><DTAR192-Code>74</DTAR192-Code><DTAR192-Date>30810</DTAR192-Date><DTAR192-Days>586</DTAR192-Days></DTAR192-Date-Control><DTAR192-Date-Control><DTAR192-Code>75</DTAR192-Code><DTAR192-Date>30811</DTAR192-Date><DTAR192-Days>587</DTAR192-Days></DTAR192-Date-Control><DTAR192-Date-Control><DTAR192-Code>76</DTAR192-Code><DTAR192-Date>30812</DTAR192-Date><DTAR192-Days>588</DTAR192-Days></DTAR192-Date-Control><DTAR192-Date-Control><DTAR192-Code>77</DTAR192-Code><DTAR192-Date>30813</DTAR192-Date><DTAR192-Days>589</DTAR192-Days></DTAR192-Date-Control><DTAR192-Date-Control><DTAR192-Code>78</DTAR192-Code><DTAR192-Date>30814</DTAR192-Date><DTAR192-Days>590</DTAR192-Days></DTAR192-Date-Control><DTAR192-Date-Control><DTAR192-Code>79</DTAR192-Code><DTAR192-Date>30815</DTAR192-Date><DTAR192-Days>591</DTAR192-Days></DTAR192-Date-Control><DTAR192-Date-Control><DTAR192-Code>80</DTAR192-Code><DTAR192-Date>30816</DTAR192-Date><DTAR192-Days>592</DTAR192-Days></DTAR192-Date-Control><DTAR192-Date-Control><DTAR192-Code>81</DTAR192-Code><DTAR192-Date>30817</DTAR192-Date><DTAR192-Days>593</DTAR192-Days></DTAR192-Date-Control><DTAR192-Date-Control><DTAR192-Code>82</DTAR192-Code><DTAR192-Date>30818</DTAR192-Date><DTAR192-Days>594</DTAR192-Days></DTAR192-Date-Control><DTAR192-Date-Control><DTAR192-Code>83</DTAR192-Code><DTAR192-Date>30819</DTAR192-Date><DTAR192-Days>595</DTAR192-Days></DTAR192-Date-Control><DTAR192-Date-Control><DTAR192-Code>84</DTAR192-Code><DTAR192-Date>30820</DTAR192-Date><DTAR192-Days>596</DTAR192-Days></DTAR192-Date-Control><DTAR192-Date-Control><DTAR192-Code>85</DTAR192-Code><DTAR192-Date>30821</DTAR192-Date><DTAR192-Days>597</DTAR192-Days></DTAR192-Date-Control><DTAR192-Date-Control><DTAR192-Code>86</DTAR192-Code><DTAR192-Date>30822</DTAR192-Date><DTAR192-Days>598</DTAR192-Days></DTAR192-Date-Control><DTAR192-Date-Control><DTAR192-Code>87</DTAR192-Code><DTAR192-Date>30823</DTAR192-Date><DTAR192-Days>599</DTAR192-Days></DTAR192-Date-Control><DTAR192-Date-Control><DTAR192-Code>88</DTAR192-Code><DTAR192-Date>30824</DTAR192-Date><DTAR192-Days>600</DTAR192-Days></DTAR192-Date-Control><DTAR192-Date-Control><DTAR192-Code>89</DTAR192-Code><DTAR192-Date>30825</DTAR192-Date><DTAR192-Days>601</DTAR192-Days></DTAR192-Date-Control><DTAR192-Date-Control><DTAR192-Code>90</DTAR192-Code><DTAR192-Date>30826</DTAR192-Date><DTAR192-Days>602</DTAR192-Days></DTAR192-Date-Control><DTAR192-Date-Control><DTAR192-Code>91</DTAR192-Code><DTAR192-Date>30827</DTAR192-Date><DTAR192-Days>603</DTAR192-Days></DTAR192-Date-Control><DTAR192-Date-Control><DTAR192-Code>92</DTAR192-Code><DTAR192-Date>30828</DTAR192-Date><DTAR192-Days>604</DTAR192-Days></DTAR192-Date-Control><DTAR192-Date-Control><DTAR192-Code>93</DTAR192-Code><DTAR192-Date>30829</DTAR192-Date><DTAR192-Days>605</DTAR192-Days></DTAR192-Date-Control><DTAR192-Date-Control><DTAR192-Code>94</DTAR192-Code><DTAR192-Date>30830</DTAR192-Date><DTAR192-Days>606</DTAR192-Days></DTAR192-Date-Control><DTAR192-Date-Control><DTAR192-Code>95</DTAR192-Code><DTAR192-Date>30831</DTAR192-Date><DTAR192-Days>607</DTAR192-Days></DTAR192-Date-Control><DTAR192-Date-Control><DTAR192-Code>96</DTAR192-Code><DTAR192-Date>30901</DTAR192-Date><DTAR192-Days>608</DTAR192-Days></DTAR192-Date-Control><DTAR192-Date-Control><DTAR192-Code>97</DTAR192-Code><DTAR192-Date>30902</DTAR192-Date><DTAR192-Days>609</DTAR192-Days></DTAR192-Date-Control><DTAR192-Date-Control><DTAR192-Code>98</DTAR192-Code><DTAR192-Date>30903</DTAR192-Date><DTAR192-Days>610</DTAR192-Days></DTAR192-Date-Control><DTAR192-Date-Control><DTAR192-Code>99</DTAR192-Code><DTAR192-Date>30904</DTAR192-Date><DTAR192-Days>611</DTAR192-Days></DTAR192-Date-Control><DTAR192-Date-Control><DTAR192-Code>100</DTAR192-Code><DTAR192-Date>30905</DTAR192-Date><DTAR192-Days>612</DTAR192-Days></DTAR192-Date-Control><DTAR192-Date-Control><DTAR192-Code>101</DTAR192-Code><DTAR192-Date>30906</DTAR192-Date><DTAR192-Days>613</DTAR192-Days></DTAR192-Date-Control><DTAR192-Date-Control><DTAR192-Code>102</DTAR192-Code><DTAR192-Date>30907</DTAR192-Date><DTAR192-Days>614</DTAR192-Days></DTAR192-Date-Control><DTAR192-Date-Control><DTAR192-Code>103</DTAR192-Code><DTAR192-Date>30908</DTAR192-Date><DTAR192-Days>615</DTAR192-Days></DTAR192-Date-Control><DTAR192-Date-Control><DTAR192-Code>104</DTAR192-Code><DTAR192-Date>30909</DTAR192-Date><DTAR192-Days>616</DTAR192-Days></DTAR192-Date-Control><DTAR192-Date-Control><DTAR192-Code>105</DTAR192-Code><DTAR192-Date>30910</DTAR192-Date><DTAR192-Days>617</DTAR192-Days></DTAR192-Date-Control><DTAR192-Date-Control><DTAR192-Code>106</DTAR192-Code><DTAR192-Date>30911</DTAR192-Date><DTAR192-Days>618</DTAR192-Days></DTAR192-Date-Control><DTAR192-Date-Control><DTAR192-Code>107</DTAR192-Code><DTAR192-Date>30912</DTAR192-Date><DTAR192-Days>619</DTAR192-Days></DTAR192-Date-Control><DTAR192-Date-Control><DTAR192-Code>108</DTAR192-Code><DTAR192-Date>30913</DTAR192-Date><DTAR192-Days>620</DTAR192-Days></DTAR192-Date-Control><DTAR192-Date-Control><DTAR192-Code>109</DTAR192-Code><DTAR192-Date>30914</DTAR192-Date><DTAR192-Days>621</DTAR192-Days></DTAR192-Date-Control><DTAR192-Date-Control><DTAR192-Code>110</DTAR192-Code><DTAR192-Date>30915</DTAR192-Date><DTAR192-Days>622</DTAR192-Days></DTAR192-Date-Control><DTAR192-Date-Control><DTAR192-Code>111</DTAR192-Code><DTAR192-Date>30916</DTAR192-Date><DTAR192-Days>623</DTAR192-Days></DTAR192-Date-Control><DTAR192-Date-Control><DTAR192-Code>112</DTAR192-Code><DTAR192-Date>30917</DTAR192-Date><DTAR192-Days>624</DTAR192-Days></DTAR192-Date-Control><DTAR192-Date-Control><DTAR192-Code>113</DTAR192-Code><DTAR192-Date>30918</DTAR192-Date><DTAR192-Days>625</DTAR192-Days></DTAR192-Date-Control><DTAR192-Date-Control><DTAR192-Code>114</DTAR192-Code><DTAR192-Date>30919</DTAR192-Date><DTAR192-Days>626</DTAR192-Days></DTAR192-Date-Control><DTAR192-Date-Control><DTAR192-Code>115</DTAR192-Code><DTAR192-Date>30920</DTAR192-Date><DTAR192-Days>627</DTAR192-Days></DTAR192-Date-Control><DTAR192-Date-Control><DTAR192-Code>116</DTAR192-Code><DTAR192-Date>30921</DTAR192-Date><DTAR192-Days>628</DTAR192-Days></DTAR192-Date-Control><DTAR192-Date-Control><DTAR192-Code>117</DTAR192-Code><DTAR192-Date>30922</DTAR192-Date><DTAR192-Days>629</DTAR192-Days></DTAR192-Date-Control><DTAR192-Date-Control><DTAR192-Code>118</DTAR192-Code><DTAR192-Date>30923</DTAR192-Date><DTAR192-Days>630</DTAR192-Days></DTAR192-Date-Control><DTAR192-Date-Control><DTAR192-Code>119</DTAR192-Code><DTAR192-Date>30924</DTAR192-Date><DTAR192-Days>631</DTAR192-Days></DTAR192-Date-Control><DTAR192-Date-Control><DTAR192-Code>120</DTAR192-Code><DTAR192-Date>30925</DTAR192-Date><DTAR192-Days>632</DTAR192-Days></DTAR192-Date-Control><DTAR192-Date-Control><DTAR192-Code>121</DTAR192-Code><DTAR192-Date>30926</DTAR192-Date><DTAR192-Days>633</DTAR192-Days></DTAR192-Date-Control><DTAR192-Date-Control><DTAR192-Code>122</DTAR192-Code><DTAR192-Date>30927</DTAR192-Date><DTAR192-Days>634</DTAR192-Days></DTAR192-Date-Control><DTAR192-Date-Control><DTAR192-Code>123</DTAR192-Code><DTAR192-Date>30928</DTAR192-Date><DTAR192-Days>635</DTAR192-Days></DTAR192-Date-Control><DTAR192-Date-Control><DTAR192-Code>124</DTAR192-Code><DTAR192-Date>30929</DTAR192-Date><DTAR192-Days>636</DTAR192-Days></DTAR192-Date-Control><DTAR192-Date-Control><DTAR192-Code>125</DTAR192-Code><DTAR192-Date>30930</DTAR192-Date><DTAR192-Days>637</DTAR192-Days></DTAR192-Date-Control><DTAR192-Date-Control><DTAR192-Code>126</DTAR192-Code><DTAR192-Date>31001</DTAR192-Date><DTAR192-Days>638</DTAR192-Days></DTAR192-Date-Control><DTAR192-Date-Control><DTAR192-Code>127</DTAR192-Code><DTAR192-Date>31002</DTAR192-Date><DTAR192-Days>639</DTAR192-Days></DTAR192-Date-Control><DTAR192-Date-Control><DTAR192-Code>128</DTAR192-Code><DTAR192-Date>31003</DTAR192-Date><DTAR192-Days>640</DTAR192-Days></DTAR192-Date-Control><DTAR192-Date-Control><DTAR192-Code>129</DTAR192-Code><DTAR192-Date>31004</DTAR192-Date><DTAR192-Days>641</DTAR192-Days></DTAR192-Date-Control><DTAR192-Date-Control><DTAR192-Code>130</DTAR192-Code><DTAR192-Date>31005</DTAR192-Date><DTAR192-Days>642</DTAR192-Days></DTAR192-Date-Control><DTAR192-Date-Control><DTAR192-Code>131</DTAR192-Code><DTAR192-Date>31006</DTAR192-Date><DTAR192-Days>643</DTAR192-Days></DTAR192-Date-Control><DTAR192-Date-Control><DTAR192-Code>132</DTAR192-Code><DTAR192-Date>31007</DTAR192-Date><DTAR192-Days>644</DTAR192-Days></DTAR192-Date-Control><DTAR192-Date-Control><DTAR192-Code>133</DTAR192-Code><DTAR192-Date>31008</DTAR192-Date><DTAR192-Days>645</DTAR192-Days></DTAR192-Date-Control><DTAR192-Date-Control><DTAR192-Code>134</DTAR192-Code><DTAR192-Date>31009</DTAR192-Date><DTAR192-Days>646</DTAR192-Days></DTAR192-Date-Control><DTAR192-Date-Control><DTAR192-Code>135</DTAR192-Code><DTAR192-Date>31010</DTAR192-Date><DTAR192-Days>647</DTAR192-Days></DTAR192-Date-Control><DTAR192-Date-Control><DTAR192-Code>136</DTAR192-Code><DTAR192-Date>31011</DTAR192-Date><DTAR192-Days>648</DTAR192-Days></DTAR192-Date-Control><DTAR192-Date-Control><DTAR192-Code>137</DTAR192-Code><DTAR192-Date>31012</DTAR192-Date><DTAR192-Days>649</DTAR192-Days></DTAR192-Date-Control><DTAR192-Date-Control><DTAR192-Code>138</DTAR192-Code><DTAR192-Date>31013</DTAR192-Date><DTAR192-Days>650</DTAR192-Days></DTAR192-Date-Control><DTAR192-Date-Control><DTAR192-Code>139</DTAR192-Code><DTAR192-Date>31014</DTAR192-Date><DTAR192-Days>651</DTAR192-Days></DTAR192-Date-Control><DTAR192-Date-Control><DTAR192-Code>140</DTAR192-Code><DTAR192-Date>31015</DTAR192-Date><DTAR192-Days>652</DTAR192-Days></DTAR192-Date-Control><DTAR192-Date-Control><DTAR192-Code>141</DTAR192-Code><DTAR192-Date>31016</DTAR192-Date><DTAR192-Days>653</DTAR192-Days></DTAR192-Date-Control><DTAR192-Date-Control><DTAR192-Code>142</DTAR192-Code><DTAR192-Date>31017</DTAR192-Date><DTAR192-Days>654</DTAR192-Days></DTAR192-Date-Control><DTAR192-Date-Control><DTAR192-Code>143</DTAR192-Code><DTAR192-Date>31018</DTAR192-Date><DTAR192-Days>655</DTAR192-Days></DTAR192-Date-Control><DTAR192-Date-Control><DTAR192-Code>144</DTAR192-Code><DTAR192-Date>31019</DTAR192-Date><DTAR192-Days>656</DTAR192-Days></DTAR192-Date-Control><DTAR192-Date-Control><DTAR192-Code>145</DTAR192-Code><DTAR192-Date>31020</DTAR192-Date><DTAR192-Days>657</DTAR192-Days></DTAR192-Date-Control><DTAR192-Date-Control><DTAR192-Code>146</DTAR192-Code><DTAR192-Date>31021</DTAR192-Date><DTAR192-Days>658</DTAR192-Days></DTAR192-Date-Control><DTAR192-Date-Control><DTAR192-Code>147</DTAR192-Code><DTAR192-Date>31022</DTAR192-Date><DTAR192-Days>659</DTAR192-Days></DTAR192-Date-Control><DTAR192-Date-Control><DTAR192-Code>148</DTAR192-Code><DTAR192-Date>31023</DTAR192-Date><DTAR192-Days>660</DTAR192-Days></DTAR192-Date-Control><DTAR192-Date-Control><DTAR192-Code>149</DTAR192-Code><DTAR192-Date>31024</DTAR192-Date><DTAR192-Days>661</DTAR192-Days></DTAR192-Date-Control><DTAR192-Date-Control><DTAR192-Code>150</DTAR192-Code><DTAR192-Date>31025</DTAR192-Date><DTAR192-Days>662</DTAR192-Days></DTAR192-Date-Control><DTAR192-Date-Control><DTAR192-Code>151</DTAR192-Code><DTAR192-Date>31026</DTAR192-Date><DTAR192-Days>663</DTAR192-Days></DTAR192-Date-Control><DTAR192-Date-Control><DTAR192-Code>152</DTAR192-Code><DTAR192-Date>31027</DTAR192-Date><DTAR192-Days>664</DTAR192-Days></DTAR192-Date-Control><DTAR192-Date-Control><DTAR192-Code>153</DTAR192-Code><DTAR192-Date>31028</DTAR192-Date><DTAR192-Days>665</DTAR192-Days></DTAR192-Date-Control><DTAR192-Date-Control><DTAR192-Code>154</DTAR192-Code><DTAR192-Date>31029</DTAR192-Date><DTAR192-Days>666</DTAR192-Days></DTAR192-Date-Control><DTAR192-Date-Control><DTAR192-Code>155</DTAR192-Code><DTAR192-Date>31030</DTAR192-Date><DTAR192-Days>667</DTAR192-Days></DTAR192-Date-Control><DTAR192-Date-Control><DTAR192-Code>156</DTAR192-Code><DTAR192-Date>31031</DTAR192-Date><DTAR192-Days>668</DTAR192-Days></DTAR192-Date-Control><DTAR192-Date-Control><DTAR192-Code>157</DTAR192-Code><DTAR192-Date>31101</DTAR192-Date><DTAR192-Days>669</DTAR192-Days></DTAR192-Date-Control><DTAR192-Date-Control><DTAR192-Code>158</DTAR192-Code><DTAR192-Date>31102</DTAR192-Date><DTAR192-Days>670</DTAR192-Days></DTAR192-Date-Control><DTAR192-Date-Control><DTAR192-Code>159</DTAR192-Code><DTAR192-Date>31103</DTAR192-Date><DTAR192-Days>671</DTAR192-Days></DTAR192-Date-Control><DTAR192-Date-Control><DTAR192-Code>160</DTAR192-Code><DTAR192-Date>31104</DTAR192-Date><DTAR192-Days>672</DTAR192-Days></DTAR192-Date-Control><DTAR192-Date-Control><DTAR192-Code>161</DTAR192-Code><DTAR192-Date>31105</DTAR192-Date><DTAR192-Days>673</DTAR192-Days></DTAR192-Date-Control><DTAR192-Date-Control><DTAR192-Code>162</DTAR192-Code><DTAR192-Date>31106</DTAR192-Date><DTAR192-Days>674</DTAR192-Days></DTAR192-Date-Control><DTAR192-Date-Control><DTAR192-Code>163</DTAR192-Code><DTAR192-Date>31107</DTAR192-Date><DTAR192-Days>675</DTAR192-Days></DTAR192-Date-Control><DTAR192-Date-Control><DTAR192-Code>164</DTAR192-Code><DTAR192-Date>31108</DTAR192-Date><DTAR192-Days>676</DTAR192-Days></DTAR192-Date-Control><DTAR192-Date-Control><DTAR192-Code>165</DTAR192-Code><DTAR192-Date>31109</DTAR192-Date><DTAR192-Days>677</DTAR192-Days></DTAR192-Date-Control><DTAR192-Date-Control><DTAR192-Code>166</DTAR192-Code><DTAR192-Date>31110</DTAR192-Date><DTAR192-Days>678</DTAR192-Days></DTAR192-Date-Control><DTAR192-Date-Control><DTAR192-Code>167</DTAR192-Code><DTAR192-Date>31111</DTAR192-Date><DTAR192-Days>679</DTAR192-Days></DTAR192-Date-Control><DTAR192-Date-Control><DTAR192-Code>168</DTAR192-Code><DTAR192-Date>31112</DTAR192-Date><DTAR192-Days>680</DTAR192-Days></DTAR192-Date-Control><DTAR192-Date-Control><DTAR192-Code>169</DTAR192-Code><DTAR192-Date>31113</DTAR192-Date><DTAR192-Days>681</DTAR192-Days></DTAR192-Date-Control><DTAR192-Date-Control><DTAR192-Code>170</DTAR192-Code><DTAR192-Date>31114</DTAR192-Date><DTAR192-Days>682</DTAR192-Days></DTAR192-Date-Control><DTAR192-Date-Control><DTAR192-Code>171</DTAR192-Code><DTAR192-Date>31115</DTAR192-Date><DTAR192-Days>683</DTAR192-Days></DTAR192-Date-Control><DTAR192-Date-Control><DTAR192-Code>172</DTAR192-Code><DTAR192-Date>31116</DTAR192-Date><DTAR192-Days>684</DTAR192-Days></DTAR192-Date-Control><DTAR192-Date-Control><DTAR192-Code>173</DTAR192-Code><DTAR192-Date>31117</DTAR192-Date><DTAR192-Days>685</DTAR192-Days></DTAR192-Date-Control><DTAR192-Date-Control><DTAR192-Code>174</DTAR192-Code><DTAR192-Date>31118</DTAR192-Date><DTAR192-Days>686</DTAR192-Days></DTAR192-Date-Control><DTAR192-Date-Control><DTAR192-Code>175</DTAR192-Code><DTAR192-Date>31119</DTAR192-Date><DTAR192-Days>687</DTAR192-Days></DTAR192-Date-Control><DTAR192-Date-Control><DTAR192-Code>176</DTAR192-Code><DTAR192-Date>31120</DTAR192-Date><DTAR192-Days>688</DTAR192-Days></DTAR192-Date-Control><DTAR192-Date-Control><DTAR192-Code>177</DTAR192-Code><DTAR192-Date>31121</DTAR192-Date><DTAR192-Days>689</DTAR192-Days></DTAR192-Date-Control><DTAR192-Date-Control><DTAR192-Code>178</DTAR192-Code><DTAR192-Date>31122</DTAR192-Date><DTAR192-Days>690</DTAR192-Days></DTAR192-Date-Control><DTAR192-Date-Control><DTAR192-Code>179</DTAR192-Code><DTAR192-Date>31123</DTAR192-Date><DTAR192-Days>691</DTAR192-Days></DTAR192-Date-Control><DTAR192-Date-Control><DTAR192-Code>180</DTAR192-Code><DTAR192-Date>31124</DTAR192-Date><DTAR192-Days>692</DTAR192-Days></DTAR192-Date-Control><DTAR192-Date-Control><DTAR192-Code>181</DTAR192-Code><DTAR192-Date>31125</DTAR192-Date><DTAR192-Days>693</DTAR192-Days></DTAR192-Date-Control><DTAR192-Date-Control><DTAR192-Code>182</DTAR192-Code><DTAR192-Date>31126</DTAR192-Date><DTAR192-Days>694</DTAR192-Days></DTAR192-Date-Control><DTAR192-Date-Control><DTAR192-Code>183</DTAR192-Code><DTAR192-Date>31127</DTAR192-Date><DTAR192-Days>695</DTAR192-Days></DTAR192-Date-Control><DTAR192-Date-Control><DTAR192-Code>184</DTAR192-Code><DTAR192-Date>31128</DTAR192-Date><DTAR192-Days>696</DTAR192-Days></DTAR192-Date-Control><DTAR192-Date-Control><DTAR192-Code>185</DTAR192-Code><DTAR192-Date>31129</DTAR192-Date><DTAR192-Days>697</DTAR192-Days></DTAR192-Date-Control><DTAR192-Date-Control><DTAR192-Code>186</DTAR192-Code><DTAR192-Date>31130</DTAR192-Date><DTAR192-Days>698</DTAR192-Days></DTAR192-Date-Control><DTAR192-Date-Control><DTAR192-Code>187</DTAR192-Code><DTAR192-Date>31201</DTAR192-Date><DTAR192-Days>699</DTAR192-Days></DTAR192-Date-Control><DTAR192-Date-Control><DTAR192-Code>188</DTAR192-Code><DTAR192-Date>31202</DTAR192-Date><DTAR192-Days>700</DTAR192-Days></DTAR192-Date-Control><DTAR192-Date-Control><DTAR192-Code>189</DTAR192-Code><DTAR192-Date>31203</DTAR192-Date><DTAR192-Days>701</DTAR192-Days></DTAR192-Date-Control><DTAR192-Date-Control><DTAR192-Code>190</DTAR192-Code><DTAR192-Date>31204</DTAR192-Date><DTAR192-Days>702</DTAR192-Days></DTAR192-Date-Control><DTAR192-Date-Control><DTAR192-Code>191</DTAR192-Code><DTAR192-Date>31205</DTAR192-Date><DTAR192-Days>703</DTAR192-Days></DTAR192-Date-Control><DTAR192-Date-Control><DTAR192-Code>192</DTAR192-Code><DTAR192-Date>31206</DTAR192-Date><DTAR192-Days>704</DTAR192-Days></DTAR192-Date-Control><DTAR192-Date-Control><DTAR192-Code>193</DTAR192-Code><DTAR192-Date>31207</DTAR192-Date><DTAR192-Days>705</DTAR192-Days></DTAR192-Date-Control><DTAR192-Date-Control><DTAR192-Code>194</DTAR192-Code><DTAR192-Date>31208</DTAR192-Date><DTAR192-Days>706</DTAR192-Days></DTAR192-Date-Control><DTAR192-Date-Control><DTAR192-Code>195</DTAR192-Code><DTAR192-Date>31209</DTAR192-Date><DTAR192-Days>707</DTAR192-Days></DTAR192-Date-Control><DTAR192-Date-Control><DTAR192-Code>196</DTAR192-Code><DTAR192-Date>31210</DTAR192-Date><DTAR192-Days>708</DTAR192-Days></DTAR192-Date-Control><DTAR192-Date-Control><DTAR192-Code>197</DTAR192-Code><DTAR192-Date>31211</DTAR192-Date><DTAR192-Days>709</DTAR192-Days></DTAR192-Date-Control><DTAR192-Date-Control><DTAR192-Code>198</DTAR192-Code><DTAR192-Date>31212</DTAR192-Date><DTAR192-Days>710</DTAR192-Days></DTAR192-Date-Control><DTAR192-Date-Control><DTAR192-Code>199</DTAR192-Code><DTAR192-Date>31213</DTAR192-Date><DTAR192-Days>711</DTAR192-Days></DTAR192-Date-Control><DTAR192-Date-Control><DTAR192-Code>200</DTAR192-Code><DTAR192-Date>31214</DTAR192-Date><DTAR192-Days>712</DTAR192-Days></DTAR192-Date-Control><DTAR192-Date-Control><DTAR192-Code>201</DTAR192-Code><DTAR192-Date>30403</DTAR192-Date><DTAR192-Days>457</DTAR192-Days></DTAR192-Date-Control><DTAR192-Date-Control><DTAR192-Code>202</DTAR192-Code><DTAR192-Date>30404</DTAR192-Date><DTAR192-Days>458</DTAR192-Days></DTAR192-Date-Control><DTAR192-Date-Control><DTAR192-Code>203</DTAR192-Code><DTAR192-Date>30405</DTAR192-Date><DTAR192-Days>459</DTAR192-Days></DTAR192-Date-Control><DTAR192-Date-Control><DTAR192-Code>204</DTAR192-Code><DTAR192-Date>30406</DTAR192-Date><DTAR192-Days>460</DTAR192-Days></DTAR192-Date-Control><DTAR192-Date-Control><DTAR192-Code>205</DTAR192-Code><DTAR192-Date>30407</DTAR192-Date><DTAR192-Days>461</DTAR192-Days></DTAR192-Date-Control><DTAR192-Date-Control><DTAR192-Code>206</DTAR192-Code><DTAR192-Date>30408</DTAR192-Date><DTAR192-Days>462</DTAR192-Days></DTAR192-Date-Control><DTAR192-Date-Control><DTAR192-Code>207</DTAR192-Code><DTAR192-Date>30409</DTAR192-Date><DTAR192-Days>463</DTAR192-Days></DTAR192-Date-Control><DTAR192-Date-Control><DTAR192-Code>208</DTAR192-Code><DTAR192-Date>30410</DTAR192-Date><DTAR192-Days>464</DTAR192-Days></DTAR192-Date-Control><DTAR192-Date-Control><DTAR192-Code>209</DTAR192-Code><DTAR192-Date>30411</DTAR192-Date><DTAR192-Days>465</DTAR192-Days></DTAR192-Date-Control><DTAR192-Date-Control><DTAR192-Code>210</DTAR192-Code><DTAR192-Date>30412</DTAR192-Date><DTAR192-Days>466</DTAR192-Days></DTAR192-Date-Control><DTAR192-Date-Control><DTAR192-Code>211</DTAR192-Code><DTAR192-Date>30413</DTAR192-Date><DTAR192-Days>467</DTAR192-Days></DTAR192-Date-Control><DTAR192-Date-Control><DTAR192-Code>212</DTAR192-Code><DTAR192-Date>30414</DTAR192-Date><DTAR192-Days>468</DTAR192-Days></DTAR192-Date-Control><DTAR192-Date-Control><DTAR192-Code>213</DTAR192-Code><DTAR192-Date>30415</DTAR192-Date><DTAR192-Days>469</DTAR192-Days></DTAR192-Date-Control><DTAR192-Date-Control><DTAR192-Code>214</DTAR192-Code><DTAR192-Date>30416</DTAR192-Date><DTAR192-Days>470</DTAR192-Days></DTAR192-Date-Control><DTAR192-Date-Control><DTAR192-Code>215</DTAR192-Code><DTAR192-Date>30417</DTAR192-Date><DTAR192-Days>471</DTAR192-Days></DTAR192-Date-Control><DTAR192-Date-Control><DTAR192-Code>217</DTAR192-Code><DTAR192-Date>30419</DTAR192-Date><DTAR192-Days>473</DTAR192-Days></DTAR192-Date-Control><DTAR192-Date-Control><DTAR192-Code>218</DTAR192-Code><DTAR192-Date>30420</DTAR192-Date><DTAR192-Days>474</DTAR192-Days></DTAR192-Date-Control><DTAR192-Date-Control><DTAR192-Code>219</DTAR192-Code><DTAR192-Date>30421</DTAR192-Date><DTAR192-Days>475</DTAR192-Days></DTAR192-Date-Control><DTAR192-Date-Control><DTAR192-Code>220</DTAR192-Code><DTAR192-Date>30422</DTAR192-Date><DTAR192-Days>476</DTAR192-Days></DTAR192-Date-Control><DTAR192-Date-Control><DTAR192-Code>221</DTAR192-Code><DTAR192-Date>30423</DTAR192-Date><DTAR192-Days>477</DTAR192-Days></DTAR192-Date-Control><DTAR192-Date-Control><DTAR192-Code>222</DTAR192-Code><DTAR192-Date>30424</DTAR192-Date><DTAR192-Days>478</DTAR192-Days></DTAR192-Date-Control><DTAR192-Date-Control><DTAR192-Code>223</DTAR192-Code><DTAR192-Date>30425</DTAR192-Date><DTAR192-Days>479</DTAR192-Days></DTAR192-Date-Control><DTAR192-Date-Control><DTAR192-Code>224</DTAR192-Code><DTAR192-Date>30426</DTAR192-Date><DTAR192-Days>480</DTAR192-Days></DTAR192-Date-Control><DTAR192-Date-Control><DTAR192-Code>225</DTAR192-Code><DTAR192-Date>30427</DTAR192-Date><DTAR192-Days>481</DTAR192-Days></DTAR192-Date-Control><DTAR192-Date-Control><DTAR192-Code>226</DTAR192-Code><DTAR192-Date>30428</DTAR192-Date><DTAR192-Days>482</DTAR192-Days></DTAR192-Date-Control><DTAR192-Date-Control><DTAR192-Code>227</DTAR192-Code><DTAR192-Date>30429</DTAR192-Date><DTAR192-Days>483</DTAR192-Days></DTAR192-Date-Control><DTAR192-Date-Control><DTAR192-Code>228</DTAR192-Code><DTAR192-Date>30430</DTAR192-Date><DTAR192-Days>484</DTAR192-Days></DTAR192-Date-Control><DTAR192-Date-Control><DTAR192-Code>229</DTAR192-Code><DTAR192-Date>30501</DTAR192-Date><DTAR192-Days>485</DTAR192-Days></DTAR192-Date-Control><DTAR192-Date-Control><DTAR192-Code>230</DTAR192-Code><DTAR192-Date>30502</DTAR192-Date><DTAR192-Days>486</DTAR192-Days></DTAR192-Date-Control><DTAR192-Date-Control><DTAR192-Code>231</DTAR192-Code><DTAR192-Date>30503</DTAR192-Date><DTAR192-Days>487</DTAR192-Days></DTAR192-Date-Control><DTAR192-Date-Control><DTAR192-Code>232</DTAR192-Code><DTAR192-Date>30504</DTAR192-Date><DTAR192-Days>488</DTAR192-Days></DTAR192-Date-Control><DTAR192-Date-Control><DTAR192-Code>233</DTAR192-Code><DTAR192-Date>30505</DTAR192-Date><DTAR192-Days>489</DTAR192-Days></DTAR192-Date-Control><DTAR192-Date-Control><DTAR192-Code>234</DTAR192-Code><DTAR192-Date>30506</DTAR192-Date><DTAR192-Days>490</DTAR192-Days></DTAR192-Date-Control><DTAR192-Date-Control><DTAR192-Code>235</DTAR192-Code><DTAR192-Date>30507</DTAR192-Date><DTAR192-Days>491</DTAR192-Days></DTAR192-Date-Control><DTAR192-Date-Control><DTAR192-Code>236</DTAR192-Code><DTAR192-Date>30508</DTAR192-Date><DTAR192-Days>492</DTAR192-Days></DTAR192-Date-Control><DTAR192-Date-Control><DTAR192-Code>237</DTAR192-Code><DTAR192-Date>30509</DTAR192-Date><DTAR192-Days>493</DTAR192-Days></DTAR192-Date-Control><DTAR192-Date-Control><DTAR192-Code>238</DTAR192-Code><DTAR192-Date>30510</DTAR192-Date><DTAR192-Days>494</DTAR192-Days></DTAR192-Date-Control><DTAR192-Date-Control><DTAR192-Code>239</DTAR192-Code><DTAR192-Date>30511</DTAR192-Date><DTAR192-Days>495</DTAR192-Days></DTAR192-Date-Control><DTAR192-Date-Control><DTAR192-Code>240</DTAR192-Code><DTAR192-Date>30512</DTAR192-Date><DTAR192-Days>496</DTAR192-Days></DTAR192-Date-Control><DTAR192-Date-Control><DTAR192-Code>241</DTAR192-Code><DTAR192-Date>30513</DTAR192-Date><DTAR192-Days>497</DTAR192-Days></DTAR192-Date-Control><DTAR192-Date-Control><DTAR192-Code>242</DTAR192-Code><DTAR192-Date>30514</DTAR192-Date><DTAR192-Days>498</DTAR192-Days></DTAR192-Date-Control><DTAR192-Date-Control><DTAR192-Code>243</DTAR192-Code><DTAR192-Date>30515</DTAR192-Date><DTAR192-Days>499</DTAR192-Days></DTAR192-Date-Control><DTAR192-Date-Control><DTAR192-Code>244</DTAR192-Code><DTAR192-Date>30516</DTAR192-Date><DTAR192-Days>500</DTAR192-Days></DTAR192-Date-Control><DTAR192-Date-Control><DTAR192-Code>245</DTAR192-Code><DTAR192-Date>30517</DTAR192-Date><DTAR192-Days>501</DTAR192-Days></DTAR192-Date-Control><DTAR192-Date-Control><DTAR192-Code>246</DTAR192-Code><DTAR192-Date>30518</DTAR192-Date><DTAR192-Days>502</DTAR192-Days></DTAR192-Date-Control><DTAR192-Date-Control><DTAR192-Code>247</DTAR192-Code><DTAR192-Date>30519</DTAR192-Date><DTAR192-Days>503</DTAR192-Days></DTAR192-Date-Control><DTAR192-Date-Control><DTAR192-Code>248</DTAR192-Code><DTAR192-Date>30520</DTAR192-Date><DTAR192-Days>504</DTAR192-Days></DTAR192-Date-Control><DTAR192-Date-Control><DTAR192-Code>249</DTAR192-Code><DTAR192-Date>30521</DTAR192-Date><DTAR192-Days>505</DTAR192-Days></DTAR192-Date-Control><DTAR192-Date-Control><DTAR192-Code>250</DTAR192-Code><DTAR192-Date>30522</DTAR192-Date><DTAR192-Days>506</DTAR192-Days></DTAR192-Date-Control><DTAR192-Date-Control><DTAR192-Code>251</DTAR192-Code><DTAR192-Date>30523</DTAR192-Date><DTAR192-Days>507</DTAR192-Days></DTAR192-Date-Control><DTAR192-Date-Control><DTAR192-Code>252</DTAR192-Code><DTAR192-Date>30524</DTAR192-Date><DTAR192-Days>508</DTAR192-Days></DTAR192-Date-Control><DTAR192-Date-Control><DTAR192-Code>253</DTAR192-Code><DTAR192-Date>30525</DTAR192-Date><DTAR192-Days>509</DTAR192-Days></DTAR192-Date-Control><DTAR192-Date-Control><DTAR192-Code>254</DTAR192-Code><DTAR192-Date>30526</DTAR192-Date><DTAR192-Days>510</DTAR192-Days></DTAR192-Date-Control><DTAR192-Date-Control><DTAR192-Code>255</DTAR192-Code><DTAR192-Date>30527</DTAR192-Date><DTAR192-Days>511</DTAR192-Days></DTAR192-Date-Control></copybook>