<?xml version="1.0" encoding="UTF-8"?><copybook><Line><DTAR107-STORE-NO>37</DTAR107-STORE-NO><DTAR107-STORE-NO-REDEF></DTAR107-STORE-NO-REDEF><DTAR107-TRANS-DATE>50324</DTAR107-TRANS-DATE><DTAR107-CUST-NO>4</DTAR107-CUST-NO><DTAR107-AMOUNT>11.95</DTAR107-AMOUNT><DTAR107-OPERATOR-NO>4001</DTAR107-OPERATOR-NO><DTAR107-TERMINAL-NO>71</DTAR107-TERMINAL-NO><DTAR107-TIME>1449</DTAR107-TIME><DTAR107-TRANS-NO>6288</DTAR107-TRANS-NO><DTAR107-TRANS-TYPE>1</DTAR107-TRANS-TYPE><DTAR107-TRANS-CODE>10</DTAR107-TRANS-CODE><DTAR107-STD-POINTS>0</DTAR107-STD-POINTS><DTAR107-BONUS-POINTS>0</DTAR107-BONUS-POINTS><DTAR107-NO-OF-TXNS>1</DTAR107-NO-OF-TXNS></Line><Line><DTAR107-STORE-NO>37</DTAR107-STORE-NO><DTAR107-STORE-NO-REDEF></DTAR107-STORE-NO-REDEF><DTAR107-TRANS-DATE>50324</DTAR107-TRANS-DATE><DTAR107-CUST-NO>3</DTAR107-CUST-NO><DTAR107-AMOUNT>9.50</DTAR107-AMOUNT><DTAR107-OPERATOR-NO>4001</DTAR107-OPERATOR-NO><DTAR107-TERMINAL-NO>71</DTAR107-TERMINAL-NO><DTAR107-TIME>1450</DTAR107-TIME><DTAR107-TRANS-NO>6289</DTAR107-TRANS-NO><DTAR107-TRANS-TYPE>1</DTAR107-TRANS-TYPE><DTAR107-TRANS-CODE>10</DTAR107-TRANS-CODE><DTAR107-STD-POINTS>0</DTAR107-STD-POINTS><DTAR107-BONUS-POINTS>0</DTAR107-BONUS-POINTS><DTAR107-NO-OF-TXNS>1</DTAR107-NO-OF-TXNS></Line><Line><DTAR107-STORE-NO>37</DTAR107-STORE-NO><DTAR107-STORE-NO-REDEF></DTAR107-STORE-NO-REDEF><DTAR107-TRANS-DATE>50324</DTAR107-TRANS-DATE><DTAR107-CUST-NO>1</DTAR107-CUST-NO><DTAR107-AMOUNT>18.99</DTAR107-AMOUNT><DTAR107-OPERATOR-NO>4001</DTAR107-OPERATOR-NO><DTAR107-TERMINAL-NO>71</DTAR107-TERMINAL-NO><DTAR107-TIME>1450</DTAR107-TIME><DTAR107-TRANS-NO>6294</DTAR107-TRANS-NO><DTAR107-TRANS-TYPE>3</DTAR107-TRANS-TYPE><DTAR107-TRANS-CODE>10</DTAR107-TRANS-CODE><DTAR107-STD-POINTS>0</DTAR107-STD-POINTS><DTAR107-BONUS-POINTS>0</DTAR107-BONUS-POINTS><DTAR107-NO-OF-TXNS>1</DTAR107-NO-OF-TXNS></Line><Line><DTAR107-STORE-NO>37</DTAR107-STORE-NO><DTAR107-STORE-NO-REDEF></DTAR107-STORE-NO-REDEF><DTAR107-TRANS-DATE>50324</DTAR107-TRANS-DATE><DTAR107-CUST-NO>5</DTAR107-CUST-NO><DTAR107-AMOUNT>34.00</DTAR107-AMOUNT><DTAR107-OPERATOR-NO>4001</DTAR107-OPERATOR-NO><DTAR107-TERMINAL-NO>71</DTAR107-TERMINAL-NO><DTAR107-TIME>1451</DTAR107-TIME><DTAR107-TRANS-NO>6295</DTAR107-TRANS-NO><DTAR107-TRANS-TYPE>3</DTAR107-TRANS-TYPE><DTAR107-TRANS-CODE>10</DTAR107-TRANS-CODE><DTAR107-STD-POINTS>0</DTAR107-STD-POINTS><DTAR107-BONUS-POINTS>0</DTAR107-BONUS-POINTS><DTAR107-NO-OF-TXNS>1</DTAR107-NO-OF-TXNS></Line><Line><DTAR107-STORE-NO>37</DTAR107-STORE-NO><DTAR107-STORE-NO-REDEF></DTAR107-STORE-NO-REDEF><DTAR107-TRANS-DATE>50324</DTAR107-TRANS-DATE><DTAR107-CUST-NO>5</DTAR107-CUST-NO><DTAR107-AMOUNT>24.46</DTAR107-AMOUNT><DTAR107-OPERATOR-NO>4001</DTAR107-OPERATOR-NO><DTAR107-TERMINAL-NO>71</DTAR107-TERMINAL-NO><DTAR107-TIME>1452</DTAR107-TIME><DTAR107-TRANS-NO>6296</DTAR107-TRANS-NO><DTAR107-TRANS-TYPE>3</DTAR107-TRANS-TYPE><DTAR107-TRANS-CODE>10</DTAR107-TRANS-CODE><DTAR107-STD-POINTS>0</DTAR107-STD-POINTS><DTAR107-BONUS-POINTS>0</DTAR107-BONUS-POINTS><DTAR107-NO-OF-TXNS>1</DTAR107-NO-OF-TXNS></Line><Line><DTAR107-STORE-NO>37</DTAR107-STORE-NO><DTAR107-STORE-NO-REDEF></DTAR107-STORE-NO-REDEF><DTAR107-TRANS-DATE>50324</DTAR107-TRANS-DATE><DTAR107-CUST-NO>4</DTAR107-CUST-NO><DTAR107-AMOUNT>-1000.00</DTAR107-AMOUNT><DTAR107-OPERATOR-NO>4001</DTAR107-OPERATOR-NO><DTAR107-TERMINAL-NO>71</DTAR107-TERMINAL-NO><DTAR107-TIME>1448</DTAR107-TIME><DTAR107-TRANS-NO>6286</DTAR107-TRANS-NO><DTAR107-TRANS-TYPE>2</DTAR107-TRANS-TYPE><DTAR107-TRANS-CODE>20</DTAR107-TRANS-CODE><DTAR107-STD-POINTS>0</DTAR107-STD-POINTS><DTAR107-BONUS-POINTS>0</DTAR107-BONUS-POINTS><DTAR107-NO-OF-TXNS>1</DTAR107-NO-OF-TXNS></Line></copybook>