<?xml version="1.0" encoding="UTF-8"?><CobolData><Header-Record><Field-1>1001</Field-1></Header-Record><Detail-Record><Field-2>1002</Field-2><Field-3>1003</Field-3></Detail-Record><Detail-Record><Field-2>2002</Field-2><Field-3>2003</Field-3></Detail-Record><Detail-Record><Field-2>3002</Field-2><Field-3>3003</Field-3></Detail-Record><Detail-Record><Field-2>4002</Field-2><Field-3>4003</Field-3></Detail-Record><Detail-Record><Field-2>5002</Field-2><Field-3>5003</Field-3></Detail-Record><Detail-Record><Field-2>6002</Field-2><Field-3>6003</Field-3></Detail-Record><Detail-Record><Field-2>7002</Field-2><Field-3>7003</Field-3></Detail-Record><Detail-Record><Field-2>8002</Field-2><Field-3>8003</Field-3></Detail-Record><Detail-Record><Field-2>9002</Field-2><Field-3>9003</Field-3></Detail-Record><Detail-Record><Field-2>10002</Field-2><Field-3>10003</Field-3></Detail-Record><Detail-Record><Field-2>11002</Field-2><Field-3>11003</Field-3></Detail-Record><Detail-Record><Field-2>12002</Field-2><Field-3>12003</Field-3></Detail-Record><Detail-Record><Field-2>13002</Field-2><Field-3>13003</Field-3></Detail-Record><Detail-Record><Field-2>14002</Field-2><Field-3>14003</Field-3></Detail-Record><Detail-Record><Field-2>15002</Field-2><Field-3>15003</Field-3></Detail-Record><Detail-Record><Field-2>16002</Field-2><Field-3>16003</Field-3></Detail-Record><Detail-Record><Field-2>17002</Field-2><Field-3>17003</Field-3></Detail-Record><Detail-Record><Field-2>18002</Field-2><Field-3>18003</Field-3></Detail-Record><Detail-Record><Field-2>19002</Field-2><Field-3>19003</Field-3></Detail-Record><Detail-Record><Field-2>20002</Field-2><Field-3>20003</Field-3></Detail-Record><Detail-Record><Field-2>21002</Field-2><Field-3>21003</Field-3></Detail-Record><Detail-Record><Field-2>22002</Field-2><Field-3>22003</Field-3></Detail-Record><Detail-Record><Field-2>23002</Field-2><Field-3>23003</Field-3></Detail-Record><Detail-Record><Field-2>24002</Field-2><Field-3>24003</Field-3></Detail-Record><Detail-Record><Field-2>25002</Field-2><Field-3>25003</Field-3></Detail-Record><Detail-Record><Field-2>26002</Field-2><Field-3>26003</Field-3></Detail-Record><Detail-Record><Field-2>27002</Field-2><Field-3>27003</Field-3></Detail-Record><Detail-Record><Field-2>28002</Field-2><Field-3>28003</Field-3></Detail-Record><Detail-Record><Field-2>29002</Field-2><Field-3>29003</Field-3></Detail-Record><Detail-Record><Field-2>30002</Field-2><Field-3>30003</Field-3></Detail-Record><Detail-Record><Field-2>31002</Field-2><Field-3>31003</Field-3></Detail-Record><Detail-Record><Field-2>32002</Field-2><Field-3>32003</Field-3></Detail-Record><Detail-Record><Field-2>33002</Field-2><Field-3>33003</Field-3></Detail-Record><Detail-Record><Field-2>34002</Field-2><Field-3>34003</Field-3></Detail-Record><Detail-Record><Field-2>35002</Field-2><Field-3>35003</Field-3></Detail-Record><Detail-Record><Field-2>36002</Field-2><Field-3>36003</Field-3></Detail-Record><Detail-Record><Field-2>37002</Field-2><Field-3>37003</Field-3></Detail-Record><Detail-Record><Field-2>38002</Field-2><Field-3>38003</Field-3></Detail-Record><Detail-Record><Field-2>39002</Field-2><Field-3>39003</Field-3></Detail-Record><Detail-Record><Field-2>40002</Field-2><Field-3>40003</Field-3></Detail-Record><Detail-Record><Field-2>41002</Field-2><Field-3>41003</Field-3></Detail-Record><Detail-Record><Field-2>42002</Field-2><Field-3>42003</Field-3></Detail-Record><Detail-Record><Field-2>43002</Field-2><Field-3>43003</Field-3></Detail-Record><Detail-Record><Field-2>44002</Field-2><Field-3>44003</Field-3></Detail-Record><Detail-Record><Field-2>45002</Field-2><Field-3>45003</Field-3></Detail-Record><Detail-Record><Field-2>46002</Field-2><Field-3>46003</Field-3></Detail-Record><Detail-Record><Field-2>47002</Field-2><Field-3>47003</Field-3></Detail-Record><Detail-Record><Field-2>48002</Field-2><Field-3>48003</Field-3></Detail-Record><Detail-Record><Field-2>49002</Field-2><Field-3>49003</Field-3></Detail-Record><Detail-Record><Field-2>50002</Field-2><Field-3>50003</Field-3></Detail-Record><Detail-Record><Field-2>51002</Field-2><Field-3>51003</Field-3></Detail-Record><Detail-Record><Field-2>52002</Field-2><Field-3>52003</Field-3></Detail-Record><Detail-Record><Field-2>53002</Field-2><Field-3>53003</Field-3></Detail-Record><Detail-Record><Field-2>54002</Field-2><Field-3>54003</Field-3></Detail-Record><Detail-Record><Field-2>55002</Field-2><Field-3>55003</Field-3></Detail-Record><Detail-Record><Field-2>56002</Field-2><Field-3>56003</Field-3></Detail-Record><Detail-Record><Field-2>57002</Field-2><Field-3>57003</Field-3></Detail-Record><Detail-Record><Field-2>58002</Field-2><Field-3>58003</Field-3></Detail-Record><Detail-Record><Field-2>59002</Field-2><Field-3>59003</Field-3></Detail-Record><Detail-Record><Field-2>60002</Field-2><Field-3>60003</Field-3></Detail-Record><Detail-Record><Field-2>61002</Field-2><Field-3>61003</Field-3></Detail-Record><Detail-Record><Field-2>62002</Field-2><Field-3>62003</Field-3></Detail-Record><Detail-Record><Field-2>63002</Field-2><Field-3>63003</Field-3></Detail-Record><Detail-Record><Field-2>64002</Field-2><Field-3>64003</Field-3></Detail-Record><Detail-Record><Field-2>65002</Field-2><Field-3>65003</Field-3></Detail-Record><Detail-Record><Field-2>66002</Field-2><Field-3>66003</Field-3></Detail-Record><Detail-Record><Field-2>67002</Field-2><Field-3>67003</Field-3></Detail-Record><Detail-Record><Field-2>68002</Field-2><Field-3>68003</Field-3></Detail-Record><Detail-Record><Field-2>69002</Field-2><Field-3>69003</Field-3></Detail-Record><Detail-Record><Field-2>70002</Field-2><Field-3>70003</Field-3></Detail-Record><Detail-Record><Field-2>71002</Field-2><Field-3>71003</Field-3></Detail-Record><Detail-Record><Field-2>72002</Field-2><Field-3>72003</Field-3></Detail-Record><Detail-Record><Field-2>73002</Field-2><Field-3>73003</Field-3></Detail-Record><Detail-Record><Field-2>74002</Field-2><Field-3>74003</Field-3></Detail-Record><Detail-Record><Field-2>75002</Field-2><Field-3>75003</Field-3></Detail-Record><Detail-Record><Field-2>76002</Field-2><Field-3>76003</Field-3></Detail-Record><Detail-Record><Field-2>77002</Field-2><Field-3>77003</Field-3></Detail-Record><Detail-Record><Field-2>78002</Field-2><Field-3>78003</Field-3></Detail-Record><Detail-Record><Field-2>79002</Field-2><Field-3>79003</Field-3></Detail-Record><Detail-Record><Field-2>80002</Field-2><Field-3>80003</Field-3></Detail-Record><Detail-Record><Field-2>81002</Field-2><Field-3>81003</Field-3></Detail-Record><Detail-Record><Field-2>82002</Field-2><Field-3>82003</Field-3></Detail-Record><Detail-Record><Field-2>83002</Field-2><Field-3>83003</Field-3></Detail-Record><Detail-Record><Field-2>84002</Field-2><Field-3>84003</Field-3></Detail-Record><Detail-Record><Field-2>85002</Field-2><Field-3>85003</Field-3></Detail-Record><Detail-Record><Field-2>86002</Field-2><Field-3>86003</Field-3></Detail-Record><Detail-Record><Field-2>87002</Field-2><Field-3>87003</Field-3></Detail-Record><Detail-Record><Field-2>88002</Field-2><Field-3>88003</Field-3></Detail-Record><Detail-Record><Field-2>89002</Field-2><Field-3>89003</Field-3></Detail-Record><Detail-Record><Field-2>90002</Field-2><Field-3>90003</Field-3></Detail-Record><Detail-Record><Field-2>91002</Field-2><Field-3>91003</Field-3></Detail-Record><Detail-Record><Field-2>92002</Field-2><Field-3>92003</Field-3></Detail-Record><Detail-Record><Field-2>93002</Field-2><Field-3>93003</Field-3></Detail-Record><Detail-Record><Field-2>94002</Field-2><Field-3>94003</Field-3></Detail-Record><Detail-Record><Field-2>95002</Field-2><Field-3>95003</Field-3></Detail-Record><Detail-Record><Field-2>96002</Field-2><Field-3>96003</Field-3></Detail-Record><Detail-Record><Field-2>97002</Field-2><Field-3>97003</Field-3></Detail-Record><Detail-Record><Field-2>98002</Field-2><Field-3>98003</Field-3></Detail-Record><Detail-Record><Field-2>99002</Field-2><Field-3>99003</Field-3></Detail-Record><Trailer-Record><Record-Count>102</Record-Count><Field-4>100004</Field-4></Trailer-Record></CobolData>