<?xml version="1.0" encoding="UTF-8"?><CobolData><Rec-1><Record-Type>1</Record-Type><Record-Name>Rec-1</Record-Name><r1-field1>12</r1-field1><Rec-11><Record-Type>11</Record-Type><Record-Name>Rec-11</Record-Name><r11-field1>22</r11-field1><Rec-111><Record-Type>111</Record-Type><Record-Name>Rec-111</Record-Name><r111-field1>32</r111-field1><r111-field2>33</r111-field2></Rec-111><Rec-112><Record-Type>112</Record-Type><Record-Name>Rec-112</Record-Name><r112-field1>42</r112-field1></Rec-112><Rec-113><Record-Type>113</Record-Type><Record-Name>Rec-113</Record-Name><r113-field1>52</r113-field1><r113-field2>53</r113-field2><r113-field3>54</r113-field3></Rec-113></Rec-11><Rec-12><Record-Type>12</Record-Type><Record-Name>Rec-12</Record-Name><r12-field1>62</r12-field1><Rec-121><Record-Type>121</Record-Type><Record-Name>Rec-121</Record-Name><r121-field1>72</r121-field1><r121-field2>73</r121-field2></Rec-121></Rec-12></Rec-1><Rec-1><Record-Type>1</Record-Type><Record-Name>Rec-1</Record-Name><r1-field1>82</r1-field1><Rec-11><Record-Type>11</Record-Type><Record-Name>Rec-11</Record-Name><r11-field1>92</r11-field1><Rec-111><Record-Type>111</Record-Type><Record-Name>Rec-111</Record-Name><r111-field1>102</r111-field1><r111-field2>103</r111-field2></Rec-111><Rec-111><Record-Type>111</Record-Type><Record-Name>Rec-111</Record-Name><r111-field1>112</r111-field1><r111-field2>113</r111-field2></Rec-111><Rec-111><Record-Type>111</Record-Type><Record-Name>Rec-111</Record-Name><r111-field1>122</r111-field1><r111-field2>123</r111-field2></Rec-111><Rec-112><Record-Type>112</Record-Type><Record-Name>Rec-112</Record-Name><r112-field1>132</r112-field1></Rec-112><Rec-112><Record-Type>112</Record-Type><Record-Name>Rec-112</Record-Name><r112-field1>142</r112-field1></Rec-112><Rec-112><Record-Type>112</Record-Type><Record-Name>Rec-112</Record-Name><r112-field1>152</r112-field1></Rec-112><Rec-113><Record-Type>113</Record-Type><Record-Name>Rec-113</Record-Name><r113-field1>162</r113-field1><r113-field2>163</r113-field2><r113-field3>164</r113-field3></Rec-113><Rec-113><Record-Type>113</Record-Type><Record-Name>Rec-113</Record-Name><r113-field1>172</r113-field1><r113-field2>173</r113-field2><r113-field3>174</r113-field3></Rec-113><Rec-113><Record-Type>113</Record-Type><Record-Name>Rec-113</Record-Name><r113-field1>182</r113-field1><r113-field2>183</r113-field2><r113-field3>184</r113-field3></Rec-113></Rec-11><Rec-11><Record-Type>11</Record-Type><Record-Name>Rec-11</Record-Name><r11-field1>192</r11-field1><Rec-111><Record-Type>111</Record-Type><Record-Name>Rec-111</Record-Name><r111-field1>202</r111-field1><r111-field2>203</r111-field2></Rec-111><Rec-111><Record-Type>111</Record-Type><Record-Name>Rec-111</Record-Name><r111-field1>212</r111-field1><r111-field2>213</r111-field2></Rec-111><Rec-111><Record-Type>111</Record-Type><Record-Name>Rec-111</Record-Name><r111-field1>222</r111-field1><r111-field2>223</r111-field2></Rec-111><Rec-111><Record-Type>111</Record-Type><Record-Name>Rec-111</Record-Name><r111-field1>232</r111-field1><r111-field2>233</r111-field2></Rec-111><Rec-111><Record-Type>111</Record-Type><Record-Name>Rec-111</Record-Name><r111-field1>242</r111-field1><r111-field2>243</r111-field2></Rec-111><Rec-112><Record-Type>112</Record-Type><Record-Name>Rec-112</Record-Name><r112-field1>252</r112-field1></Rec-112><Rec-112><Record-Type>112</Record-Type><Record-Name>Rec-112</Record-Name><r112-field1>262</r112-field1></Rec-112><Rec-112><Record-Type>112</Record-Type><Record-Name>Rec-112</Record-Name><r112-field1>272</r112-field1></Rec-112><Rec-112><Record-Type>112</Record-Type><Record-Name>Rec-112</Record-Name><r112-field1>282</r112-field1></Rec-112><Rec-112><Record-Type>112</Record-Type><Record-Name>Rec-112</Record-Name><r112-field1>292</r112-field1></Rec-112><Rec-113><Record-Type>113</Record-Type><Record-Name>Rec-113</Record-Name><r113-field1>302</r113-field1><r113-field2>303</r113-field2><r113-field3>304</r113-field3></Rec-113><Rec-113><Record-Type>113</Record-Type><Record-Name>Rec-113</Record-Name><r113-field1>312</r113-field1><r113-field2>313</r113-field2><r113-field3>314</r113-field3></Rec-113><Rec-113><Record-Type>113</Record-Type><Record-Name>Rec-113</Record-Name><r113-field1>322</r113-field1><r113-field2>323</r113-field2><r113-field3>324</r113-field3></Rec-113><Rec-113><Record-Type>113</Record-Type><Record-Name>Rec-113</Record-Name><r113-field1>332</r113-field1><r113-field2>333</r113-field2><r113-field3>334</r113-field3></Rec-113><Rec-113><Record-Type>113</Record-Type><Record-Name>Rec-113</Record-Name><r113-field1>342</r113-field1><r113-field2>343</r113-field2><r113-field3>344</r113-field3></Rec-113></Rec-11><Rec-11><Record-Type>11</Record-Type><Record-Name>Rec-11</Record-Name><r11-field1>352</r11-field1></Rec-11><Rec-12><Record-Type>12</Record-Type><Record-Name>Rec-12</Record-Name><r12-field1>362</r12-field1><Rec-121><Record-Type>121</Record-Type><Record-Name>Rec-121</Record-Name><r121-field1>372</r121-field1><r121-field2>373</r121-field2></Rec-121><Rec-121><Record-Type>121</Record-Type><Record-Name>Rec-121</Record-Name><r121-field1>382</r121-field1><r121-field2>383</r121-field2></Rec-121><Rec-121><Record-Type>121</Record-Type><Record-Name>Rec-121</Record-Name><r121-field1>392</r121-field1><r121-field2>393</r121-field2></Rec-121></Rec-12><Rec-12><Record-Type>12</Record-Type><Record-Name>Rec-12</Record-Name><r12-field1>402</r12-field1></Rec-12><Rec-12><Record-Type>12</Record-Type><Record-Name>Rec-12</Record-Name><r12-field1>412</r12-field1><Rec-121><Record-Type>121</Record-Type><Record-Name>Rec-121</Record-Name><r121-field1>422</r121-field1><r121-field2>423</r121-field2></Rec-121></Rec-12></Rec-1><Rec-1><Record-Type>1</Record-Type><Record-Name>Rec-1</Record-Name><r1-field1>432</r1-field1><Rec-11><Record-Type>11</Record-Type><Record-Name>Rec-11</Record-Name><r11-field1>442</r11-field1><Rec-111><Record-Type>111</Record-Type><Record-Name>Rec-111</Record-Name><r111-field1>452</r111-field1><r111-field2>453</r111-field2></Rec-111><Rec-112><Record-Type>112</Record-Type><Record-Name>Rec-112</Record-Name><r112-field1>462</r112-field1></Rec-112><Rec-113><Record-Type>113</Record-Type><Record-Name>Rec-113</Record-Name><r113-field1>472</r113-field1><r113-field2>473</r113-field2><r113-field3>474</r113-field3></Rec-113></Rec-11><Rec-11><Record-Type>11</Record-Type><Record-Name>Rec-11</Record-Name><r11-field1>482</r11-field1><Rec-111><Record-Type>111</Record-Type><Record-Name>Rec-111</Record-Name><r111-field1>492</r111-field1><r111-field2>493</r111-field2></Rec-111><Rec-111><Record-Type>111</Record-Type><Record-Name>Rec-111</Record-Name><r111-field1>502</r111-field1><r111-field2>503</r111-field2></Rec-111><Rec-111><Record-Type>111</Record-Type><Record-Name>Rec-111</Record-Name><r111-field1>512</r111-field1><r111-field2>513</r111-field2></Rec-111><Rec-112><Record-Type>112</Record-Type><Record-Name>Rec-112</Record-Name><r112-field1>522</r112-field1></Rec-112><Rec-112><Record-Type>112</Record-Type><Record-Name>Rec-112</Record-Name><r112-field1>532</r112-field1></Rec-112><Rec-112><Record-Type>112</Record-Type><Record-Name>Rec-112</Record-Name><r112-field1>542</r112-field1></Rec-112><Rec-113><Record-Type>113</Record-Type><Record-Name>Rec-113</Record-Name><r113-field1>552</r113-field1><r113-field2>553</r113-field2><r113-field3>554</r113-field3></Rec-113><Rec-113><Record-Type>113</Record-Type><Record-Name>Rec-113</Record-Name><r113-field1>562</r113-field1><r113-field2>563</r113-field2><r113-field3>564</r113-field3></Rec-113><Rec-113><Record-Type>113</Record-Type><Record-Name>Rec-113</Record-Name><r113-field1>572</r113-field1><r113-field2>573</r113-field2><r113-field3>574</r113-field3></Rec-113></Rec-11><Rec-11><Record-Type>11</Record-Type><Record-Name>Rec-11</Record-Name><r11-field1>582</r11-field1><Rec-111><Record-Type>111</Record-Type><Record-Name>Rec-111</Record-Name><r111-field1>592</r111-field1><r111-field2>593</r111-field2></Rec-111><Rec-111><Record-Type>111</Record-Type><Record-Name>Rec-111</Record-Name><r111-field1>602</r111-field1><r111-field2>603</r111-field2></Rec-111><Rec-111><Record-Type>111</Record-Type><Record-Name>Rec-111</Record-Name><r111-field1>612</r111-field1><r111-field2>613</r111-field2></Rec-111><Rec-111><Record-Type>111</Record-Type><Record-Name>Rec-111</Record-Name><r111-field1>622</r111-field1><r111-field2>623</r111-field2></Rec-111><Rec-111><Record-Type>111</Record-Type><Record-Name>Rec-111</Record-Name><r111-field1>632</r111-field1><r111-field2>633</r111-field2></Rec-111><Rec-112><Record-Type>112</Record-Type><Record-Name>Rec-112</Record-Name><r112-field1>642</r112-field1></Rec-112><Rec-112><Record-Type>112</Record-Type><Record-Name>Rec-112</Record-Name><r112-field1>652</r112-field1></Rec-112><Rec-112><Record-Type>112</Record-Type><Record-Name>Rec-112</Record-Name><r112-field1>662</r112-field1></Rec-112><Rec-112><Record-Type>112</Record-Type><Record-Name>Rec-112</Record-Name><r112-field1>672</r112-field1></Rec-112><Rec-112><Record-Type>112</Record-Type><Record-Name>Rec-112</Record-Name><r112-field1>682</r112-field1></Rec-112><Rec-113><Record-Type>113</Record-Type><Record-Name>Rec-113</Record-Name><r113-field1>692</r113-field1><r113-field2>693</r113-field2><r113-field3>694</r113-field3></Rec-113><Rec-113><Record-Type>113</Record-Type><Record-Name>Rec-113</Record-Name><r113-field1>702</r113-field1><r113-field2>703</r113-field2><r113-field3>704</r113-field3></Rec-113><Rec-113><Record-Type>113</Record-Type><Record-Name>Rec-113</Record-Name><r113-field1>712</r113-field1><r113-field2>713</r113-field2><r113-field3>714</r113-field3></Rec-113><Rec-113><Record-Type>113</Record-Type><Record-Name>Rec-113</Record-Name><r113-field1>722</r113-field1><r113-field2>723</r113-field2><r113-field3>724</r113-field3></Rec-113><Rec-113><Record-Type>113</Record-Type><Record-Name>Rec-113</Record-Name><r113-field1>732</r113-field1><r113-field2>733</r113-field2><r113-field3>734</r113-field3></Rec-113></Rec-11><Rec-11><Record-Type>11</Record-Type><Record-Name>Rec-11</Record-Name><r11-field1>742</r11-field1></Rec-11><Rec-11><Record-Type>11</Record-Type><Record-Name>Rec-11</Record-Name><r11-field1>752</r11-field1><Rec-111><Record-Type>111</Record-Type><Record-Name>Rec-111</Record-Name><r111-field1>762</r111-field1><r111-field2>763</r111-field2></Rec-111><Rec-112><Record-Type>112</Record-Type><Record-Name>Rec-112</Record-Name><r112-field1>772</r112-field1></Rec-112><Rec-113><Record-Type>113</Record-Type><Record-Name>Rec-113</Record-Name><r113-field1>782</r113-field1><r113-field2>783</r113-field2><r113-field3>784</r113-field3></Rec-113></Rec-11></Rec-1><Rec-2><Record-Type>2</Record-Type><Record-Name>Rec-2</Record-Name><r2-field1>792</r2-field1><Rec-21><Record-Type>21</Record-Type><Record-Name>Rec-21</Record-Name><r11-field1>802</r11-field1><Rec-211><Record-Type>211</Record-Type><Record-Name>Rec-211</Record-Name><r211-field1>812</r211-field1><r211-field2>813</r211-field2></Rec-211></Rec-21></Rec-2><Rec-2><Record-Type>2</Record-Type><Record-Name>Rec-2</Record-Name><r2-field1>822</r2-field1><Rec-21><Record-Type>21</Record-Type><Record-Name>Rec-21</Record-Name><r11-field1>832</r11-field1><Rec-211><Record-Type>211</Record-Type><Record-Name>Rec-211</Record-Name><r211-field1>842</r211-field1><r211-field2>843</r211-field2></Rec-211><Rec-211><Record-Type>211</Record-Type><Record-Name>Rec-211</Record-Name><r211-field1>852</r211-field1><r211-field2>853</r211-field2></Rec-211><Rec-211><Record-Type>211</Record-Type><Record-Name>Rec-211</Record-Name><r211-field1>862</r211-field1><r211-field2>863</r211-field2></Rec-211></Rec-21><Rec-21><Record-Type>21</Record-Type><Record-Name>Rec-21</Record-Name><r11-field1>872</r11-field1><Rec-211><Record-Type>211</Record-Type><Record-Name>Rec-211</Record-Name><r211-field1>882</r211-field1><r211-field2>883</r211-field2></Rec-211><Rec-211><Record-Type>211</Record-Type><Record-Name>Rec-211</Record-Name><r211-field1>892</r211-field1><r211-field2>893</r211-field2></Rec-211><Rec-211><Record-Type>211</Record-Type><Record-Name>Rec-211</Record-Name><r211-field1>902</r211-field1><r211-field2>903</r211-field2></Rec-211><Rec-211><Record-Type>211</Record-Type><Record-Name>Rec-211</Record-Name><r211-field1>912</r211-field1><r211-field2>913</r211-field2></Rec-211><Rec-211><Record-Type>211</Record-Type><Record-Name>Rec-211</Record-Name><r211-field1>922</r211-field1><r211-field2>923</r211-field2></Rec-211></Rec-21><Rec-21><Record-Type>21</Record-Type><Record-Name>Rec-21</Record-Name><r11-field1>932</r11-field1></Rec-21></Rec-2><Rec-2><Record-Type>2</Record-Type><Record-Name>Rec-2</Record-Name><r2-field1>942</r2-field1><Rec-21><Record-Type>21</Record-Type><Record-Name>Rec-21</Record-Name><r11-field1>952</r11-field1><Rec-211><Record-Type>211</Record-Type><Record-Name>Rec-211</Record-Name><r211-field1>962</r211-field1><r211-field2>963</r211-field2></Rec-211></Rec-21><Rec-21><Record-Type>21</Record-Type><Record-Name>Rec-21</Record-Name><r11-field1>972</r11-field1><Rec-211><Record-Type>211</Record-Type><Record-Name>Rec-211</Record-Name><r211-field1>982</r211-field1><r211-field2>983</r211-field2></Rec-211><Rec-211><Record-Type>211</Record-Type><Record-Name>Rec-211</Record-Name><r211-field1>992</r211-field1><r211-field2>993</r211-field2></Rec-211><Rec-211><Record-Type>211</Record-Type><Record-Name>Rec-211</Record-Name><r211-field1>1002</r211-field1><r211-field2>1003</r211-field2></Rec-211></Rec-21><Rec-21><Record-Type>21</Record-Type><Record-Name>Rec-21</Record-Name><r11-field1>1012</r11-field1><Rec-211><Record-Type>211</Record-Type><Record-Name>Rec-211</Record-Name><r211-field1>1022</r211-field1><r211-field2>1023</r211-field2></Rec-211><Rec-211><Record-Type>211</Record-Type><Record-Name>Rec-211</Record-Name><r211-field1>1032</r211-field1><r211-field2>1033</r211-field2></Rec-211><Rec-211><Record-Type>211</Record-Type><Record-Name>Rec-211</Record-Name><r211-field1>1042</r211-field1><r211-field2>1043</r211-field2></Rec-211><Rec-211><Record-Type>211</Record-Type><Record-Name>Rec-211</Record-Name><r211-field1>1052</r211-field1><r211-field2>1053</r211-field2></Rec-211><Rec-211><Record-Type>211</Record-Type><Record-Name>Rec-211</Record-Name><r211-field1>1062</r211-field1><r211-field2>1063</r211-field2></Rec-211></Rec-21><Rec-21><Record-Type>21</Record-Type><Record-Name>Rec-21</Record-Name><r11-field1>1072</r11-field1></Rec-21><Rec-21><Record-Type>21</Record-Type><Record-Name>Rec-21</Record-Name><r11-field1>1082</r11-field1><Rec-211><Record-Type>211</Record-Type><Record-Name>Rec-211</Record-Name><r211-field1>1092</r211-field1><r211-field2>1093</r211-field2></Rec-211></Rec-21></Rec-2><Rec-1><Record-Type>1</Record-Type><Record-Name>Rec-1</Record-Name><r1-field1>1102</r1-field1><Rec-12><Record-Type>12</Record-Type><Record-Name>Rec-12</Record-Name><r12-field1>1112</r12-field1><Rec-121><Record-Type>121</Record-Type><Record-Name>Rec-121</Record-Name><r121-field1>1122</r121-field1><r121-field2>1123</r121-field2></Rec-121><Rec-121><Record-Type>121</Record-Type><Record-Name>Rec-121</Record-Name><r121-field1>1132</r121-field1><r121-field2>1133</r121-field2></Rec-121><Rec-121><Record-Type>121</Record-Type><Record-Name>Rec-121</Record-Name><r121-field1>1142</r121-field1><r121-field2>1143</r121-field2></Rec-121></Rec-12></Rec-1><Rec-1><Record-Type>1</Record-Type><Record-Name>Rec-1</Record-Name><r1-field1>1152</r1-field1><Rec-11><Record-Type>11</Record-Type><Record-Name>Rec-11</Record-Name><r11-field1>1162</r11-field1><Rec-111><Record-Type>111</Record-Type><Record-Name>Rec-111</Record-Name><r111-field1>1172</r111-field1><r111-field2>1173</r111-field2></Rec-111><Rec-111><Record-Type>111</Record-Type><Record-Name>Rec-111</Record-Name><r111-field1>1182</r111-field1><r111-field2>1183</r111-field2></Rec-111><Rec-111><Record-Type>111</Record-Type><Record-Name>Rec-111</Record-Name><r111-field1>1192</r111-field1><r111-field2>1193</r111-field2></Rec-111><Rec-112><Record-Type>112</Record-Type><Record-Name>Rec-112</Record-Name><r112-field1>1202</r112-field1></Rec-112><Rec-112><Record-Type>112</Record-Type><Record-Name>Rec-112</Record-Name><r112-field1>1212</r112-field1></Rec-112><Rec-112><Record-Type>112</Record-Type><Record-Name>Rec-112</Record-Name><r112-field1>1222</r112-field1></Rec-112><Rec-113><Record-Type>113</Record-Type><Record-Name>Rec-113</Record-Name><r113-field1>1232</r113-field1><r113-field2>1233</r113-field2><r113-field3>1234</r113-field3></Rec-113><Rec-113><Record-Type>113</Record-Type><Record-Name>Rec-113</Record-Name><r113-field1>1242</r113-field1><r113-field2>1243</r113-field2><r113-field3>1244</r113-field3></Rec-113><Rec-113><Record-Type>113</Record-Type><Record-Name>Rec-113</Record-Name><r113-field1>1252</r113-field1><r113-field2>1253</r113-field2><r113-field3>1254</r113-field3></Rec-113></Rec-11><Rec-12><Record-Type>12</Record-Type><Record-Name>Rec-12</Record-Name><r12-field1>1262</r12-field1></Rec-12><Rec-12><Record-Type>12</Record-Type><Record-Name>Rec-12</Record-Name><r12-field1>1272</r12-field1><Rec-121><Record-Type>121</Record-Type><Record-Name>Rec-121</Record-Name><r121-field1>1282</r121-field1><r121-field2>1283</r121-field2></Rec-121></Rec-12><Rec-12><Record-Type>12</Record-Type><Record-Name>Rec-12</Record-Name><r12-field1>1292</r12-field1><Rec-121><Record-Type>121</Record-Type><Record-Name>Rec-121</Record-Name><r121-field1>1302</r121-field1><r121-field2>1303</r121-field2></Rec-121><Rec-121><Record-Type>121</Record-Type><Record-Name>Rec-121</Record-Name><r121-field1>1312</r121-field1><r121-field2>1313</r121-field2></Rec-121><Rec-121><Record-Type>121</Record-Type><Record-Name>Rec-121</Record-Name><r121-field1>1322</r121-field1><r121-field2>1323</r121-field2></Rec-121></Rec-12></Rec-1><Rec-1><Record-Type>1</Record-Type><Record-Name>Rec-1</Record-Name><r1-field1>1332</r1-field1><Rec-11><Record-Type>11</Record-Type><Record-Name>Rec-11</Record-Name><r11-field1>1342</r11-field1><Rec-111><Record-Type>111</Record-Type><Record-Name>Rec-111</Record-Name><r111-field1>1352</r111-field1><r111-field2>1353</r111-field2></Rec-111><Rec-111><Record-Type>111</Record-Type><Record-Name>Rec-111</Record-Name><r111-field1>1362</r111-field1><r111-field2>1363</r111-field2></Rec-111><Rec-111><Record-Type>111</Record-Type><Record-Name>Rec-111</Record-Name><r111-field1>1372</r111-field1><r111-field2>1373</r111-field2></Rec-111><Rec-111><Record-Type>111</Record-Type><Record-Name>Rec-111</Record-Name><r111-field1>1382</r111-field1><r111-field2>1383</r111-field2></Rec-111><Rec-111><Record-Type>111</Record-Type><Record-Name>Rec-111</Record-Name><r111-field1>1392</r111-field1><r111-field2>1393</r111-field2></Rec-111><Rec-112><Record-Type>112</Record-Type><Record-Name>Rec-112</Record-Name><r112-field1>1402</r112-field1></Rec-112><Rec-112><Record-Type>112</Record-Type><Record-Name>Rec-112</Record-Name><r112-field1>1412</r112-field1></Rec-112><Rec-112><Record-Type>112</Record-Type><Record-Name>Rec-112</Record-Name><r112-field1>1422</r112-field1></Rec-112><Rec-112><Record-Type>112</Record-Type><Record-Name>Rec-112</Record-Name><r112-field1>1432</r112-field1></Rec-112><Rec-112><Record-Type>112</Record-Type><Record-Name>Rec-112</Record-Name><r112-field1>1442</r112-field1></Rec-112><Rec-113><Record-Type>113</Record-Type><Record-Name>Rec-113</Record-Name><r113-field1>1452</r113-field1><r113-field2>1453</r113-field2><r113-field3>1454</r113-field3></Rec-113><Rec-113><Record-Type>113</Record-Type><Record-Name>Rec-113</Record-Name><r113-field1>1462</r113-field1><r113-field2>1463</r113-field2><r113-field3>1464</r113-field3></Rec-113><Rec-113><Record-Type>113</Record-Type><Record-Name>Rec-113</Record-Name><r113-field1>1472</r113-field1><r113-field2>1473</r113-field2><r113-field3>1474</r113-field3></Rec-113><Rec-113><Record-Type>113</Record-Type><Record-Name>Rec-113</Record-Name><r113-field1>1482</r113-field1><r113-field2>1483</r113-field2><r113-field3>1484</r113-field3></Rec-113><Rec-113><Record-Type>113</Record-Type><Record-Name>Rec-113</Record-Name><r113-field1>1492</r113-field1><r113-field2>1493</r113-field2><r113-field3>1494</r113-field3></Rec-113></Rec-11><Rec-11><Record-Type>11</Record-Type><Record-Name>Rec-11</Record-Name><r11-field1>1502</r11-field1></Rec-11><Rec-11><Record-Type>11</Record-Type><Record-Name>Rec-11</Record-Name><r11-field1>1512</r11-field1><Rec-111><Record-Type>111</Record-Type><Record-Name>Rec-111</Record-Name><r111-field1>1522</r111-field1><r111-field2>1523</r111-field2></Rec-111><Rec-112><Record-Type>112</Record-Type><Record-Name>Rec-112</Record-Name><r112-field1>1532</r112-field1></Rec-112><Rec-113><Record-Type>113</Record-Type><Record-Name>Rec-113</Record-Name><r113-field1>1542</r113-field1><r113-field2>1543</r113-field2><r113-field3>1544</r113-field3></Rec-113></Rec-11></Rec-1><Rec-1><Record-Type>1</Record-Type><Record-Name>Rec-1</Record-Name><r1-field1>1552</r1-field1><Rec-11><Record-Type>11</Record-Type><Record-Name>Rec-11</Record-Name><r11-field1>1562</r11-field1><Rec-111><Record-Type>111</Record-Type><Record-Name>Rec-111</Record-Name><r111-field1>1572</r111-field1><r111-field2>1573</r111-field2></Rec-111><Rec-111><Record-Type>111</Record-Type><Record-Name>Rec-111</Record-Name><r111-field1>1582</r111-field1><r111-field2>1583</r111-field2></Rec-111><Rec-111><Record-Type>111</Record-Type><Record-Name>Rec-111</Record-Name><r111-field1>1592</r111-field1><r111-field2>1593</r111-field2></Rec-111><Rec-112><Record-Type>112</Record-Type><Record-Name>Rec-112</Record-Name><r112-field1>1602</r112-field1></Rec-112><Rec-112><Record-Type>112</Record-Type><Record-Name>Rec-112</Record-Name><r112-field1>1612</r112-field1></Rec-112><Rec-112><Record-Type>112</Record-Type><Record-Name>Rec-112</Record-Name><r112-field1>1622</r112-field1></Rec-112><Rec-113><Record-Type>113</Record-Type><Record-Name>Rec-113</Record-Name><r113-field1>1632</r113-field1><r113-field2>1633</r113-field2><r113-field3>1634</r113-field3></Rec-113><Rec-113><Record-Type>113</Record-Type><Record-Name>Rec-113</Record-Name><r113-field1>1642</r113-field1><r113-field2>1643</r113-field2><r113-field3>1644</r113-field3></Rec-113><Rec-113><Record-Type>113</Record-Type><Record-Name>Rec-113</Record-Name><r113-field1>1652</r113-field1><r113-field2>1653</r113-field2><r113-field3>1654</r113-field3></Rec-113></Rec-11><Rec-11><Record-Type>11</Record-Type><Record-Name>Rec-11</Record-Name><r11-field1>1662</r11-field1><Rec-111><Record-Type>111</Record-Type><Record-Name>Rec-111</Record-Name><r111-field1>1672</r111-field1><r111-field2>1673</r111-field2></Rec-111><Rec-111><Record-Type>111</Record-Type><Record-Name>Rec-111</Record-Name><r111-field1>1682</r111-field1><r111-field2>1683</r111-field2></Rec-111><Rec-111><Record-Type>111</Record-Type><Record-Name>Rec-111</Record-Name><r111-field1>1692</r111-field1><r111-field2>1693</r111-field2></Rec-111><Rec-111><Record-Type>111</Record-Type><Record-Name>Rec-111</Record-Name><r111-field1>1702</r111-field1><r111-field2>1703</r111-field2></Rec-111><Rec-111><Record-Type>111</Record-Type><Record-Name>Rec-111</Record-Name><r111-field1>1712</r111-field1><r111-field2>1713</r111-field2></Rec-111><Rec-112><Record-Type>112</Record-Type><Record-Name>Rec-112</Record-Name><r112-field1>1722</r112-field1></Rec-112><Rec-112><Record-Type>112</Record-Type><Record-Name>Rec-112</Record-Name><r112-field1>1732</r112-field1></Rec-112><Rec-112><Record-Type>112</Record-Type><Record-Name>Rec-112</Record-Name><r112-field1>1742</r112-field1></Rec-112><Rec-112><Record-Type>112</Record-Type><Record-Name>Rec-112</Record-Name><r112-field1>1752</r112-field1></Rec-112><Rec-112><Record-Type>112</Record-Type><Record-Name>Rec-112</Record-Name><r112-field1>1762</r112-field1></Rec-112><Rec-113><Record-Type>113</Record-Type><Record-Name>Rec-113</Record-Name><r113-field1>1772</r113-field1><r113-field2>1773</r113-field2><r113-field3>1774</r113-field3></Rec-113><Rec-113><Record-Type>113</Record-Type><Record-Name>Rec-113</Record-Name><r113-field1>1782</r113-field1><r113-field2>1783</r113-field2><r113-field3>1784</r113-field3></Rec-113><Rec-113><Record-Type>113</Record-Type><Record-Name>Rec-113</Record-Name><r113-field1>1792</r113-field1><r113-field2>1793</r113-field2><r113-field3>1794</r113-field3></Rec-113><Rec-113><Record-Type>113</Record-Type><Record-Name>Rec-113</Record-Name><r113-field1>1802</r113-field1><r113-field2>1803</r113-field2><r113-field3>1804</r113-field3></Rec-113><Rec-113><Record-Type>113</Record-Type><Record-Name>Rec-113</Record-Name><r113-field1>1812</r113-field1><r113-field2>1813</r113-field2><r113-field3>1814</r113-field3></Rec-113></Rec-11><Rec-11><Record-Type>11</Record-Type><Record-Name>Rec-11</Record-Name><r11-field1>1822</r11-field1></Rec-11><Rec-11><Record-Type>11</Record-Type><Record-Name>Rec-11</Record-Name><r11-field1>1832</r11-field1><Rec-111><Record-Type>111</Record-Type><Record-Name>Rec-111</Record-Name><r111-field1>1842</r111-field1><r111-field2>1843</r111-field2></Rec-111><Rec-112><Record-Type>112</Record-Type><Record-Name>Rec-112</Record-Name><r112-field1>1852</r112-field1></Rec-112><Rec-113><Record-Type>113</Record-Type><Record-Name>Rec-113</Record-Name><r113-field1>1862</r113-field1><r113-field2>1863</r113-field2><r113-field3>1864</r113-field3></Rec-113></Rec-11><Rec-11><Record-Type>11</Record-Type><Record-Name>Rec-11</Record-Name><r11-field1>1872</r11-field1><Rec-111><Record-Type>111</Record-Type><Record-Name>Rec-111</Record-Name><r111-field1>1882</r111-field1><r111-field2>1883</r111-field2></Rec-111><Rec-111><Record-Type>111</Record-Type><Record-Name>Rec-111</Record-Name><r111-field1>1892</r111-field1><r111-field2>1893</r111-field2></Rec-111><Rec-111><Record-Type>111</Record-Type><Record-Name>Rec-111</Record-Name><r111-field1>1902</r111-field1><r111-field2>1903</r111-field2></Rec-111><Rec-112><Record-Type>112</Record-Type><Record-Name>Rec-112</Record-Name><r112-field1>1912</r112-field1></Rec-112><Rec-112><Record-Type>112</Record-Type><Record-Name>Rec-112</Record-Name><r112-field1>1922</r112-field1></Rec-112><Rec-112><Record-Type>112</Record-Type><Record-Name>Rec-112</Record-Name><r112-field1>1932</r112-field1></Rec-112><Rec-113><Record-Type>113</Record-Type><Record-Name>Rec-113</Record-Name><r113-field1>1942</r113-field1><r113-field2>1943</r113-field2><r113-field3>1944</r113-field3></Rec-113><Rec-113><Record-Type>113</Record-Type><Record-Name>Rec-113</Record-Name><r113-field1>1952</r113-field1><r113-field2>1953</r113-field2><r113-field3>1954</r113-field3></Rec-113><Rec-113><Record-Type>113</Record-Type><Record-Name>Rec-113</Record-Name><r113-field1>1962</r113-field1><r113-field2>1963</r113-field2><r113-field3>1964</r113-field3></Rec-113></Rec-11><Rec-12><Record-Type>12</Record-Type><Record-Name>Rec-12</Record-Name><r12-field1>1972</r12-field1></Rec-12></Rec-1><Rec-1><Record-Type>1</Record-Type><Record-Name>Rec-1</Record-Name><r1-field1>1982</r1-field1><Rec-12><Record-Type>12</Record-Type><Record-Name>Rec-12</Record-Name><r12-field1>1992</r12-field1><Rec-121><Record-Type>121</Record-Type><Record-Name>Rec-121</Record-Name><r121-field1>2002</r121-field1><r121-field2>2003</r121-field2></Rec-121></Rec-12><Rec-12><Record-Type>12</Record-Type><Record-Name>Rec-12</Record-Name><r12-field1>2012</r12-field1><Rec-121><Record-Type>121</Record-Type><Record-Name>Rec-121</Record-Name><r121-field1>2022</r121-field1><r121-field2>2023</r121-field2></Rec-121><Rec-121><Record-Type>121</Record-Type><Record-Name>Rec-121</Record-Name><r121-field1>2032</r121-field1><r121-field2>2033</r121-field2></Rec-121><Rec-121><Record-Type>121</Record-Type><Record-Name>Rec-121</Record-Name><r121-field1>2042</r121-field1><r121-field2>2043</r121-field2></Rec-121></Rec-12><Rec-12><Record-Type>12</Record-Type><Record-Name>Rec-12</Record-Name><r12-field1>2052</r12-field1></Rec-12></Rec-1><Rec-2><Record-Type>2</Record-Type><Record-Name>Rec-2</Record-Name><r2-field1>2062</r2-field1></Rec-2><Rec-2><Record-Type>2</Record-Type><Record-Name>Rec-2</Record-Name><r2-field1>2072</r2-field1><Rec-21><Record-Type>21</Record-Type><Record-Name>Rec-21</Record-Name><r11-field1>2082</r11-field1><Rec-211><Record-Type>211</Record-Type><Record-Name>Rec-211</Record-Name><r211-field1>2092</r211-field1><r211-field2>2093</r211-field2></Rec-211><Rec-211><Record-Type>211</Record-Type><Record-Name>Rec-211</Record-Name><r211-field1>2102</r211-field1><r211-field2>2103</r211-field2></Rec-211><Rec-211><Record-Type>211</Record-Type><Record-Name>Rec-211</Record-Name><r211-field1>2112</r211-field1><r211-field2>2113</r211-field2></Rec-211></Rec-21></Rec-2><Rec-2><Record-Type>2</Record-Type><Record-Name>Rec-2</Record-Name><r2-field1>2122</r2-field1><Rec-21><Record-Type>21</Record-Type><Record-Name>Rec-21</Record-Name><r11-field1>2132</r11-field1><Rec-211><Record-Type>211</Record-Type><Record-Name>Rec-211</Record-Name><r211-field1>2142</r211-field1><r211-field2>2143</r211-field2></Rec-211><Rec-211><Record-Type>211</Record-Type><Record-Name>Rec-211</Record-Name><r211-field1>2152</r211-field1><r211-field2>2153</r211-field2></Rec-211><Rec-211><Record-Type>211</Record-Type><Record-Name>Rec-211</Record-Name><r211-field1>2162</r211-field1><r211-field2>2163</r211-field2></Rec-211><Rec-211><Record-Type>211</Record-Type><Record-Name>Rec-211</Record-Name><r211-field1>2172</r211-field1><r211-field2>2173</r211-field2></Rec-211><Rec-211><Record-Type>211</Record-Type><Record-Name>Rec-211</Record-Name><r211-field1>2182</r211-field1><r211-field2>2183</r211-field2></Rec-211></Rec-21><Rec-21><Record-Type>21</Record-Type><Record-Name>Rec-21</Record-Name><r11-field1>2192</r11-field1></Rec-21><Rec-21><Record-Type>21</Record-Type><Record-Name>Rec-21</Record-Name><r11-field1>2202</r11-field1><Rec-211><Record-Type>211</Record-Type><Record-Name>Rec-211</Record-Name><r211-field1>2212</r211-field1><r211-field2>2213</r211-field2></Rec-211></Rec-21></Rec-2><Rec-2><Record-Type>2</Record-Type><Record-Name>Rec-2</Record-Name><r2-field1>2222</r2-field1><Rec-21><Record-Type>21</Record-Type><Record-Name>Rec-21</Record-Name><r11-field1>2232</r11-field1><Rec-211><Record-Type>211</Record-Type><Record-Name>Rec-211</Record-Name><r211-field1>2242</r211-field1><r211-field2>2243</r211-field2></Rec-211><Rec-211><Record-Type>211</Record-Type><Record-Name>Rec-211</Record-Name><r211-field1>2252</r211-field1><r211-field2>2253</r211-field2></Rec-211><Rec-211><Record-Type>211</Record-Type><Record-Name>Rec-211</Record-Name><r211-field1>2262</r211-field1><r211-field2>2263</r211-field2></Rec-211></Rec-21><Rec-21><Record-Type>21</Record-Type><Record-Name>Rec-21</Record-Name><r11-field1>2272</r11-field1><Rec-211><Record-Type>211</Record-Type><Record-Name>Rec-211</Record-Name><r211-field1>2282</r211-field1><r211-field2>2283</r211-field2></Rec-211><Rec-211><Record-Type>211</Record-Type><Record-Name>Rec-211</Record-Name><r211-field1>2292</r211-field1><r211-field2>2293</r211-field2></Rec-211><Rec-211><Record-Type>211</Record-Type><Record-Name>Rec-211</Record-Name><r211-field1>2302</r211-field1><r211-field2>2303</r211-field2></Rec-211><Rec-211><Record-Type>211</Record-Type><Record-Name>Rec-211</Record-Name><r211-field1>2312</r211-field1><r211-field2>2313</r211-field2></Rec-211><Rec-211><Record-Type>211</Record-Type><Record-Name>Rec-211</Record-Name><r211-field1>2322</r211-field1><r211-field2>2323</r211-field2></Rec-211></Rec-21><Rec-21><Record-Type>21</Record-Type><Record-Name>Rec-21</Record-Name><r11-field1>2332</r11-field1></Rec-21><Rec-21><Record-Type>21</Record-Type><Record-Name>Rec-21</Record-Name><r11-field1>2342</r11-field1><Rec-211><Record-Type>211</Record-Type><Record-Name>Rec-211</Record-Name><r211-field1>2352</r211-field1><r211-field2>2353</r211-field2></Rec-211></Rec-21><Rec-21><Record-Type>21</Record-Type><Record-Name>Rec-21</Record-Name><r11-field1>2362</r11-field1><Rec-211><Record-Type>211</Record-Type><Record-Name>Rec-211</Record-Name><r211-field1>2372</r211-field1><r211-field2>2373</r211-field2></Rec-211><Rec-211><Record-Type>211</Record-Type><Record-Name>Rec-211</Record-Name><r211-field1>2382</r211-field1><r211-field2>2383</r211-field2></Rec-211><Rec-211><Record-Type>211</Record-Type><Record-Name>Rec-211</Record-Name><r211-field1>2392</r211-field1><r211-field2>2393</r211-field2></Rec-211></Rec-21></Rec-2><Rec-2><Record-Type>2</Record-Type><Record-Name>Rec-2</Record-Name><r2-field1>2402</r2-field1></Rec-2><Rec-1><Record-Type>1</Record-Type><Record-Name>Rec-1</Record-Name><r1-field1>2412</r1-field1><Rec-11><Record-Type>11</Record-Type><Record-Name>Rec-11</Record-Name><r11-field1>2422</r11-field1><Rec-111><Record-Type>111</Record-Type><Record-Name>Rec-111</Record-Name><r111-field1>2432</r111-field1><r111-field2>2433</r111-field2></Rec-111><Rec-111><Record-Type>111</Record-Type><Record-Name>Rec-111</Record-Name><r111-field1>2442</r111-field1><r111-field2>2443</r111-field2></Rec-111><Rec-111><Record-Type>111</Record-Type><Record-Name>Rec-111</Record-Name><r111-field1>2452</r111-field1><r111-field2>2453</r111-field2></Rec-111><Rec-111><Record-Type>111</Record-Type><Record-Name>Rec-111</Record-Name><r111-field1>2462</r111-field1><r111-field2>2463</r111-field2></Rec-111><Rec-111><Record-Type>111</Record-Type><Record-Name>Rec-111</Record-Name><r111-field1>2472</r111-field1><r111-field2>2473</r111-field2></Rec-111><Rec-112><Record-Type>112</Record-Type><Record-Name>Rec-112</Record-Name><r112-field1>2482</r112-field1></Rec-112><Rec-112><Record-Type>112</Record-Type><Record-Name>Rec-112</Record-Name><r112-field1>2492</r112-field1></Rec-112><Rec-112><Record-Type>112</Record-Type><Record-Name>Rec-112</Record-Name><r112-field1>2502</r112-field1></Rec-112><Rec-112><Record-Type>112</Record-Type><Record-Name>Rec-112</Record-Name><r112-field1>2512</r112-field1></Rec-112><Rec-112><Record-Type>112</Record-Type><Record-Name>Rec-112</Record-Name><r112-field1>2522</r112-field1></Rec-112><Rec-113><Record-Type>113</Record-Type><Record-Name>Rec-113</Record-Name><r113-field1>2532</r113-field1><r113-field2>2533</r113-field2><r113-field3>2534</r113-field3></Rec-113><Rec-113><Record-Type>113</Record-Type><Record-Name>Rec-113</Record-Name><r113-field1>2542</r113-field1><r113-field2>2543</r113-field2><r113-field3>2544</r113-field3></Rec-113><Rec-113><Record-Type>113</Record-Type><Record-Name>Rec-113</Record-Name><r113-field1>2552</r113-field1><r113-field2>2553</r113-field2><r113-field3>2554</r113-field3></Rec-113><Rec-113><Record-Type>113</Record-Type><Record-Name>Rec-113</Record-Name><r113-field1>2562</r113-field1><r113-field2>2563</r113-field2><r113-field3>2564</r113-field3></Rec-113><Rec-113><Record-Type>113</Record-Type><Record-Name>Rec-113</Record-Name><r113-field1>2572</r113-field1><r113-field2>2573</r113-field2><r113-field3>2574</r113-field3></Rec-113></Rec-11></Rec-1><Rec-2><Record-Type>2</Record-Type><Record-Name>Rec-2</Record-Name><r2-field1>2582</r2-field1><Rec-21><Record-Type>21</Record-Type><Record-Name>Rec-21</Record-Name><r11-field1>2592</r11-field1><Rec-211><Record-Type>211</Record-Type><Record-Name>Rec-211</Record-Name><r211-field1>2602</r211-field1><r211-field2>2603</r211-field2></Rec-211><Rec-211><Record-Type>211</Record-Type><Record-Name>Rec-211</Record-Name><r211-field1>2612</r211-field1><r211-field2>2613</r211-field2></Rec-211><Rec-211><Record-Type>211</Record-Type><Record-Name>Rec-211</Record-Name><r211-field1>2622</r211-field1><r211-field2>2623</r211-field2></Rec-211><Rec-211><Record-Type>211</Record-Type><Record-Name>Rec-211</Record-Name><r211-field1>2632</r211-field1><r211-field2>2633</r211-field2></Rec-211><Rec-211><Record-Type>211</Record-Type><Record-Name>Rec-211</Record-Name><r211-field1>2642</r211-field1><r211-field2>2643</r211-field2></Rec-211></Rec-21></Rec-2><Rec-1><Record-Type>1</Record-Type><Record-Name>Rec-1</Record-Name><r1-field1>2652</r1-field1><Rec-11><Record-Type>11</Record-Type><Record-Name>Rec-11</Record-Name><r11-field1>2662</r11-field1></Rec-11><Rec-11><Record-Type>11</Record-Type><Record-Name>Rec-11</Record-Name><r11-field1>2672</r11-field1><Rec-111><Record-Type>111</Record-Type><Record-Name>Rec-111</Record-Name><r111-field1>2682</r111-field1><r111-field2>2683</r111-field2></Rec-111><Rec-112><Record-Type>112</Record-Type><Record-Name>Rec-112</Record-Name><r112-field1>2692</r112-field1></Rec-112><Rec-113><Record-Type>113</Record-Type><Record-Name>Rec-113</Record-Name><r113-field1>2702</r113-field1><r113-field2>2703</r113-field2><r113-field3>2704</r113-field3></Rec-113></Rec-11><Rec-11><Record-Type>11</Record-Type><Record-Name>Rec-11</Record-Name><r11-field1>2712</r11-field1><Rec-111><Record-Type>111</Record-Type><Record-Name>Rec-111</Record-Name><r111-field1>2722</r111-field1><r111-field2>2723</r111-field2></Rec-111><Rec-111><Record-Type>111</Record-Type><Record-Name>Rec-111</Record-Name><r111-field1>2732</r111-field1><r111-field2>2733</r111-field2></Rec-111><Rec-111><Record-Type>111</Record-Type><Record-Name>Rec-111</Record-Name><r111-field1>2742</r111-field1><r111-field2>2743</r111-field2></Rec-111><Rec-112><Record-Type>112</Record-Type><Record-Name>Rec-112</Record-Name><r112-field1>2752</r112-field1></Rec-112><Rec-112><Record-Type>112</Record-Type><Record-Name>Rec-112</Record-Name><r112-field1>2762</r112-field1></Rec-112><Rec-112><Record-Type>112</Record-Type><Record-Name>Rec-112</Record-Name><r112-field1>2772</r112-field1></Rec-112><Rec-113><Record-Type>113</Record-Type><Record-Name>Rec-113</Record-Name><r113-field1>2782</r113-field1><r113-field2>2783</r113-field2><r113-field3>2784</r113-field3></Rec-113><Rec-113><Record-Type>113</Record-Type><Record-Name>Rec-113</Record-Name><r113-field1>2792</r113-field1><r113-field2>2793</r113-field2><r113-field3>2794</r113-field3></Rec-113><Rec-113><Record-Type>113</Record-Type><Record-Name>Rec-113</Record-Name><r113-field1>2802</r113-field1><r113-field2>2803</r113-field2><r113-field3>2804</r113-field3></Rec-113></Rec-11><Rec-12><Record-Type>12</Record-Type><Record-Name>Rec-12</Record-Name><r12-field1>2812</r12-field1><Rec-121><Record-Type>121</Record-Type><Record-Name>Rec-121</Record-Name><r121-field1>2822</r121-field1><r121-field2>2823</r121-field2></Rec-121></Rec-12></Rec-1><Rec-1><Record-Type>1</Record-Type><Record-Name>Rec-1</Record-Name><r1-field1>2832</r1-field1><Rec-11><Record-Type>11</Record-Type><Record-Name>Rec-11</Record-Name><r11-field1>2842</r11-field1><Rec-111><Record-Type>111</Record-Type><Record-Name>Rec-111</Record-Name><r111-field1>2852</r111-field1><r111-field2>2853</r111-field2></Rec-111><Rec-111><Record-Type>111</Record-Type><Record-Name>Rec-111</Record-Name><r111-field1>2862</r111-field1><r111-field2>2863</r111-field2></Rec-111><Rec-111><Record-Type>111</Record-Type><Record-Name>Rec-111</Record-Name><r111-field1>2872</r111-field1><r111-field2>2873</r111-field2></Rec-111><Rec-111><Record-Type>111</Record-Type><Record-Name>Rec-111</Record-Name><r111-field1>2882</r111-field1><r111-field2>2883</r111-field2></Rec-111><Rec-111><Record-Type>111</Record-Type><Record-Name>Rec-111</Record-Name><r111-field1>2892</r111-field1><r111-field2>2893</r111-field2></Rec-111><Rec-112><Record-Type>112</Record-Type><Record-Name>Rec-112</Record-Name><r112-field1>2902</r112-field1></Rec-112><Rec-112><Record-Type>112</Record-Type><Record-Name>Rec-112</Record-Name><r112-field1>2912</r112-field1></Rec-112><Rec-112><Record-Type>112</Record-Type><Record-Name>Rec-112</Record-Name><r112-field1>2922</r112-field1></Rec-112><Rec-112><Record-Type>112</Record-Type><Record-Name>Rec-112</Record-Name><r112-field1>2932</r112-field1></Rec-112><Rec-112><Record-Type>112</Record-Type><Record-Name>Rec-112</Record-Name><r112-field1>2942</r112-field1></Rec-112><Rec-113><Record-Type>113</Record-Type><Record-Name>Rec-113</Record-Name><r113-field1>2952</r113-field1><r113-field2>2953</r113-field2><r113-field3>2954</r113-field3></Rec-113><Rec-113><Record-Type>113</Record-Type><Record-Name>Rec-113</Record-Name><r113-field1>2962</r113-field1><r113-field2>2963</r113-field2><r113-field3>2964</r113-field3></Rec-113><Rec-113><Record-Type>113</Record-Type><Record-Name>Rec-113</Record-Name><r113-field1>2972</r113-field1><r113-field2>2973</r113-field2><r113-field3>2974</r113-field3></Rec-113><Rec-113><Record-Type>113</Record-Type><Record-Name>Rec-113</Record-Name><r113-field1>2982</r113-field1><r113-field2>2983</r113-field2><r113-field3>2984</r113-field3></Rec-113><Rec-113><Record-Type>113</Record-Type><Record-Name>Rec-113</Record-Name><r113-field1>2992</r113-field1><r113-field2>2993</r113-field2><r113-field3>2994</r113-field3></Rec-113></Rec-11><Rec-11><Record-Type>11</Record-Type><Record-Name>Rec-11</Record-Name><r11-field1>3002</r11-field1></Rec-11><Rec-11><Record-Type>11</Record-Type><Record-Name>Rec-11</Record-Name><r11-field1>3012</r11-field1><Rec-111><Record-Type>111</Record-Type><Record-Name>Rec-111</Record-Name><r111-field1>3022</r111-field1><r111-field2>3023</r111-field2></Rec-111><Rec-112><Record-Type>112</Record-Type><Record-Name>Rec-112</Record-Name><r112-field1>3032</r112-field1></Rec-112><Rec-113><Record-Type>113</Record-Type><Record-Name>Rec-113</Record-Name><r113-field1>3042</r113-field1><r113-field2>3043</r113-field2><r113-field3>3044</r113-field3></Rec-113></Rec-11><Rec-11><Record-Type>11</Record-Type><Record-Name>Rec-11</Record-Name><r11-field1>3052</r11-field1><Rec-111><Record-Type>111</Record-Type><Record-Name>Rec-111</Record-Name><r111-field1>3062</r111-field1><r111-field2>3063</r111-field2></Rec-111><Rec-111><Record-Type>111</Record-Type><Record-Name>Rec-111</Record-Name><r111-field1>3072</r111-field1><r111-field2>3073</r111-field2></Rec-111><Rec-111><Record-Type>111</Record-Type><Record-Name>Rec-111</Record-Name><r111-field1>3082</r111-field1><r111-field2>3083</r111-field2></Rec-111><Rec-112><Record-Type>112</Record-Type><Record-Name>Rec-112</Record-Name><r112-field1>3092</r112-field1></Rec-112><Rec-112><Record-Type>112</Record-Type><Record-Name>Rec-112</Record-Name><r112-field1>3102</r112-field1></Rec-112><Rec-112><Record-Type>112</Record-Type><Record-Name>Rec-112</Record-Name><r112-field1>3112</r112-field1></Rec-112><Rec-113><Record-Type>113</Record-Type><Record-Name>Rec-113</Record-Name><r113-field1>3122</r113-field1><r113-field2>3123</r113-field2><r113-field3>3124</r113-field3></Rec-113><Rec-113><Record-Type>113</Record-Type><Record-Name>Rec-113</Record-Name><r113-field1>3132</r113-field1><r113-field2>3133</r113-field2><r113-field3>3134</r113-field3></Rec-113><Rec-113><Record-Type>113</Record-Type><Record-Name>Rec-113</Record-Name><r113-field1>3142</r113-field1><r113-field2>3143</r113-field2><r113-field3>3144</r113-field3></Rec-113></Rec-11><Rec-11><Record-Type>11</Record-Type><Record-Name>Rec-11</Record-Name><r11-field1>3152</r11-field1><Rec-111><Record-Type>111</Record-Type><Record-Name>Rec-111</Record-Name><r111-field1>3162</r111-field1><r111-field2>3163</r111-field2></Rec-111><Rec-111><Record-Type>111</Record-Type><Record-Name>Rec-111</Record-Name><r111-field1>3172</r111-field1><r111-field2>3173</r111-field2></Rec-111><Rec-111><Record-Type>111</Record-Type><Record-Name>Rec-111</Record-Name><r111-field1>3182</r111-field1><r111-field2>3183</r111-field2></Rec-111><Rec-111><Record-Type>111</Record-Type><Record-Name>Rec-111</Record-Name><r111-field1>3192</r111-field1><r111-field2>3193</r111-field2></Rec-111><Rec-111><Record-Type>111</Record-Type><Record-Name>Rec-111</Record-Name><r111-field1>3202</r111-field1><r111-field2>3203</r111-field2></Rec-111><Rec-112><Record-Type>112</Record-Type><Record-Name>Rec-112</Record-Name><r112-field1>3212</r112-field1></Rec-112><Rec-112><Record-Type>112</Record-Type><Record-Name>Rec-112</Record-Name><r112-field1>3222</r112-field1></Rec-112><Rec-112><Record-Type>112</Record-Type><Record-Name>Rec-112</Record-Name><r112-field1>3232</r112-field1></Rec-112><Rec-112><Record-Type>112</Record-Type><Record-Name>Rec-112</Record-Name><r112-field1>3242</r112-field1></Rec-112><Rec-112><Record-Type>112</Record-Type><Record-Name>Rec-112</Record-Name><r112-field1>3252</r112-field1></Rec-112><Rec-113><Record-Type>113</Record-Type><Record-Name>Rec-113</Record-Name><r113-field1>3262</r113-field1><r113-field2>3263</r113-field2><r113-field3>3264</r113-field3></Rec-113><Rec-113><Record-Type>113</Record-Type><Record-Name>Rec-113</Record-Name><r113-field1>3272</r113-field1><r113-field2>3273</r113-field2><r113-field3>3274</r113-field3></Rec-113><Rec-113><Record-Type>113</Record-Type><Record-Name>Rec-113</Record-Name><r113-field1>3282</r113-field1><r113-field2>3283</r113-field2><r113-field3>3284</r113-field3></Rec-113><Rec-113><Record-Type>113</Record-Type><Record-Name>Rec-113</Record-Name><r113-field1>3292</r113-field1><r113-field2>3293</r113-field2><r113-field3>3294</r113-field3></Rec-113><Rec-113><Record-Type>113</Record-Type><Record-Name>Rec-113</Record-Name><r113-field1>3302</r113-field1><r113-field2>3303</r113-field2><r113-field3>3304</r113-field3></Rec-113></Rec-11><Rec-12><Record-Type>12</Record-Type><Record-Name>Rec-12</Record-Name><r12-field1>3312</r12-field1><Rec-121><Record-Type>121</Record-Type><Record-Name>Rec-121</Record-Name><r121-field1>3322</r121-field1><r121-field2>3323</r121-field2></Rec-121><Rec-121><Record-Type>121</Record-Type><Record-Name>Rec-121</Record-Name><r121-field1>3332</r121-field1><r121-field2>3333</r121-field2></Rec-121><Rec-121><Record-Type>121</Record-Type><Record-Name>Rec-121</Record-Name><r121-field1>3342</r121-field1><r121-field2>3343</r121-field2></Rec-121></Rec-12><Rec-12><Record-Type>12</Record-Type><Record-Name>Rec-12</Record-Name><r12-field1>3352</r12-field1></Rec-12><Rec-12><Record-Type>12</Record-Type><Record-Name>Rec-12</Record-Name><r12-field1>3362</r12-field1><Rec-121><Record-Type>121</Record-Type><Record-Name>Rec-121</Record-Name><r121-field1>3372</r121-field1><r121-field2>3373</r121-field2></Rec-121></Rec-12></Rec-1><Rec-1><Record-Type>1</Record-Type><Record-Name>Rec-1</Record-Name><r1-field1>3382</r1-field1></Rec-1><Rec-2><Record-Type>2</Record-Type><Record-Name>Rec-2</Record-Name><r2-field1>3392</r2-field1><Rec-21><Record-Type>21</Record-Type><Record-Name>Rec-21</Record-Name><r11-field1>3402</r11-field1></Rec-21><Rec-21><Record-Type>21</Record-Type><Record-Name>Rec-21</Record-Name><r11-field1>3412</r11-field1><Rec-211><Record-Type>211</Record-Type><Record-Name>Rec-211</Record-Name><r211-field1>3422</r211-field1><r211-field2>3423</r211-field2></Rec-211></Rec-21><Rec-21><Record-Type>21</Record-Type><Record-Name>Rec-21</Record-Name><r11-field1>3432</r11-field1><Rec-211><Record-Type>211</Record-Type><Record-Name>Rec-211</Record-Name><r211-field1>3442</r211-field1><r211-field2>3443</r211-field2></Rec-211><Rec-211><Record-Type>211</Record-Type><Record-Name>Rec-211</Record-Name><r211-field1>3452</r211-field1><r211-field2>3453</r211-field2></Rec-211><Rec-211><Record-Type>211</Record-Type><Record-Name>Rec-211</Record-Name><r211-field1>3462</r211-field1><r211-field2>3463</r211-field2></Rec-211></Rec-21></Rec-2><Rec-2><Record-Type>2</Record-Type><Record-Name>Rec-2</Record-Name><r2-field1>3472</r2-field1><Rec-21><Record-Type>21</Record-Type><Record-Name>Rec-21</Record-Name><r11-field1>3482</r11-field1><Rec-211><Record-Type>211</Record-Type><Record-Name>Rec-211</Record-Name><r211-field1>3492</r211-field1><r211-field2>3493</r211-field2></Rec-211><Rec-211><Record-Type>211</Record-Type><Record-Name>Rec-211</Record-Name><r211-field1>3502</r211-field1><r211-field2>3503</r211-field2></Rec-211><Rec-211><Record-Type>211</Record-Type><Record-Name>Rec-211</Record-Name><r211-field1>3512</r211-field1><r211-field2>3513</r211-field2></Rec-211><Rec-211><Record-Type>211</Record-Type><Record-Name>Rec-211</Record-Name><r211-field1>3522</r211-field1><r211-field2>3523</r211-field2></Rec-211><Rec-211><Record-Type>211</Record-Type><Record-Name>Rec-211</Record-Name><r211-field1>3532</r211-field1><r211-field2>3533</r211-field2></Rec-211></Rec-21><Rec-21><Record-Type>21</Record-Type><Record-Name>Rec-21</Record-Name><r11-field1>3542</r11-field1></Rec-21><Rec-21><Record-Type>21</Record-Type><Record-Name>Rec-21</Record-Name><r11-field1>3552</r11-field1><Rec-211><Record-Type>211</Record-Type><Record-Name>Rec-211</Record-Name><r211-field1>3562</r211-field1><r211-field2>3563</r211-field2></Rec-211></Rec-21><Rec-21><Record-Type>21</Record-Type><Record-Name>Rec-21</Record-Name><r11-field1>3572</r11-field1><Rec-211><Record-Type>211</Record-Type><Record-Name>Rec-211</Record-Name><r211-field1>3582</r211-field1><r211-field2>3583</r211-field2></Rec-211><Rec-211><Record-Type>211</Record-Type><Record-Name>Rec-211</Record-Name><r211-field1>3592</r211-field1><r211-field2>3593</r211-field2></Rec-211><Rec-211><Record-Type>211</Record-Type><Record-Name>Rec-211</Record-Name><r211-field1>3602</r211-field1><r211-field2>3603</r211-field2></Rec-211></Rec-21><Rec-21><Record-Type>21</Record-Type><Record-Name>Rec-21</Record-Name><r11-field1>3612</r11-field1><Rec-211><Record-Type>211</Record-Type><Record-Name>Rec-211</Record-Name><r211-field1>3622</r211-field1><r211-field2>3623</r211-field2></Rec-211><Rec-211><Record-Type>211</Record-Type><Record-Name>Rec-211</Record-Name><r211-field1>3632</r211-field1><r211-field2>3633</r211-field2></Rec-211><Rec-211><Record-Type>211</Record-Type><Record-Name>Rec-211</Record-Name><r211-field1>3642</r211-field1><r211-field2>3643</r211-field2></Rec-211><Rec-211><Record-Type>211</Record-Type><Record-Name>Rec-211</Record-Name><r211-field1>3652</r211-field1><r211-field2>3653</r211-field2></Rec-211><Rec-211><Record-Type>211</Record-Type><Record-Name>Rec-211</Record-Name><r211-field1>3662</r211-field1><r211-field2>3663</r211-field2></Rec-211></Rec-21></Rec-2><Rec-2><Record-Type>2</Record-Type><Record-Name>Rec-2</Record-Name><r2-field1>3672</r2-field1></Rec-2><Rec-1><Record-Type>1</Record-Type><Record-Name>Rec-1</Record-Name><r1-field1>3682</r1-field1><Rec-11><Record-Type>11</Record-Type><Record-Name>Rec-11</Record-Name><r11-field1>3692</r11-field1></Rec-11><Rec-12><Record-Type>12</Record-Type><Record-Name>Rec-12</Record-Name><r12-field1>3702</r12-field1><Rec-121><Record-Type>121</Record-Type><Record-Name>Rec-121</Record-Name><r121-field1>3712</r121-field1><r121-field2>3713</r121-field2></Rec-121><Rec-121><Record-Type>121</Record-Type><Record-Name>Rec-121</Record-Name><r121-field1>3722</r121-field1><r121-field2>3723</r121-field2></Rec-121><Rec-121><Record-Type>121</Record-Type><Record-Name>Rec-121</Record-Name><r121-field1>3732</r121-field1><r121-field2>3733</r121-field2></Rec-121></Rec-12></Rec-1><Rec-1><Record-Type>1</Record-Type><Record-Name>Rec-1</Record-Name><r1-field1>3742</r1-field1><Rec-11><Record-Type>11</Record-Type><Record-Name>Rec-11</Record-Name><r11-field1>3752</r11-field1><Rec-111><Record-Type>111</Record-Type><Record-Name>Rec-111</Record-Name><r111-field1>3762</r111-field1><r111-field2>3763</r111-field2></Rec-111><Rec-112><Record-Type>112</Record-Type><Record-Name>Rec-112</Record-Name><r112-field1>3772</r112-field1></Rec-112><Rec-113><Record-Type>113</Record-Type><Record-Name>Rec-113</Record-Name><r113-field1>3782</r113-field1><r113-field2>3783</r113-field2><r113-field3>3784</r113-field3></Rec-113></Rec-11><Rec-11><Record-Type>11</Record-Type><Record-Name>Rec-11</Record-Name><r11-field1>3792</r11-field1><Rec-111><Record-Type>111</Record-Type><Record-Name>Rec-111</Record-Name><r111-field1>3802</r111-field1><r111-field2>3803</r111-field2></Rec-111><Rec-111><Record-Type>111</Record-Type><Record-Name>Rec-111</Record-Name><r111-field1>3812</r111-field1><r111-field2>3813</r111-field2></Rec-111><Rec-111><Record-Type>111</Record-Type><Record-Name>Rec-111</Record-Name><r111-field1>3822</r111-field1><r111-field2>3823</r111-field2></Rec-111><Rec-112><Record-Type>112</Record-Type><Record-Name>Rec-112</Record-Name><r112-field1>3832</r112-field1></Rec-112><Rec-112><Record-Type>112</Record-Type><Record-Name>Rec-112</Record-Name><r112-field1>3842</r112-field1></Rec-112><Rec-112><Record-Type>112</Record-Type><Record-Name>Rec-112</Record-Name><r112-field1>3852</r112-field1></Rec-112><Rec-113><Record-Type>113</Record-Type><Record-Name>Rec-113</Record-Name><r113-field1>3862</r113-field1><r113-field2>3863</r113-field2><r113-field3>3864</r113-field3></Rec-113><Rec-113><Record-Type>113</Record-Type><Record-Name>Rec-113</Record-Name><r113-field1>3872</r113-field1><r113-field2>3873</r113-field2><r113-field3>3874</r113-field3></Rec-113><Rec-113><Record-Type>113</Record-Type><Record-Name>Rec-113</Record-Name><r113-field1>3882</r113-field1><r113-field2>3883</r113-field2><r113-field3>3884</r113-field3></Rec-113></Rec-11><Rec-11><Record-Type>11</Record-Type><Record-Name>Rec-11</Record-Name><r11-field1>3892</r11-field1><Rec-111><Record-Type>111</Record-Type><Record-Name>Rec-111</Record-Name><r111-field1>3902</r111-field1><r111-field2>3903</r111-field2></Rec-111><Rec-111><Record-Type>111</Record-Type><Record-Name>Rec-111</Record-Name><r111-field1>3912</r111-field1><r111-field2>3913</r111-field2></Rec-111><Rec-111><Record-Type>111</Record-Type><Record-Name>Rec-111</Record-Name><r111-field1>3922</r111-field1><r111-field2>3923</r111-field2></Rec-111><Rec-111><Record-Type>111</Record-Type><Record-Name>Rec-111</Record-Name><r111-field1>3932</r111-field1><r111-field2>3933</r111-field2></Rec-111><Rec-111><Record-Type>111</Record-Type><Record-Name>Rec-111</Record-Name><r111-field1>3942</r111-field1><r111-field2>3943</r111-field2></Rec-111><Rec-112><Record-Type>112</Record-Type><Record-Name>Rec-112</Record-Name><r112-field1>3952</r112-field1></Rec-112><Rec-112><Record-Type>112</Record-Type><Record-Name>Rec-112</Record-Name><r112-field1>3962</r112-field1></Rec-112><Rec-112><Record-Type>112</Record-Type><Record-Name>Rec-112</Record-Name><r112-field1>3972</r112-field1></Rec-112><Rec-112><Record-Type>112</Record-Type><Record-Name>Rec-112</Record-Name><r112-field1>3982</r112-field1></Rec-112><Rec-112><Record-Type>112</Record-Type><Record-Name>Rec-112</Record-Name><r112-field1>3992</r112-field1></Rec-112><Rec-113><Record-Type>113</Record-Type><Record-Name>Rec-113</Record-Name><r113-field1>4002</r113-field1><r113-field2>4003</r113-field2><r113-field3>4004</r113-field3></Rec-113><Rec-113><Record-Type>113</Record-Type><Record-Name>Rec-113</Record-Name><r113-field1>4012</r113-field1><r113-field2>4013</r113-field2><r113-field3>4014</r113-field3></Rec-113><Rec-113><Record-Type>113</Record-Type><Record-Name>Rec-113</Record-Name><r113-field1>4022</r113-field1><r113-field2>4023</r113-field2><r113-field3>4024</r113-field3></Rec-113><Rec-113><Record-Type>113</Record-Type><Record-Name>Rec-113</Record-Name><r113-field1>4032</r113-field1><r113-field2>4033</r113-field2><r113-field3>4034</r113-field3></Rec-113><Rec-113><Record-Type>113</Record-Type><Record-Name>Rec-113</Record-Name><r113-field1>4042</r113-field1><r113-field2>4043</r113-field2><r113-field3>4044</r113-field3></Rec-113></Rec-11><Rec-12><Record-Type>12</Record-Type><Record-Name>Rec-12</Record-Name><r12-field1>4052</r12-field1></Rec-12><Rec-12><Record-Type>12</Record-Type><Record-Name>Rec-12</Record-Name><r12-field1>4062</r12-field1><Rec-121><Record-Type>121</Record-Type><Record-Name>Rec-121</Record-Name><r121-field1>4072</r121-field1><r121-field2>4073</r121-field2></Rec-121></Rec-12><Rec-12><Record-Type>12</Record-Type><Record-Name>Rec-12</Record-Name><r12-field1>4082</r12-field1><Rec-121><Record-Type>121</Record-Type><Record-Name>Rec-121</Record-Name><r121-field1>4092</r121-field1><r121-field2>4093</r121-field2></Rec-121><Rec-121><Record-Type>121</Record-Type><Record-Name>Rec-121</Record-Name><r121-field1>4102</r121-field1><r121-field2>4103</r121-field2></Rec-121><Rec-121><Record-Type>121</Record-Type><Record-Name>Rec-121</Record-Name><r121-field1>4112</r121-field1><r121-field2>4113</r121-field2></Rec-121></Rec-12></Rec-1><Rec-1><Record-Type>1</Record-Type><Record-Name>Rec-1</Record-Name><r1-field1>4122</r1-field1><Rec-11><Record-Type>11</Record-Type><Record-Name>Rec-11</Record-Name><r11-field1>4132</r11-field1></Rec-11><Rec-11><Record-Type>11</Record-Type><Record-Name>Rec-11</Record-Name><r11-field1>4142</r11-field1><Rec-111><Record-Type>111</Record-Type><Record-Name>Rec-111</Record-Name><r111-field1>4152</r111-field1><r111-field2>4153</r111-field2></Rec-111><Rec-112><Record-Type>112</Record-Type><Record-Name>Rec-112</Record-Name><r112-field1>4162</r112-field1></Rec-112><Rec-113><Record-Type>113</Record-Type><Record-Name>Rec-113</Record-Name><r113-field1>4172</r113-field1><r113-field2>4173</r113-field2><r113-field3>4174</r113-field3></Rec-113></Rec-11><Rec-11><Record-Type>11</Record-Type><Record-Name>Rec-11</Record-Name><r11-field1>4182</r11-field1><Rec-111><Record-Type>111</Record-Type><Record-Name>Rec-111</Record-Name><r111-field1>4192</r111-field1><r111-field2>4193</r111-field2></Rec-111><Rec-111><Record-Type>111</Record-Type><Record-Name>Rec-111</Record-Name><r111-field1>4202</r111-field1><r111-field2>4203</r111-field2></Rec-111><Rec-111><Record-Type>111</Record-Type><Record-Name>Rec-111</Record-Name><r111-field1>4212</r111-field1><r111-field2>4213</r111-field2></Rec-111><Rec-112><Record-Type>112</Record-Type><Record-Name>Rec-112</Record-Name><r112-field1>4222</r112-field1></Rec-112><Rec-112><Record-Type>112</Record-Type><Record-Name>Rec-112</Record-Name><r112-field1>4232</r112-field1></Rec-112><Rec-112><Record-Type>112</Record-Type><Record-Name>Rec-112</Record-Name><r112-field1>4242</r112-field1></Rec-112><Rec-113><Record-Type>113</Record-Type><Record-Name>Rec-113</Record-Name><r113-field1>4252</r113-field1><r113-field2>4253</r113-field2><r113-field3>4254</r113-field3></Rec-113><Rec-113><Record-Type>113</Record-Type><Record-Name>Rec-113</Record-Name><r113-field1>4262</r113-field1><r113-field2>4263</r113-field2><r113-field3>4264</r113-field3></Rec-113><Rec-113><Record-Type>113</Record-Type><Record-Name>Rec-113</Record-Name><r113-field1>4272</r113-field1><r113-field2>4273</r113-field2><r113-field3>4274</r113-field3></Rec-113></Rec-11><Rec-11><Record-Type>11</Record-Type><Record-Name>Rec-11</Record-Name><r11-field1>4282</r11-field1><Rec-111><Record-Type>111</Record-Type><Record-Name>Rec-111</Record-Name><r111-field1>4292</r111-field1><r111-field2>4293</r111-field2></Rec-111><Rec-111><Record-Type>111</Record-Type><Record-Name>Rec-111</Record-Name><r111-field1>4302</r111-field1><r111-field2>4303</r111-field2></Rec-111><Rec-111><Record-Type>111</Record-Type><Record-Name>Rec-111</Record-Name><r111-field1>4312</r111-field1><r111-field2>4313</r111-field2></Rec-111><Rec-111><Record-Type>111</Record-Type><Record-Name>Rec-111</Record-Name><r111-field1>4322</r111-field1><r111-field2>4323</r111-field2></Rec-111><Rec-111><Record-Type>111</Record-Type><Record-Name>Rec-111</Record-Name><r111-field1>4332</r111-field1><r111-field2>4333</r111-field2></Rec-111><Rec-112><Record-Type>112</Record-Type><Record-Name>Rec-112</Record-Name><r112-field1>4342</r112-field1></Rec-112><Rec-112><Record-Type>112</Record-Type><Record-Name>Rec-112</Record-Name><r112-field1>4352</r112-field1></Rec-112><Rec-112><Record-Type>112</Record-Type><Record-Name>Rec-112</Record-Name><r112-field1>4362</r112-field1></Rec-112><Rec-112><Record-Type>112</Record-Type><Record-Name>Rec-112</Record-Name><r112-field1>4372</r112-field1></Rec-112><Rec-112><Record-Type>112</Record-Type><Record-Name>Rec-112</Record-Name><r112-field1>4382</r112-field1></Rec-112><Rec-113><Record-Type>113</Record-Type><Record-Name>Rec-113</Record-Name><r113-field1>4392</r113-field1><r113-field2>4393</r113-field2><r113-field3>4394</r113-field3></Rec-113><Rec-113><Record-Type>113</Record-Type><Record-Name>Rec-113</Record-Name><r113-field1>4402</r113-field1><r113-field2>4403</r113-field2><r113-field3>4404</r113-field3></Rec-113><Rec-113><Record-Type>113</Record-Type><Record-Name>Rec-113</Record-Name><r113-field1>4412</r113-field1><r113-field2>4413</r113-field2><r113-field3>4414</r113-field3></Rec-113><Rec-113><Record-Type>113</Record-Type><Record-Name>Rec-113</Record-Name><r113-field1>4422</r113-field1><r113-field2>4423</r113-field2><r113-field3>4424</r113-field3></Rec-113><Rec-113><Record-Type>113</Record-Type><Record-Name>Rec-113</Record-Name><r113-field1>4432</r113-field1><r113-field2>4433</r113-field2><r113-field3>4434</r113-field3></Rec-113></Rec-11><Rec-11><Record-Type>11</Record-Type><Record-Name>Rec-11</Record-Name><r11-field1>4442</r11-field1></Rec-11></Rec-1><Rec-1><Record-Type>1</Record-Type><Record-Name>Rec-1</Record-Name><r1-field1>4452</r1-field1><Rec-12><Record-Type>12</Record-Type><Record-Name>Rec-12</Record-Name><r12-field1>4462</r12-field1></Rec-12></Rec-1><Rec-1><Record-Type>1</Record-Type><Record-Name>Rec-1</Record-Name><r1-field1>4472</r1-field1><Rec-11><Record-Type>11</Record-Type><Record-Name>Rec-11</Record-Name><r11-field1>4482</r11-field1><Rec-111><Record-Type>111</Record-Type><Record-Name>Rec-111</Record-Name><r111-field1>4492</r111-field1><r111-field2>4493</r111-field2></Rec-111><Rec-112><Record-Type>112</Record-Type><Record-Name>Rec-112</Record-Name><r112-field1>4502</r112-field1></Rec-112><Rec-113><Record-Type>113</Record-Type><Record-Name>Rec-113</Record-Name><r113-field1>4512</r113-field1><r113-field2>4513</r113-field2><r113-field3>4514</r113-field3></Rec-113></Rec-11><Rec-12><Record-Type>12</Record-Type><Record-Name>Rec-12</Record-Name><r12-field1>4522</r12-field1><Rec-121><Record-Type>121</Record-Type><Record-Name>Rec-121</Record-Name><r121-field1>4532</r121-field1><r121-field2>4533</r121-field2></Rec-121></Rec-12><Rec-12><Record-Type>12</Record-Type><Record-Name>Rec-12</Record-Name><r12-field1>4542</r12-field1><Rec-121><Record-Type>121</Record-Type><Record-Name>Rec-121</Record-Name><r121-field1>4552</r121-field1><r121-field2>4553</r121-field2></Rec-121><Rec-121><Record-Type>121</Record-Type><Record-Name>Rec-121</Record-Name><r121-field1>4562</r121-field1><r121-field2>4563</r121-field2></Rec-121><Rec-121><Record-Type>121</Record-Type><Record-Name>Rec-121</Record-Name><r121-field1>4572</r121-field1><r121-field2>4573</r121-field2></Rec-121></Rec-12><Rec-12><Record-Type>12</Record-Type><Record-Name>Rec-12</Record-Name><r12-field1>4582</r12-field1></Rec-12></Rec-1><Rec-2><Record-Type>2</Record-Type><Record-Name>Rec-2</Record-Name><r2-field1>4592</r2-field1><Rec-21><Record-Type>21</Record-Type><Record-Name>Rec-21</Record-Name><r11-field1>4602</r11-field1></Rec-21></Rec-2><Rec-2><Record-Type>2</Record-Type><Record-Name>Rec-2</Record-Name><r2-field1>4612</r2-field1><Rec-21><Record-Type>21</Record-Type><Record-Name>Rec-21</Record-Name><r11-field1>4622</r11-field1><Rec-211><Record-Type>211</Record-Type><Record-Name>Rec-211</Record-Name><r211-field1>4632</r211-field1><r211-field2>4633</r211-field2></Rec-211></Rec-21><Rec-21><Record-Type>21</Record-Type><Record-Name>Rec-21</Record-Name><r11-field1>4642</r11-field1><Rec-211><Record-Type>211</Record-Type><Record-Name>Rec-211</Record-Name><r211-field1>4652</r211-field1><r211-field2>4653</r211-field2></Rec-211><Rec-211><Record-Type>211</Record-Type><Record-Name>Rec-211</Record-Name><r211-field1>4662</r211-field1><r211-field2>4663</r211-field2></Rec-211><Rec-211><Record-Type>211</Record-Type><Record-Name>Rec-211</Record-Name><r211-field1>4672</r211-field1><r211-field2>4673</r211-field2></Rec-211></Rec-21><Rec-21><Record-Type>21</Record-Type><Record-Name>Rec-21</Record-Name><r11-field1>4682</r11-field1><Rec-211><Record-Type>211</Record-Type><Record-Name>Rec-211</Record-Name><r211-field1>4692</r211-field1><r211-field2>4693</r211-field2></Rec-211><Rec-211><Record-Type>211</Record-Type><Record-Name>Rec-211</Record-Name><r211-field1>4702</r211-field1><r211-field2>4703</r211-field2></Rec-211><Rec-211><Record-Type>211</Record-Type><Record-Name>Rec-211</Record-Name><r211-field1>4712</r211-field1><r211-field2>4713</r211-field2></Rec-211><Rec-211><Record-Type>211</Record-Type><Record-Name>Rec-211</Record-Name><r211-field1>4722</r211-field1><r211-field2>4723</r211-field2></Rec-211><Rec-211><Record-Type>211</Record-Type><Record-Name>Rec-211</Record-Name><r211-field1>4732</r211-field1><r211-field2>4733</r211-field2></Rec-211></Rec-21></Rec-2><Rec-2><Record-Type>2</Record-Type><Record-Name>Rec-2</Record-Name><r2-field1>4742</r2-field1><Rec-21><Record-Type>21</Record-Type><Record-Name>Rec-21</Record-Name><r11-field1>4752</r11-field1></Rec-21><Rec-21><Record-Type>21</Record-Type><Record-Name>Rec-21</Record-Name><r11-field1>4762</r11-field1><Rec-211><Record-Type>211</Record-Type><Record-Name>Rec-211</Record-Name><r211-field1>4772</r211-field1><r211-field2>4773</r211-field2></Rec-211></Rec-21><Rec-21><Record-Type>21</Record-Type><Record-Name>Rec-21</Record-Name><r11-field1>4782</r11-field1><Rec-211><Record-Type>211</Record-Type><Record-Name>Rec-211</Record-Name><r211-field1>4792</r211-field1><r211-field2>4793</r211-field2></Rec-211><Rec-211><Record-Type>211</Record-Type><Record-Name>Rec-211</Record-Name><r211-field1>4802</r211-field1><r211-field2>4803</r211-field2></Rec-211><Rec-211><Record-Type>211</Record-Type><Record-Name>Rec-211</Record-Name><r211-field1>4812</r211-field1><r211-field2>4813</r211-field2></Rec-211></Rec-21><Rec-21><Record-Type>21</Record-Type><Record-Name>Rec-21</Record-Name><r11-field1>4822</r11-field1><Rec-211><Record-Type>211</Record-Type><Record-Name>Rec-211</Record-Name><r211-field1>4832</r211-field1><r211-field2>4833</r211-field2></Rec-211><Rec-211><Record-Type>211</Record-Type><Record-Name>Rec-211</Record-Name><r211-field1>4842</r211-field1><r211-field2>4843</r211-field2></Rec-211><Rec-211><Record-Type>211</Record-Type><Record-Name>Rec-211</Record-Name><r211-field1>4852</r211-field1><r211-field2>4853</r211-field2></Rec-211><Rec-211><Record-Type>211</Record-Type><Record-Name>Rec-211</Record-Name><r211-field1>4862</r211-field1><r211-field2>4863</r211-field2></Rec-211><Rec-211><Record-Type>211</Record-Type><Record-Name>Rec-211</Record-Name><r211-field1>4872</r211-field1><r211-field2>4873</r211-field2></Rec-211></Rec-21><Rec-21><Record-Type>21</Record-Type><Record-Name>Rec-21</Record-Name><r11-field1>4882</r11-field1></Rec-21></Rec-2><Rec-2><Record-Type>2</Record-Type><Record-Name>Rec-2</Record-Name><r2-field1>4892</r2-field1></Rec-2><Rec-2><Record-Type>2</Record-Type><Record-Name>Rec-2</Record-Name><r2-field1>4902</r2-field1><Rec-21><Record-Type>21</Record-Type><Record-Name>Rec-21</Record-Name><r11-field1>4912</r11-field1><Rec-211><Record-Type>211</Record-Type><Record-Name>Rec-211</Record-Name><r211-field1>4922</r211-field1><r211-field2>4923</r211-field2></Rec-211></Rec-21></Rec-2><Rec-1><Record-Type>1</Record-Type><Record-Name>Rec-1</Record-Name><r1-field1>4932</r1-field1><Rec-11><Record-Type>11</Record-Type><Record-Name>Rec-11</Record-Name><r11-field1>4942</r11-field1><Rec-111><Record-Type>111</Record-Type><Record-Name>Rec-111</Record-Name><r111-field1>4952</r111-field1><r111-field2>4953</r111-field2></Rec-111><Rec-111><Record-Type>111</Record-Type><Record-Name>Rec-111</Record-Name><r111-field1>4962</r111-field1><r111-field2>4963</r111-field2></Rec-111><Rec-111><Record-Type>111</Record-Type><Record-Name>Rec-111</Record-Name><r111-field1>4972</r111-field1><r111-field2>4973</r111-field2></Rec-111><Rec-112><Record-Type>112</Record-Type><Record-Name>Rec-112</Record-Name><r112-field1>4982</r112-field1></Rec-112><Rec-112><Record-Type>112</Record-Type><Record-Name>Rec-112</Record-Name><r112-field1>4992</r112-field1></Rec-112><Rec-112><Record-Type>112</Record-Type><Record-Name>Rec-112</Record-Name><r112-field1>5002</r112-field1></Rec-112><Rec-113><Record-Type>113</Record-Type><Record-Name>Rec-113</Record-Name><r113-field1>5012</r113-field1><r113-field2>5013</r113-field2><r113-field3>5014</r113-field3></Rec-113><Rec-113><Record-Type>113</Record-Type><Record-Name>Rec-113</Record-Name><r113-field1>5022</r113-field1><r113-field2>5023</r113-field2><r113-field3>5024</r113-field3></Rec-113><Rec-113><Record-Type>113</Record-Type><Record-Name>Rec-113</Record-Name><r113-field1>5032</r113-field1><r113-field2>5033</r113-field2><r113-field3>5034</r113-field3></Rec-113></Rec-11><Rec-11><Record-Type>11</Record-Type><Record-Name>Rec-11</Record-Name><r11-field1>5042</r11-field1><Rec-111><Record-Type>111</Record-Type><Record-Name>Rec-111</Record-Name><r111-field1>5052</r111-field1><r111-field2>5053</r111-field2></Rec-111><Rec-111><Record-Type>111</Record-Type><Record-Name>Rec-111</Record-Name><r111-field1>5062</r111-field1><r111-field2>5063</r111-field2></Rec-111><Rec-111><Record-Type>111</Record-Type><Record-Name>Rec-111</Record-Name><r111-field1>5072</r111-field1><r111-field2>5073</r111-field2></Rec-111><Rec-111><Record-Type>111</Record-Type><Record-Name>Rec-111</Record-Name><r111-field1>5082</r111-field1><r111-field2>5083</r111-field2></Rec-111><Rec-111><Record-Type>111</Record-Type><Record-Name>Rec-111</Record-Name><r111-field1>5092</r111-field1><r111-field2>5093</r111-field2></Rec-111><Rec-112><Record-Type>112</Record-Type><Record-Name>Rec-112</Record-Name><r112-field1>5102</r112-field1></Rec-112><Rec-112><Record-Type>112</Record-Type><Record-Name>Rec-112</Record-Name><r112-field1>5112</r112-field1></Rec-112><Rec-112><Record-Type>112</Record-Type><Record-Name>Rec-112</Record-Name><r112-field1>5122</r112-field1></Rec-112><Rec-112><Record-Type>112</Record-Type><Record-Name>Rec-112</Record-Name><r112-field1>5132</r112-field1></Rec-112><Rec-112><Record-Type>112</Record-Type><Record-Name>Rec-112</Record-Name><r112-field1>5142</r112-field1></Rec-112><Rec-113><Record-Type>113</Record-Type><Record-Name>Rec-113</Record-Name><r113-field1>5152</r113-field1><r113-field2>5153</r113-field2><r113-field3>5154</r113-field3></Rec-113><Rec-113><Record-Type>113</Record-Type><Record-Name>Rec-113</Record-Name><r113-field1>5162</r113-field1><r113-field2>5163</r113-field2><r113-field3>5164</r113-field3></Rec-113><Rec-113><Record-Type>113</Record-Type><Record-Name>Rec-113</Record-Name><r113-field1>5172</r113-field1><r113-field2>5173</r113-field2><r113-field3>5174</r113-field3></Rec-113><Rec-113><Record-Type>113</Record-Type><Record-Name>Rec-113</Record-Name><r113-field1>5182</r113-field1><r113-field2>5183</r113-field2><r113-field3>5184</r113-field3></Rec-113><Rec-113><Record-Type>113</Record-Type><Record-Name>Rec-113</Record-Name><r113-field1>5192</r113-field1><r113-field2>5193</r113-field2><r113-field3>5194</r113-field3></Rec-113></Rec-11><Rec-11><Record-Type>11</Record-Type><Record-Name>Rec-11</Record-Name><r11-field1>5202</r11-field1></Rec-11></Rec-1><Rec-2><Record-Type>2</Record-Type><Record-Name>Rec-2</Record-Name><r2-field1>5212</r2-field1><Rec-21><Record-Type>21</Record-Type><Record-Name>Rec-21</Record-Name><r11-field1>5222</r11-field1><Rec-211><Record-Type>211</Record-Type><Record-Name>Rec-211</Record-Name><r211-field1>5232</r211-field1><r211-field2>5233</r211-field2></Rec-211><Rec-211><Record-Type>211</Record-Type><Record-Name>Rec-211</Record-Name><r211-field1>5242</r211-field1><r211-field2>5243</r211-field2></Rec-211><Rec-211><Record-Type>211</Record-Type><Record-Name>Rec-211</Record-Name><r211-field1>5252</r211-field1><r211-field2>5253</r211-field2></Rec-211></Rec-21><Rec-21><Record-Type>21</Record-Type><Record-Name>Rec-21</Record-Name><r11-field1>5262</r11-field1><Rec-211><Record-Type>211</Record-Type><Record-Name>Rec-211</Record-Name><r211-field1>5272</r211-field1><r211-field2>5273</r211-field2></Rec-211><Rec-211><Record-Type>211</Record-Type><Record-Name>Rec-211</Record-Name><r211-field1>5282</r211-field1><r211-field2>5283</r211-field2></Rec-211><Rec-211><Record-Type>211</Record-Type><Record-Name>Rec-211</Record-Name><r211-field1>5292</r211-field1><r211-field2>5293</r211-field2></Rec-211><Rec-211><Record-Type>211</Record-Type><Record-Name>Rec-211</Record-Name><r211-field1>5302</r211-field1><r211-field2>5303</r211-field2></Rec-211><Rec-211><Record-Type>211</Record-Type><Record-Name>Rec-211</Record-Name><r211-field1>5312</r211-field1><r211-field2>5313</r211-field2></Rec-211></Rec-21><Rec-21><Record-Type>21</Record-Type><Record-Name>Rec-21</Record-Name><r11-field1>5322</r11-field1></Rec-21></Rec-2></CobolData>