<?xml version="1.0" encoding="UTF-8"?><copybook><Store-dtls><Store-Num>20</Store-Num><Store-Name>Store: 20</Store-Name><Department-Dtls><Department-Num>170</Department-Num><Department-name>Department: 170</Department-name><Product-details><keycode>63604808</keycode><A-Sale><Qty>1</Qty><Price>4.87</Price><trans-type>S</trans-type></A-Sale><A-Sale><Qty></Qty><Price></Price><trans-type></trans-type></A-Sale><A-Sale><Qty></Qty><Price></Price><trans-type></trans-type></A-Sale><A-Sale><Qty></Qty><Price></Price><trans-type></trans-type></A-Sale><A-Sale><Qty></Qty><Price></Price><trans-type></trans-type></A-Sale></Product-details><Product-details><keycode></keycode><A-Sale><Qty></Qty><Price></Price><trans-type></trans-type></A-Sale><A-Sale><Qty></Qty><Price></Price><trans-type></trans-type></A-Sale><A-Sale><Qty></Qty><Price></Price><trans-type></trans-type></A-Sale><A-Sale><Qty></Qty><Price></Price><trans-type></trans-type></A-Sale><A-Sale><Qty></Qty><Price></Price><trans-type></trans-type></A-Sale></Product-details><Product-details><keycode></keycode><A-Sale><Qty></Qty><Price></Price><trans-type></trans-type></A-Sale><A-Sale><Qty></Qty><Price></Price><trans-type></trans-type></A-Sale><A-Sale><Qty></Qty><Price></Price><trans-type></trans-type></A-Sale><A-Sale><Qty></Qty><Price></Price><trans-type></trans-type></A-Sale><A-Sale><Qty></Qty><Price></Price><trans-type></trans-type></A-Sale></Product-details><Product-details><keycode></keycode><A-Sale><Qty></Qty><Price></Price><trans-type></trans-type></A-Sale><A-Sale><Qty></Qty><Price></Price><trans-type></trans-type></A-Sale><A-Sale><Qty></Qty><Price></Price><trans-type></trans-type></A-Sale><A-Sale><Qty></Qty><Price></Price><trans-type></trans-type></A-Sale><A-Sale><Qty></Qty><Price></Price><trans-type></trans-type></A-Sale></Product-details><Product-details><keycode></keycode><A-Sale><Qty></Qty><Price></Price><trans-type></trans-type></A-Sale><A-Sale><Qty></Qty><Price></Price><trans-type></trans-type></A-Sale><A-Sale><Qty></Qty><Price></Price><trans-type></trans-type></A-Sale><A-Sale><Qty></Qty><Price></Price><trans-type></trans-type></A-Sale><A-Sale><Qty></Qty><Price></Price><trans-type></trans-type></A-Sale></Product-details><Product-details><keycode></keycode><A-Sale><Qty></Qty><Price></Price><trans-type></trans-type></A-Sale><A-Sale><Qty></Qty><Price></Price><trans-type></trans-type></A-Sale><A-Sale><Qty></Qty><Price></Price><trans-type></trans-type></A-Sale><A-Sale><Qty></Qty><Price></Price><trans-type></trans-type></A-Sale><A-Sale><Qty></Qty><Price></Price><trans-type></trans-type></A-Sale></Product-details><Product-details><keycode></keycode><A-Sale><Qty></Qty><Price></Price><trans-type></trans-type></A-Sale><A-Sale><Qty></Qty><Price></Price><trans-type></trans-type></A-Sale><A-Sale><Qty></Qty><Price></Price><trans-type></trans-type></A-Sale><A-Sale><Qty></Qty><Price></Price><trans-type></trans-type></A-Sale><A-Sale><Qty></Qty><Price></Price><trans-type></trans-type></A-Sale></Product-details><Product-details><keycode></keycode><A-Sale><Qty></Qty><Price></Price><trans-type></trans-type></A-Sale><A-Sale><Qty></Qty><Price></Price><trans-type></trans-type></A-Sale><A-Sale><Qty></Qty><Price></Price><trans-type></trans-type></A-Sale><A-Sale><Qty></Qty><Price></Price><trans-type></trans-type></A-Sale><A-Sale><Qty></Qty><Price></Price><trans-type></trans-type></A-Sale></Product-details><Product-details><keycode></keycode><A-Sale><Qty></Qty><Price></Price><trans-type></trans-type></A-Sale><A-Sale><Qty></Qty><Price></Price><trans-type></trans-type></A-Sale><A-Sale><Qty></Qty><Price></Price><trans-type></trans-type></A-Sale><A-Sale><Qty></Qty><Price></Price><trans-type></trans-type></A-Sale><A-Sale><Qty></Qty><Price></Price><trans-type></trans-type></A-Sale></Product-details><Product-details><keycode></keycode><A-Sale><Qty></Qty><Price></Price><trans-type></trans-type></A-Sale><A-Sale><Qty></Qty><Price></Price><trans-type></trans-type></A-Sale><A-Sale><Qty></Qty><Price></Price><trans-type></trans-type></A-Sale><A-Sale><Qty></Qty><Price></Price><trans-type></trans-type></A-Sale><A-Sale><Qty></Qty><Price></Price><trans-type></trans-type></A-Sale></Product-details><Summary><Qty></Qty><Price></Price><Sku-Count></Sku-Count></Summary></Department-Dtls><Department-Dtls><Department-Num>280</Department-Num><Department-name>Department: 280</Department-name><Product-details><keycode>69684558</keycode><A-Sale><Qty>1</Qty><Price>19.00</Price><trans-type>S</trans-type></A-Sale><A-Sale><Qty>-1</Qty><Price>-19.00</Price><trans-type>R</trans-type></A-Sale><A-Sale><Qty>1</Qty><Price>5.01</Price><trans-type>S</trans-type></A-Sale><A-Sale><Qty></Qty><Price></Price><trans-type></trans-type></A-Sale><A-Sale><Qty></Qty><Price></Price><trans-type></trans-type></A-Sale></Product-details><Product-details><keycode>69694158</keycode><A-Sale><Qty>1</Qty><Price>19.00</Price><trans-type>S</trans-type></A-Sale><A-Sale><Qty>-1</Qty><Price>-19.00</Price><trans-type>R</trans-type></A-Sale><A-Sale><Qty>1</Qty><Price>5.01</Price><trans-type>S</trans-type></A-Sale><A-Sale><Qty></Qty><Price></Price><trans-type></trans-type></A-Sale><A-Sale><Qty></Qty><Price></Price><trans-type></trans-type></A-Sale></Product-details><Product-details><keycode></keycode><A-Sale><Qty></Qty><Price></Price><trans-type></trans-type></A-Sale><A-Sale><Qty></Qty><Price></Price><trans-type></trans-type></A-Sale><A-Sale><Qty></Qty><Price></Price><trans-type></trans-type></A-Sale><A-Sale><Qty></Qty><Price></Price><trans-type></trans-type></A-Sale><A-Sale><Qty></Qty><Price></Price><trans-type></trans-type></A-Sale></Product-details><Product-details><keycode></keycode><A-Sale><Qty></Qty><Price></Price><trans-type></trans-type></A-Sale><A-Sale><Qty></Qty><Price></Price><trans-type></trans-type></A-Sale><A-Sale><Qty></Qty><Price></Price><trans-type></trans-type></A-Sale><A-Sale><Qty></Qty><Price></Price><trans-type></trans-type></A-Sale><A-Sale><Qty></Qty><Price></Price><trans-type></trans-type></A-Sale></Product-details><Product-details><keycode></keycode><A-Sale><Qty></Qty><Price></Price><trans-type></trans-type></A-Sale><A-Sale><Qty></Qty><Price></Price><trans-type></trans-type></A-Sale><A-Sale><Qty></Qty><Price></Price><trans-type></trans-type></A-Sale><A-Sale><Qty></Qty><Price></Price><trans-type></trans-type></A-Sale><A-Sale><Qty></Qty><Price></Price><trans-type></trans-type></A-Sale></Product-details><Product-details><keycode></keycode><A-Sale><Qty></Qty><Price></Price><trans-type></trans-type></A-Sale><A-Sale><Qty></Qty><Price></Price><trans-type></trans-type></A-Sale><A-Sale><Qty></Qty><Price></Price><trans-type></trans-type></A-Sale><A-Sale><Qty></Qty><Price></Price><trans-type></trans-type></A-Sale><A-Sale><Qty></Qty><Price></Price><trans-type></trans-type></A-Sale></Product-details><Product-details><keycode></keycode><A-Sale><Qty></Qty><Price></Price><trans-type></trans-type></A-Sale><A-Sale><Qty></Qty><Price></Price><trans-type></trans-type></A-Sale><A-Sale><Qty></Qty><Price></Price><trans-type></trans-type></A-Sale><A-Sale><Qty></Qty><Price></Price><trans-type></trans-type></A-Sale><A-Sale><Qty></Qty><Price></Price><trans-type></trans-type></A-Sale></Product-details><Product-details><keycode></keycode><A-Sale><Qty></Qty><Price></Price><trans-type></trans-type></A-Sale><A-Sale><Qty></Qty><Price></Price><trans-type></trans-type></A-Sale><A-Sale><Qty></Qty><Price></Price><trans-type></trans-type></A-Sale><A-Sale><Qty></Qty><Price></Price><trans-type></trans-type></A-Sale><A-Sale><Qty></Qty><Price></Price><trans-type></trans-type></A-Sale></Product-details><Product-details><keycode></keycode><A-Sale><Qty></Qty><Price></Price><trans-type></trans-type></A-Sale><A-Sale><Qty></Qty><Price></Price><trans-type></trans-type></A-Sale><A-Sale><Qty></Qty><Price></Price><trans-type></trans-type></A-Sale><A-Sale><Qty></Qty><Price></Price><trans-type></trans-type></A-Sale><A-Sale><Qty></Qty><Price></Price><trans-type></trans-type></A-Sale></Product-details><Product-details><keycode></keycode><A-Sale><Qty></Qty><Price></Price><trans-type></trans-type></A-Sale><A-Sale><Qty></Qty><Price></Price><trans-type></trans-type></A-Sale><A-Sale><Qty></Qty><Price></Price><trans-type></trans-type></A-Sale><A-Sale><Qty></Qty><Price></Price><trans-type></trans-type></A-Sale><A-Sale><Qty></Qty><Price></Price><trans-type></trans-type></A-Sale></Product-details><Summary><Qty></Qty><Price></Price><Sku-Count></Sku-Count></Summary></Department-Dtls><Department-Dtls><Department-Num>685</Department-Num><Department-name>Department: 685</Department-name><Product-details><keycode>62684671</keycode><A-Sale><Qty>1</Qty><Price>69.99</Price><trans-type>S</trans-type></A-Sale><A-Sale><Qty>-1</Qty><Price>-69.99</Price><trans-type>R</trans-type></A-Sale><A-Sale><Qty></Qty><Price></Price><trans-type></trans-type></A-Sale><A-Sale><Qty></Qty><Price></Price><trans-type></trans-type></A-Sale><A-Sale><Qty></Qty><Price></Price><trans-type></trans-type></A-Sale></Product-details><Product-details><keycode></keycode><A-Sale><Qty></Qty><Price></Price><trans-type></trans-type></A-Sale><A-Sale><Qty></Qty><Price></Price><trans-type></trans-type></A-Sale><A-Sale><Qty></Qty><Price></Price><trans-type></trans-type></A-Sale><A-Sale><Qty></Qty><Price></Price><trans-type></trans-type></A-Sale><A-Sale><Qty></Qty><Price></Price><trans-type></trans-type></A-Sale></Product-details><Product-details><keycode></keycode><A-Sale><Qty></Qty><Price></Price><trans-type></trans-type></A-Sale><A-Sale><Qty></Qty><Price></Price><trans-type></trans-type></A-Sale><A-Sale><Qty></Qty><Price></Price><trans-type></trans-type></A-Sale><A-Sale><Qty></Qty><Price></Price><trans-type></trans-type></A-Sale><A-Sale><Qty></Qty><Price></Price><trans-type></trans-type></A-Sale></Product-details><Product-details><keycode></keycode><A-Sale><Qty></Qty><Price></Price><trans-type></trans-type></A-Sale><A-Sale><Qty></Qty><Price></Price><trans-type></trans-type></A-Sale><A-Sale><Qty></Qty><Price></Price><trans-type></trans-type></A-Sale><A-Sale><Qty></Qty><Price></Price><trans-type></trans-type></A-Sale><A-Sale><Qty></Qty><Price></Price><trans-type></trans-type></A-Sale></Product-details><Product-details><keycode></keycode><A-Sale><Qty></Qty><Price></Price><trans-type></trans-type></A-Sale><A-Sale><Qty></Qty><Price></Price><trans-type></trans-type></A-Sale><A-Sale><Qty></Qty><Price></Price><trans-type></trans-type></A-Sale><A-Sale><Qty></Qty><Price></Price><trans-type></trans-type></A-Sale><A-Sale><Qty></Qty><Price></Price><trans-type></trans-type></A-Sale></Product-details><Product-details><keycode></keycode><A-Sale><Qty></Qty><Price></Price><trans-type></trans-type></A-Sale><A-Sale><Qty></Qty><Price></Price><trans-type></trans-type></A-Sale><A-Sale><Qty></Qty><Price></Price><trans-type></trans-type></A-Sale><A-Sale><Qty></Qty><Price></Price><trans-type></trans-type></A-Sale><A-Sale><Qty></Qty><Price></Price><trans-type></trans-type></A-Sale></Product-details><Product-details><keycode></keycode><A-Sale><Qty></Qty><Price></Price><trans-type></trans-type></A-Sale><A-Sale><Qty></Qty><Price></Price><trans-type></trans-type></A-Sale><A-Sale><Qty></Qty><Price></Price><trans-type></trans-type></A-Sale><A-Sale><Qty></Qty><Price></Price><trans-type></trans-type></A-Sale><A-Sale><Qty></Qty><Price></Price><trans-type></trans-type></A-Sale></Product-details><Product-details><keycode></keycode><A-Sale><Qty></Qty><Price></Price><trans-type></trans-type></A-Sale><A-Sale><Qty></Qty><Price></Price><trans-type></trans-type></A-Sale><A-Sale><Qty></Qty><Price></Price><trans-type></trans-type></A-Sale><A-Sale><Qty></Qty><Price></Price><trans-type></trans-type></A-Sale><A-Sale><Qty></Qty><Price></Price><trans-type></trans-type></A-Sale></Product-details><Product-details><keycode></keycode><A-Sale><Qty></Qty><Price></Price><trans-type></trans-type></A-Sale><A-Sale><Qty></Qty><Price></Price><trans-type></trans-type></A-Sale><A-Sale><Qty></Qty><Price></Price><trans-type></trans-type></A-Sale><A-Sale><Qty></Qty><Price></Price><trans-type></trans-type></A-Sale><A-Sale><Qty></Qty><Price></Price><trans-type></trans-type></A-Sale></Product-details><Product-details><keycode></keycode><A-Sale><Qty></Qty><Price></Price><trans-type></trans-type></A-Sale><A-Sale><Qty></Qty><Price></Price><trans-type></trans-type></A-Sale><A-Sale><Qty></Qty><Price></Price><trans-type></trans-type></A-Sale><A-Sale><Qty></Qty><Price></Price><trans-type></trans-type></A-Sale><A-Sale><Qty></Qty><Price></Price><trans-type></trans-type></A-Sale></Product-details><Summary><Qty></Qty><Price></Price><Sku-Count></Sku-Count></Summary></Department-Dtls><Department-Dtls><Department-Num>929</Department-Num><Department-name>Department: 929</Department-name><Product-details><keycode>65674532</keycode><A-Sale><Qty>1</Qty><Price>3.59</Price><trans-type>S</trans-type></A-Sale><A-Sale><Qty></Qty><Price></Price><trans-type></trans-type></A-Sale><A-Sale><Qty></Qty><Price></Price><trans-type></trans-type></A-Sale><A-Sale><Qty></Qty><Price></Price><trans-type></trans-type></A-Sale><A-Sale><Qty></Qty><Price></Price><trans-type></trans-type></A-Sale></Product-details><Product-details><keycode></keycode><A-Sale><Qty></Qty><Price></Price><trans-type></trans-type></A-Sale><A-Sale><Qty></Qty><Price></Price><trans-type></trans-type></A-Sale><A-Sale><Qty></Qty><Price></Price><trans-type></trans-type></A-Sale><A-Sale><Qty></Qty><Price></Price><trans-type></trans-type></A-Sale><A-Sale><Qty></Qty><Price></Price><trans-type></trans-type></A-Sale></Product-details><Product-details><keycode></keycode><A-Sale><Qty></Qty><Price></Price><trans-type></trans-type></A-Sale><A-Sale><Qty></Qty><Price></Price><trans-type></trans-type></A-Sale><A-Sale><Qty></Qty><Price></Price><trans-type></trans-type></A-Sale><A-Sale><Qty></Qty><Price></Price><trans-type></trans-type></A-Sale><A-Sale><Qty></Qty><Price></Price><trans-type></trans-type></A-Sale></Product-details><Product-details><keycode></keycode><A-Sale><Qty></Qty><Price></Price><trans-type></trans-type></A-Sale><A-Sale><Qty></Qty><Price></Price><trans-type></trans-type></A-Sale><A-Sale><Qty></Qty><Price></Price><trans-type></trans-type></A-Sale><A-Sale><Qty></Qty><Price></Price><trans-type></trans-type></A-Sale><A-Sale><Qty></Qty><Price></Price><trans-type></trans-type></A-Sale></Product-details><Product-details><keycode></keycode><A-Sale><Qty></Qty><Price></Price><trans-type></trans-type></A-Sale><A-Sale><Qty></Qty><Price></Price><trans-type></trans-type></A-Sale><A-Sale><Qty></Qty><Price></Price><trans-type></trans-type></A-Sale><A-Sale><Qty></Qty><Price></Price><trans-type></trans-type></A-Sale><A-Sale><Qty></Qty><Price></Price><trans-type></trans-type></A-Sale></Product-details><Product-details><keycode></keycode><A-Sale><Qty></Qty><Price></Price><trans-type></trans-type></A-Sale><A-Sale><Qty></Qty><Price></Price><trans-type></trans-type></A-Sale><A-Sale><Qty></Qty><Price></Price><trans-type></trans-type></A-Sale><A-Sale><Qty></Qty><Price></Price><trans-type></trans-type></A-Sale><A-Sale><Qty></Qty><Price></Price><trans-type></trans-type></A-Sale></Product-details><Product-details><keycode></keycode><A-Sale><Qty></Qty><Price></Price><trans-type></trans-type></A-Sale><A-Sale><Qty></Qty><Price></Price><trans-type></trans-type></A-Sale><A-Sale><Qty></Qty><Price></Price><trans-type></trans-type></A-Sale><A-Sale><Qty></Qty><Price></Price><trans-type></trans-type></A-Sale><A-Sale><Qty></Qty><Price></Price><trans-type></trans-type></A-Sale></Product-details><Product-details><keycode></keycode><A-Sale><Qty></Qty><Price></Price><trans-type></trans-type></A-Sale><A-Sale><Qty></Qty><Price></Price><trans-type></trans-type></A-Sale><A-Sale><Qty></Qty><Price></Price><trans-type></trans-type></A-Sale><A-Sale><Qty></Qty><Price></Price><trans-type></trans-type></A-Sale><A-Sale><Qty></Qty><Price></Price><trans-type></trans-type></A-Sale></Product-details><Product-details><keycode></keycode><A-Sale><Qty></Qty><Price></Price><trans-type></trans-type></A-Sale><A-Sale><Qty></Qty><Price></Price><trans-type></trans-type></A-Sale><A-Sale><Qty></Qty><Price></Price><trans-type></trans-type></A-Sale><A-Sale><Qty></Qty><Price></Price><trans-type></trans-type></A-Sale><A-Sale><Qty></Qty><Price></Price><trans-type></trans-type></A-Sale></Product-details><Product-details><keycode></keycode><A-Sale><Qty></Qty><Price></Price><trans-type></trans-type></A-Sale><A-Sale><Qty></Qty><Price></Price><trans-type></trans-type></A-Sale><A-Sale><Qty></Qty><Price></Price><trans-type></trans-type></A-Sale><A-Sale><Qty></Qty><Price></Price><trans-type></trans-type></A-Sale><A-Sale><Qty></Qty><Price></Price><trans-type></trans-type></A-Sale></Product-details><Summary><Qty></Qty><Price></Price><Sku-Count></Sku-Count></Summary></Department-Dtls><Department-Dtls><Department-Num>957</Department-Num><Department-name>Department: 957</Department-name><Product-details><keycode>63674861</keycode><A-Sale><Qty>10</Qty><Price>2.70</Price><trans-type>S</trans-type></A-Sale><A-Sale><Qty></Qty><Price></Price><trans-type></trans-type></A-Sale><A-Sale><Qty></Qty><Price></Price><trans-type></trans-type></A-Sale><A-Sale><Qty></Qty><Price></Price><trans-type></trans-type></A-Sale><A-Sale><Qty></Qty><Price></Price><trans-type></trans-type></A-Sale></Product-details><Product-details><keycode>64634429</keycode><A-Sale><Qty>1</Qty><Price>3.99</Price><trans-type>S</trans-type></A-Sale><A-Sale><Qty></Qty><Price></Price><trans-type></trans-type></A-Sale><A-Sale><Qty></Qty><Price></Price><trans-type></trans-type></A-Sale><A-Sale><Qty></Qty><Price></Price><trans-type></trans-type></A-Sale><A-Sale><Qty></Qty><Price></Price><trans-type></trans-type></A-Sale></Product-details><Product-details><keycode>66624458</keycode><A-Sale><Qty>1</Qty><Price>0.89</Price><trans-type>S</trans-type></A-Sale><A-Sale><Qty></Qty><Price></Price><trans-type></trans-type></A-Sale><A-Sale><Qty></Qty><Price></Price><trans-type></trans-type></A-Sale><A-Sale><Qty></Qty><Price></Price><trans-type></trans-type></A-Sale><A-Sale><Qty></Qty><Price></Price><trans-type></trans-type></A-Sale></Product-details><Product-details><keycode></keycode><A-Sale><Qty></Qty><Price></Price><trans-type></trans-type></A-Sale><A-Sale><Qty></Qty><Price></Price><trans-type></trans-type></A-Sale><A-Sale><Qty></Qty><Price></Price><trans-type></trans-type></A-Sale><A-Sale><Qty></Qty><Price></Price><trans-type></trans-type></A-Sale><A-Sale><Qty></Qty><Price></Price><trans-type></trans-type></A-Sale></Product-details><Product-details><keycode></keycode><A-Sale><Qty></Qty><Price></Price><trans-type></trans-type></A-Sale><A-Sale><Qty></Qty><Price></Price><trans-type></trans-type></A-Sale><A-Sale><Qty></Qty><Price></Price><trans-type></trans-type></A-Sale><A-Sale><Qty></Qty><Price></Price><trans-type></trans-type></A-Sale><A-Sale><Qty></Qty><Price></Price><trans-type></trans-type></A-Sale></Product-details><Product-details><keycode></keycode><A-Sale><Qty></Qty><Price></Price><trans-type></trans-type></A-Sale><A-Sale><Qty></Qty><Price></Price><trans-type></trans-type></A-Sale><A-Sale><Qty></Qty><Price></Price><trans-type></trans-type></A-Sale><A-Sale><Qty></Qty><Price></Price><trans-type></trans-type></A-Sale><A-Sale><Qty></Qty><Price></Price><trans-type></trans-type></A-Sale></Product-details><Product-details><keycode></keycode><A-Sale><Qty></Qty><Price></Price><trans-type></trans-type></A-Sale><A-Sale><Qty></Qty><Price></Price><trans-type></trans-type></A-Sale><A-Sale><Qty></Qty><Price></Price><trans-type></trans-type></A-Sale><A-Sale><Qty></Qty><Price></Price><trans-type></trans-type></A-Sale><A-Sale><Qty></Qty><Price></Price><trans-type></trans-type></A-Sale></Product-details><Product-details><keycode></keycode><A-Sale><Qty></Qty><Price></Price><trans-type></trans-type></A-Sale><A-Sale><Qty></Qty><Price></Price><trans-type></trans-type></A-Sale><A-Sale><Qty></Qty><Price></Price><trans-type></trans-type></A-Sale><A-Sale><Qty></Qty><Price></Price><trans-type></trans-type></A-Sale><A-Sale><Qty></Qty><Price></Price><trans-type></trans-type></A-Sale></Product-details><Product-details><keycode></keycode><A-Sale><Qty></Qty><Price></Price><trans-type></trans-type></A-Sale><A-Sale><Qty></Qty><Price></Price><trans-type></trans-type></A-Sale><A-Sale><Qty></Qty><Price></Price><trans-type></trans-type></A-Sale><A-Sale><Qty></Qty><Price></Price><trans-type></trans-type></A-Sale><A-Sale><Qty></Qty><Price></Price><trans-type></trans-type></A-Sale></Product-details><Product-details><keycode></keycode><A-Sale><Qty></Qty><Price></Price><trans-type></trans-type></A-Sale><A-Sale><Qty></Qty><Price></Price><trans-type></trans-type></A-Sale><A-Sale><Qty></Qty><Price></Price><trans-type></trans-type></A-Sale><A-Sale><Qty></Qty><Price></Price><trans-type></trans-type></A-Sale><A-Sale><Qty></Qty><Price></Price><trans-type></trans-type></A-Sale></Product-details><Summary><Qty></Qty><Price></Price><Sku-Count></Sku-Count></Summary></Department-Dtls><Orders><keycode>63674861</keycode><Qty>10</Qty></Orders><Orders><keycode>64634429</keycode><Qty>1</Qty></Orders><Orders><keycode></keycode><Qty></Qty></Orders><Orders><keycode></keycode><Qty></Qty></Orders><Orders><keycode></keycode><Qty></Qty></Orders><Orders><keycode></keycode><Qty></Qty></Orders><Orders><keycode></keycode><Qty></Qty></Orders><Orders><keycode></keycode><Qty></Qty></Orders><Orders><keycode></keycode><Qty></Qty></Orders><Orders><keycode></keycode><Qty></Qty></Orders><Orders><keycode></keycode><Qty></Qty></Orders><Orders><keycode></keycode><Qty></Qty></Orders><Orders><keycode></keycode><Qty></Qty></Orders><Orders><keycode></keycode><Qty></Qty></Orders><Orders><keycode></keycode><Qty></Qty></Orders><Summary><Qty></Qty><Price></Price><Sku-Count></Sku-Count></Summary></Store-dtls><Store-dtls><Store-Num>59</Store-Num><Store-Name>Store: 59</Store-Name><Department-Dtls><Department-Num>335</Department-Num><Department-name>Department: 335</Department-name><Product-details><keycode>61664713</keycode><A-Sale><Qty>1</Qty><Price>17.99</Price><trans-type>S</trans-type></A-Sale><A-Sale><Qty>-1</Qty><Price>-17.99</Price><trans-type>R</trans-type></A-Sale><A-Sale><Qty></Qty><Price></Price><trans-type></trans-type></A-Sale><A-Sale><Qty></Qty><Price></Price><trans-type></trans-type></A-Sale><A-Sale><Qty></Qty><Price></Price><trans-type></trans-type></A-Sale></Product-details><Product-details><keycode>61684613</keycode><A-Sale><Qty>1</Qty><Price>12.99</Price><trans-type>S</trans-type></A-Sale><A-Sale><Qty></Qty><Price></Price><trans-type></trans-type></A-Sale><A-Sale><Qty></Qty><Price></Price><trans-type></trans-type></A-Sale><A-Sale><Qty></Qty><Price></Price><trans-type></trans-type></A-Sale><A-Sale><Qty></Qty><Price></Price><trans-type></trans-type></A-Sale></Product-details><Product-details><keycode></keycode><A-Sale><Qty></Qty><Price></Price><trans-type></trans-type></A-Sale><A-Sale><Qty></Qty><Price></Price><trans-type></trans-type></A-Sale><A-Sale><Qty></Qty><Price></Price><trans-type></trans-type></A-Sale><A-Sale><Qty></Qty><Price></Price><trans-type></trans-type></A-Sale><A-Sale><Qty></Qty><Price></Price><trans-type></trans-type></A-Sale></Product-details><Product-details><keycode></keycode><A-Sale><Qty></Qty><Price></Price><trans-type></trans-type></A-Sale><A-Sale><Qty></Qty><Price></Price><trans-type></trans-type></A-Sale><A-Sale><Qty></Qty><Price></Price><trans-type></trans-type></A-Sale><A-Sale><Qty></Qty><Price></Price><trans-type></trans-type></A-Sale><A-Sale><Qty></Qty><Price></Price><trans-type></trans-type></A-Sale></Product-details><Product-details><keycode></keycode><A-Sale><Qty></Qty><Price></Price><trans-type></trans-type></A-Sale><A-Sale><Qty></Qty><Price></Price><trans-type></trans-type></A-Sale><A-Sale><Qty></Qty><Price></Price><trans-type></trans-type></A-Sale><A-Sale><Qty></Qty><Price></Price><trans-type></trans-type></A-Sale><A-Sale><Qty></Qty><Price></Price><trans-type></trans-type></A-Sale></Product-details><Product-details><keycode></keycode><A-Sale><Qty></Qty><Price></Price><trans-type></trans-type></A-Sale><A-Sale><Qty></Qty><Price></Price><trans-type></trans-type></A-Sale><A-Sale><Qty></Qty><Price></Price><trans-type></trans-type></A-Sale><A-Sale><Qty></Qty><Price></Price><trans-type></trans-type></A-Sale><A-Sale><Qty></Qty><Price></Price><trans-type></trans-type></A-Sale></Product-details><Product-details><keycode></keycode><A-Sale><Qty></Qty><Price></Price><trans-type></trans-type></A-Sale><A-Sale><Qty></Qty><Price></Price><trans-type></trans-type></A-Sale><A-Sale><Qty></Qty><Price></Price><trans-type></trans-type></A-Sale><A-Sale><Qty></Qty><Price></Price><trans-type></trans-type></A-Sale><A-Sale><Qty></Qty><Price></Price><trans-type></trans-type></A-Sale></Product-details><Product-details><keycode></keycode><A-Sale><Qty></Qty><Price></Price><trans-type></trans-type></A-Sale><A-Sale><Qty></Qty><Price></Price><trans-type></trans-type></A-Sale><A-Sale><Qty></Qty><Price></Price><trans-type></trans-type></A-Sale><A-Sale><Qty></Qty><Price></Price><trans-type></trans-type></A-Sale><A-Sale><Qty></Qty><Price></Price><trans-type></trans-type></A-Sale></Product-details><Product-details><keycode></keycode><A-Sale><Qty></Qty><Price></Price><trans-type></trans-type></A-Sale><A-Sale><Qty></Qty><Price></Price><trans-type></trans-type></A-Sale><A-Sale><Qty></Qty><Price></Price><trans-type></trans-type></A-Sale><A-Sale><Qty></Qty><Price></Price><trans-type></trans-type></A-Sale><A-Sale><Qty></Qty><Price></Price><trans-type></trans-type></A-Sale></Product-details><Product-details><keycode></keycode><A-Sale><Qty></Qty><Price></Price><trans-type></trans-type></A-Sale><A-Sale><Qty></Qty><Price></Price><trans-type></trans-type></A-Sale><A-Sale><Qty></Qty><Price></Price><trans-type></trans-type></A-Sale><A-Sale><Qty></Qty><Price></Price><trans-type></trans-type></A-Sale><A-Sale><Qty></Qty><Price></Price><trans-type></trans-type></A-Sale></Product-details><Summary><Qty></Qty><Price></Price><Sku-Count></Sku-Count></Summary></Department-Dtls><Department-Dtls><Department-Num>410</Department-Num><Department-name>Department: 410</Department-name><Product-details><keycode>68634752</keycode><A-Sale><Qty>1</Qty><Price>8.99</Price><trans-type>S</trans-type></A-Sale><A-Sale><Qty></Qty><Price></Price><trans-type></trans-type></A-Sale><A-Sale><Qty></Qty><Price></Price><trans-type></trans-type></A-Sale><A-Sale><Qty></Qty><Price></Price><trans-type></trans-type></A-Sale><A-Sale><Qty></Qty><Price></Price><trans-type></trans-type></A-Sale></Product-details><Product-details><keycode></keycode><A-Sale><Qty></Qty><Price></Price><trans-type></trans-type></A-Sale><A-Sale><Qty></Qty><Price></Price><trans-type></trans-type></A-Sale><A-Sale><Qty></Qty><Price></Price><trans-type></trans-type></A-Sale><A-Sale><Qty></Qty><Price></Price><trans-type></trans-type></A-Sale><A-Sale><Qty></Qty><Price></Price><trans-type></trans-type></A-Sale></Product-details><Product-details><keycode></keycode><A-Sale><Qty></Qty><Price></Price><trans-type></trans-type></A-Sale><A-Sale><Qty></Qty><Price></Price><trans-type></trans-type></A-Sale><A-Sale><Qty></Qty><Price></Price><trans-type></trans-type></A-Sale><A-Sale><Qty></Qty><Price></Price><trans-type></trans-type></A-Sale><A-Sale><Qty></Qty><Price></Price><trans-type></trans-type></A-Sale></Product-details><Product-details><keycode></keycode><A-Sale><Qty></Qty><Price></Price><trans-type></trans-type></A-Sale><A-Sale><Qty></Qty><Price></Price><trans-type></trans-type></A-Sale><A-Sale><Qty></Qty><Price></Price><trans-type></trans-type></A-Sale><A-Sale><Qty></Qty><Price></Price><trans-type></trans-type></A-Sale><A-Sale><Qty></Qty><Price></Price><trans-type></trans-type></A-Sale></Product-details><Product-details><keycode></keycode><A-Sale><Qty></Qty><Price></Price><trans-type></trans-type></A-Sale><A-Sale><Qty></Qty><Price></Price><trans-type></trans-type></A-Sale><A-Sale><Qty></Qty><Price></Price><trans-type></trans-type></A-Sale><A-Sale><Qty></Qty><Price></Price><trans-type></trans-type></A-Sale><A-Sale><Qty></Qty><Price></Price><trans-type></trans-type></A-Sale></Product-details><Product-details><keycode></keycode><A-Sale><Qty></Qty><Price></Price><trans-type></trans-type></A-Sale><A-Sale><Qty></Qty><Price></Price><trans-type></trans-type></A-Sale><A-Sale><Qty></Qty><Price></Price><trans-type></trans-type></A-Sale><A-Sale><Qty></Qty><Price></Price><trans-type></trans-type></A-Sale><A-Sale><Qty></Qty><Price></Price><trans-type></trans-type></A-Sale></Product-details><Product-details><keycode></keycode><A-Sale><Qty></Qty><Price></Price><trans-type></trans-type></A-Sale><A-Sale><Qty></Qty><Price></Price><trans-type></trans-type></A-Sale><A-Sale><Qty></Qty><Price></Price><trans-type></trans-type></A-Sale><A-Sale><Qty></Qty><Price></Price><trans-type></trans-type></A-Sale><A-Sale><Qty></Qty><Price></Price><trans-type></trans-type></A-Sale></Product-details><Product-details><keycode></keycode><A-Sale><Qty></Qty><Price></Price><trans-type></trans-type></A-Sale><A-Sale><Qty></Qty><Price></Price><trans-type></trans-type></A-Sale><A-Sale><Qty></Qty><Price></Price><trans-type></trans-type></A-Sale><A-Sale><Qty></Qty><Price></Price><trans-type></trans-type></A-Sale><A-Sale><Qty></Qty><Price></Price><trans-type></trans-type></A-Sale></Product-details><Product-details><keycode></keycode><A-Sale><Qty></Qty><Price></Price><trans-type></trans-type></A-Sale><A-Sale><Qty></Qty><Price></Price><trans-type></trans-type></A-Sale><A-Sale><Qty></Qty><Price></Price><trans-type></trans-type></A-Sale><A-Sale><Qty></Qty><Price></Price><trans-type></trans-type></A-Sale><A-Sale><Qty></Qty><Price></Price><trans-type></trans-type></A-Sale></Product-details><Product-details><keycode></keycode><A-Sale><Qty></Qty><Price></Price><trans-type></trans-type></A-Sale><A-Sale><Qty></Qty><Price></Price><trans-type></trans-type></A-Sale><A-Sale><Qty></Qty><Price></Price><trans-type></trans-type></A-Sale><A-Sale><Qty></Qty><Price></Price><trans-type></trans-type></A-Sale><A-Sale><Qty></Qty><Price></Price><trans-type></trans-type></A-Sale></Product-details><Summary><Qty></Qty><Price></Price><Sku-Count></Sku-Count></Summary></Department-Dtls><Department-Dtls><Department-Num>620</Department-Num><Department-name>Department: 620</Department-name><Product-details><keycode>60664659</keycode><A-Sale><Qty>1</Qty><Price>3.99</Price><trans-type>S</trans-type></A-Sale><A-Sale><Qty></Qty><Price></Price><trans-type></trans-type></A-Sale><A-Sale><Qty></Qty><Price></Price><trans-type></trans-type></A-Sale><A-Sale><Qty></Qty><Price></Price><trans-type></trans-type></A-Sale><A-Sale><Qty></Qty><Price></Price><trans-type></trans-type></A-Sale></Product-details><Product-details><keycode>60694698</keycode><A-Sale><Qty>1</Qty><Price>3.99</Price><trans-type>S</trans-type></A-Sale><A-Sale><Qty></Qty><Price></Price><trans-type></trans-type></A-Sale><A-Sale><Qty></Qty><Price></Price><trans-type></trans-type></A-Sale><A-Sale><Qty></Qty><Price></Price><trans-type></trans-type></A-Sale><A-Sale><Qty></Qty><Price></Price><trans-type></trans-type></A-Sale></Product-details><Product-details><keycode></keycode><A-Sale><Qty></Qty><Price></Price><trans-type></trans-type></A-Sale><A-Sale><Qty></Qty><Price></Price><trans-type></trans-type></A-Sale><A-Sale><Qty></Qty><Price></Price><trans-type></trans-type></A-Sale><A-Sale><Qty></Qty><Price></Price><trans-type></trans-type></A-Sale><A-Sale><Qty></Qty><Price></Price><trans-type></trans-type></A-Sale></Product-details><Product-details><keycode></keycode><A-Sale><Qty></Qty><Price></Price><trans-type></trans-type></A-Sale><A-Sale><Qty></Qty><Price></Price><trans-type></trans-type></A-Sale><A-Sale><Qty></Qty><Price></Price><trans-type></trans-type></A-Sale><A-Sale><Qty></Qty><Price></Price><trans-type></trans-type></A-Sale><A-Sale><Qty></Qty><Price></Price><trans-type></trans-type></A-Sale></Product-details><Product-details><keycode></keycode><A-Sale><Qty></Qty><Price></Price><trans-type></trans-type></A-Sale><A-Sale><Qty></Qty><Price></Price><trans-type></trans-type></A-Sale><A-Sale><Qty></Qty><Price></Price><trans-type></trans-type></A-Sale><A-Sale><Qty></Qty><Price></Price><trans-type></trans-type></A-Sale><A-Sale><Qty></Qty><Price></Price><trans-type></trans-type></A-Sale></Product-details><Product-details><keycode></keycode><A-Sale><Qty></Qty><Price></Price><trans-type></trans-type></A-Sale><A-Sale><Qty></Qty><Price></Price><trans-type></trans-type></A-Sale><A-Sale><Qty></Qty><Price></Price><trans-type></trans-type></A-Sale><A-Sale><Qty></Qty><Price></Price><trans-type></trans-type></A-Sale><A-Sale><Qty></Qty><Price></Price><trans-type></trans-type></A-Sale></Product-details><Product-details><keycode></keycode><A-Sale><Qty></Qty><Price></Price><trans-type></trans-type></A-Sale><A-Sale><Qty></Qty><Price></Price><trans-type></trans-type></A-Sale><A-Sale><Qty></Qty><Price></Price><trans-type></trans-type></A-Sale><A-Sale><Qty></Qty><Price></Price><trans-type></trans-type></A-Sale><A-Sale><Qty></Qty><Price></Price><trans-type></trans-type></A-Sale></Product-details><Product-details><keycode></keycode><A-Sale><Qty></Qty><Price></Price><trans-type></trans-type></A-Sale><A-Sale><Qty></Qty><Price></Price><trans-type></trans-type></A-Sale><A-Sale><Qty></Qty><Price></Price><trans-type></trans-type></A-Sale><A-Sale><Qty></Qty><Price></Price><trans-type></trans-type></A-Sale><A-Sale><Qty></Qty><Price></Price><trans-type></trans-type></A-Sale></Product-details><Product-details><keycode></keycode><A-Sale><Qty></Qty><Price></Price><trans-type></trans-type></A-Sale><A-Sale><Qty></Qty><Price></Price><trans-type></trans-type></A-Sale><A-Sale><Qty></Qty><Price></Price><trans-type></trans-type></A-Sale><A-Sale><Qty></Qty><Price></Price><trans-type></trans-type></A-Sale><A-Sale><Qty></Qty><Price></Price><trans-type></trans-type></A-Sale></Product-details><Product-details><keycode></keycode><A-Sale><Qty></Qty><Price></Price><trans-type></trans-type></A-Sale><A-Sale><Qty></Qty><Price></Price><trans-type></trans-type></A-Sale><A-Sale><Qty></Qty><Price></Price><trans-type></trans-type></A-Sale><A-Sale><Qty></Qty><Price></Price><trans-type></trans-type></A-Sale><A-Sale><Qty></Qty><Price></Price><trans-type></trans-type></A-Sale></Product-details><Summary><Qty></Qty><Price></Price><Sku-Count></Sku-Count></Summary></Department-Dtls><Department-Dtls><Department-Num>878</Department-Num><Department-name>Department: 878</Department-name><Product-details><keycode>60614487</keycode><A-Sale><Qty>1</Qty><Price>5.95</Price><trans-type>S</trans-type></A-Sale><A-Sale><Qty></Qty><Price></Price><trans-type></trans-type></A-Sale><A-Sale><Qty></Qty><Price></Price><trans-type></trans-type></A-Sale><A-Sale><Qty></Qty><Price></Price><trans-type></trans-type></A-Sale><A-Sale><Qty></Qty><Price></Price><trans-type></trans-type></A-Sale></Product-details><Product-details><keycode>63644339</keycode><A-Sale><Qty>1</Qty><Price>12.65</Price><trans-type>S</trans-type></A-Sale><A-Sale><Qty></Qty><Price></Price><trans-type></trans-type></A-Sale><A-Sale><Qty></Qty><Price></Price><trans-type></trans-type></A-Sale><A-Sale><Qty></Qty><Price></Price><trans-type></trans-type></A-Sale><A-Sale><Qty></Qty><Price></Price><trans-type></trans-type></A-Sale></Product-details><Product-details><keycode></keycode><A-Sale><Qty></Qty><Price></Price><trans-type></trans-type></A-Sale><A-Sale><Qty></Qty><Price></Price><trans-type></trans-type></A-Sale><A-Sale><Qty></Qty><Price></Price><trans-type></trans-type></A-Sale><A-Sale><Qty></Qty><Price></Price><trans-type></trans-type></A-Sale><A-Sale><Qty></Qty><Price></Price><trans-type></trans-type></A-Sale></Product-details><Product-details><keycode></keycode><A-Sale><Qty></Qty><Price></Price><trans-type></trans-type></A-Sale><A-Sale><Qty></Qty><Price></Price><trans-type></trans-type></A-Sale><A-Sale><Qty></Qty><Price></Price><trans-type></trans-type></A-Sale><A-Sale><Qty></Qty><Price></Price><trans-type></trans-type></A-Sale><A-Sale><Qty></Qty><Price></Price><trans-type></trans-type></A-Sale></Product-details><Product-details><keycode></keycode><A-Sale><Qty></Qty><Price></Price><trans-type></trans-type></A-Sale><A-Sale><Qty></Qty><Price></Price><trans-type></trans-type></A-Sale><A-Sale><Qty></Qty><Price></Price><trans-type></trans-type></A-Sale><A-Sale><Qty></Qty><Price></Price><trans-type></trans-type></A-Sale><A-Sale><Qty></Qty><Price></Price><trans-type></trans-type></A-Sale></Product-details><Product-details><keycode></keycode><A-Sale><Qty></Qty><Price></Price><trans-type></trans-type></A-Sale><A-Sale><Qty></Qty><Price></Price><trans-type></trans-type></A-Sale><A-Sale><Qty></Qty><Price></Price><trans-type></trans-type></A-Sale><A-Sale><Qty></Qty><Price></Price><trans-type></trans-type></A-Sale><A-Sale><Qty></Qty><Price></Price><trans-type></trans-type></A-Sale></Product-details><Product-details><keycode></keycode><A-Sale><Qty></Qty><Price></Price><trans-type></trans-type></A-Sale><A-Sale><Qty></Qty><Price></Price><trans-type></trans-type></A-Sale><A-Sale><Qty></Qty><Price></Price><trans-type></trans-type></A-Sale><A-Sale><Qty></Qty><Price></Price><trans-type></trans-type></A-Sale><A-Sale><Qty></Qty><Price></Price><trans-type></trans-type></A-Sale></Product-details><Product-details><keycode></keycode><A-Sale><Qty></Qty><Price></Price><trans-type></trans-type></A-Sale><A-Sale><Qty></Qty><Price></Price><trans-type></trans-type></A-Sale><A-Sale><Qty></Qty><Price></Price><trans-type></trans-type></A-Sale><A-Sale><Qty></Qty><Price></Price><trans-type></trans-type></A-Sale><A-Sale><Qty></Qty><Price></Price><trans-type></trans-type></A-Sale></Product-details><Product-details><keycode></keycode><A-Sale><Qty></Qty><Price></Price><trans-type></trans-type></A-Sale><A-Sale><Qty></Qty><Price></Price><trans-type></trans-type></A-Sale><A-Sale><Qty></Qty><Price></Price><trans-type></trans-type></A-Sale><A-Sale><Qty></Qty><Price></Price><trans-type></trans-type></A-Sale><A-Sale><Qty></Qty><Price></Price><trans-type></trans-type></A-Sale></Product-details><Product-details><keycode></keycode><A-Sale><Qty></Qty><Price></Price><trans-type></trans-type></A-Sale><A-Sale><Qty></Qty><Price></Price><trans-type></trans-type></A-Sale><A-Sale><Qty></Qty><Price></Price><trans-type></trans-type></A-Sale><A-Sale><Qty></Qty><Price></Price><trans-type></trans-type></A-Sale><A-Sale><Qty></Qty><Price></Price><trans-type></trans-type></A-Sale></Product-details><Summary><Qty></Qty><Price></Price><Sku-Count></Sku-Count></Summary></Department-Dtls><Department-Dtls><Department-Num>929</Department-Num><Department-name>Department: 929</Department-name><Product-details><keycode>67674686</keycode><A-Sale><Qty>1</Qty><Price>3.99</Price><trans-type>S</trans-type></A-Sale><A-Sale><Qty></Qty><Price></Price><trans-type></trans-type></A-Sale><A-Sale><Qty></Qty><Price></Price><trans-type></trans-type></A-Sale><A-Sale><Qty></Qty><Price></Price><trans-type></trans-type></A-Sale><A-Sale><Qty></Qty><Price></Price><trans-type></trans-type></A-Sale></Product-details><Product-details><keycode></keycode><A-Sale><Qty></Qty><Price></Price><trans-type></trans-type></A-Sale><A-Sale><Qty></Qty><Price></Price><trans-type></trans-type></A-Sale><A-Sale><Qty></Qty><Price></Price><trans-type></trans-type></A-Sale><A-Sale><Qty></Qty><Price></Price><trans-type></trans-type></A-Sale><A-Sale><Qty></Qty><Price></Price><trans-type></trans-type></A-Sale></Product-details><Product-details><keycode></keycode><A-Sale><Qty></Qty><Price></Price><trans-type></trans-type></A-Sale><A-Sale><Qty></Qty><Price></Price><trans-type></trans-type></A-Sale><A-Sale><Qty></Qty><Price></Price><trans-type></trans-type></A-Sale><A-Sale><Qty></Qty><Price></Price><trans-type></trans-type></A-Sale><A-Sale><Qty></Qty><Price></Price><trans-type></trans-type></A-Sale></Product-details><Product-details><keycode></keycode><A-Sale><Qty></Qty><Price></Price><trans-type></trans-type></A-Sale><A-Sale><Qty></Qty><Price></Price><trans-type></trans-type></A-Sale><A-Sale><Qty></Qty><Price></Price><trans-type></trans-type></A-Sale><A-Sale><Qty></Qty><Price></Price><trans-type></trans-type></A-Sale><A-Sale><Qty></Qty><Price></Price><trans-type></trans-type></A-Sale></Product-details><Product-details><keycode></keycode><A-Sale><Qty></Qty><Price></Price><trans-type></trans-type></A-Sale><A-Sale><Qty></Qty><Price></Price><trans-type></trans-type></A-Sale><A-Sale><Qty></Qty><Price></Price><trans-type></trans-type></A-Sale><A-Sale><Qty></Qty><Price></Price><trans-type></trans-type></A-Sale><A-Sale><Qty></Qty><Price></Price><trans-type></trans-type></A-Sale></Product-details><Product-details><keycode></keycode><A-Sale><Qty></Qty><Price></Price><trans-type></trans-type></A-Sale><A-Sale><Qty></Qty><Price></Price><trans-type></trans-type></A-Sale><A-Sale><Qty></Qty><Price></Price><trans-type></trans-type></A-Sale><A-Sale><Qty></Qty><Price></Price><trans-type></trans-type></A-Sale><A-Sale><Qty></Qty><Price></Price><trans-type></trans-type></A-Sale></Product-details><Product-details><keycode></keycode><A-Sale><Qty></Qty><Price></Price><trans-type></trans-type></A-Sale><A-Sale><Qty></Qty><Price></Price><trans-type></trans-type></A-Sale><A-Sale><Qty></Qty><Price></Price><trans-type></trans-type></A-Sale><A-Sale><Qty></Qty><Price></Price><trans-type></trans-type></A-Sale><A-Sale><Qty></Qty><Price></Price><trans-type></trans-type></A-Sale></Product-details><Product-details><keycode></keycode><A-Sale><Qty></Qty><Price></Price><trans-type></trans-type></A-Sale><A-Sale><Qty></Qty><Price></Price><trans-type></trans-type></A-Sale><A-Sale><Qty></Qty><Price></Price><trans-type></trans-type></A-Sale><A-Sale><Qty></Qty><Price></Price><trans-type></trans-type></A-Sale><A-Sale><Qty></Qty><Price></Price><trans-type></trans-type></A-Sale></Product-details><Product-details><keycode></keycode><A-Sale><Qty></Qty><Price></Price><trans-type></trans-type></A-Sale><A-Sale><Qty></Qty><Price></Price><trans-type></trans-type></A-Sale><A-Sale><Qty></Qty><Price></Price><trans-type></trans-type></A-Sale><A-Sale><Qty></Qty><Price></Price><trans-type></trans-type></A-Sale><A-Sale><Qty></Qty><Price></Price><trans-type></trans-type></A-Sale></Product-details><Product-details><keycode></keycode><A-Sale><Qty></Qty><Price></Price><trans-type></trans-type></A-Sale><A-Sale><Qty></Qty><Price></Price><trans-type></trans-type></A-Sale><A-Sale><Qty></Qty><Price></Price><trans-type></trans-type></A-Sale><A-Sale><Qty></Qty><Price></Price><trans-type></trans-type></A-Sale><A-Sale><Qty></Qty><Price></Price><trans-type></trans-type></A-Sale></Product-details><Summary><Qty></Qty><Price></Price><Sku-Count></Sku-Count></Summary></Department-Dtls><Orders><keycode>67674686</keycode><Qty>1</Qty></Orders><Orders><keycode>63644339</keycode><Qty>1</Qty></Orders><Orders><keycode></keycode><Qty></Qty></Orders><Orders><keycode></keycode><Qty></Qty></Orders><Orders><keycode></keycode><Qty></Qty></Orders><Orders><keycode></keycode><Qty></Qty></Orders><Orders><keycode></keycode><Qty></Qty></Orders><Orders><keycode></keycode><Qty></Qty></Orders><Orders><keycode></keycode><Qty></Qty></Orders><Orders><keycode></keycode><Qty></Qty></Orders><Orders><keycode></keycode><Qty></Qty></Orders><Orders><keycode></keycode><Qty></Qty></Orders><Orders><keycode></keycode><Qty></Qty></Orders><Orders><keycode></keycode><Qty></Qty></Orders><Orders><keycode></keycode><Qty></Qty></Orders><Summary><Qty></Qty><Price></Price><Sku-Count></Sku-Count></Summary></Store-dtls><Store-dtls><Store-Num>166</Store-Num><Store-Name>Store: 166</Store-Name><Department-Dtls><Department-Num>60</Department-Num><Department-name>Department: 60</Department-name><Product-details><keycode>60614646</keycode><A-Sale><Qty>1</Qty><Price>6.00</Price><trans-type>S</trans-type></A-Sale><A-Sale><Qty></Qty><Price></Price><trans-type></trans-type></A-Sale><A-Sale><Qty></Qty><Price></Price><trans-type></trans-type></A-Sale><A-Sale><Qty></Qty><Price></Price><trans-type></trans-type></A-Sale><A-Sale><Qty></Qty><Price></Price><trans-type></trans-type></A-Sale></Product-details><Product-details><keycode>60614707</keycode><A-Sale><Qty>1</Qty><Price>6.00</Price><trans-type>S</trans-type></A-Sale><A-Sale><Qty></Qty><Price></Price><trans-type></trans-type></A-Sale><A-Sale><Qty></Qty><Price></Price><trans-type></trans-type></A-Sale><A-Sale><Qty></Qty><Price></Price><trans-type></trans-type></A-Sale><A-Sale><Qty></Qty><Price></Price><trans-type></trans-type></A-Sale></Product-details><Product-details><keycode>68654655</keycode><A-Sale><Qty>1</Qty><Price>5.08</Price><trans-type>S</trans-type></A-Sale><A-Sale><Qty></Qty><Price></Price><trans-type></trans-type></A-Sale><A-Sale><Qty></Qty><Price></Price><trans-type></trans-type></A-Sale><A-Sale><Qty></Qty><Price></Price><trans-type></trans-type></A-Sale><A-Sale><Qty></Qty><Price></Price><trans-type></trans-type></A-Sale></Product-details><Product-details><keycode>69644897</keycode><A-Sale><Qty>1</Qty><Price>5.08</Price><trans-type>S</trans-type></A-Sale><A-Sale><Qty></Qty><Price></Price><trans-type></trans-type></A-Sale><A-Sale><Qty></Qty><Price></Price><trans-type></trans-type></A-Sale><A-Sale><Qty></Qty><Price></Price><trans-type></trans-type></A-Sale><A-Sale><Qty></Qty><Price></Price><trans-type></trans-type></A-Sale></Product-details><Product-details><keycode>69654084</keycode><A-Sale><Qty>1</Qty><Price>6.00</Price><trans-type>S</trans-type></A-Sale><A-Sale><Qty></Qty><Price></Price><trans-type></trans-type></A-Sale><A-Sale><Qty></Qty><Price></Price><trans-type></trans-type></A-Sale><A-Sale><Qty></Qty><Price></Price><trans-type></trans-type></A-Sale><A-Sale><Qty></Qty><Price></Price><trans-type></trans-type></A-Sale></Product-details><Product-details><keycode></keycode><A-Sale><Qty></Qty><Price></Price><trans-type></trans-type></A-Sale><A-Sale><Qty></Qty><Price></Price><trans-type></trans-type></A-Sale><A-Sale><Qty></Qty><Price></Price><trans-type></trans-type></A-Sale><A-Sale><Qty></Qty><Price></Price><trans-type></trans-type></A-Sale><A-Sale><Qty></Qty><Price></Price><trans-type></trans-type></A-Sale></Product-details><Product-details><keycode></keycode><A-Sale><Qty></Qty><Price></Price><trans-type></trans-type></A-Sale><A-Sale><Qty></Qty><Price></Price><trans-type></trans-type></A-Sale><A-Sale><Qty></Qty><Price></Price><trans-type></trans-type></A-Sale><A-Sale><Qty></Qty><Price></Price><trans-type></trans-type></A-Sale><A-Sale><Qty></Qty><Price></Price><trans-type></trans-type></A-Sale></Product-details><Product-details><keycode></keycode><A-Sale><Qty></Qty><Price></Price><trans-type></trans-type></A-Sale><A-Sale><Qty></Qty><Price></Price><trans-type></trans-type></A-Sale><A-Sale><Qty></Qty><Price></Price><trans-type></trans-type></A-Sale><A-Sale><Qty></Qty><Price></Price><trans-type></trans-type></A-Sale><A-Sale><Qty></Qty><Price></Price><trans-type></trans-type></A-Sale></Product-details><Product-details><keycode></keycode><A-Sale><Qty></Qty><Price></Price><trans-type></trans-type></A-Sale><A-Sale><Qty></Qty><Price></Price><trans-type></trans-type></A-Sale><A-Sale><Qty></Qty><Price></Price><trans-type></trans-type></A-Sale><A-Sale><Qty></Qty><Price></Price><trans-type></trans-type></A-Sale><A-Sale><Qty></Qty><Price></Price><trans-type></trans-type></A-Sale></Product-details><Product-details><keycode></keycode><A-Sale><Qty></Qty><Price></Price><trans-type></trans-type></A-Sale><A-Sale><Qty></Qty><Price></Price><trans-type></trans-type></A-Sale><A-Sale><Qty></Qty><Price></Price><trans-type></trans-type></A-Sale><A-Sale><Qty></Qty><Price></Price><trans-type></trans-type></A-Sale><A-Sale><Qty></Qty><Price></Price><trans-type></trans-type></A-Sale></Product-details><Summary><Qty></Qty><Price></Price><Sku-Count></Sku-Count></Summary></Department-Dtls><Department-Dtls><Department-Num>80</Department-Num><Department-name>Department: 80</Department-name><Product-details><keycode>60604100</keycode><A-Sale><Qty>1</Qty><Price>13.30</Price><trans-type>S</trans-type></A-Sale><A-Sale><Qty></Qty><Price></Price><trans-type></trans-type></A-Sale><A-Sale><Qty></Qty><Price></Price><trans-type></trans-type></A-Sale><A-Sale><Qty></Qty><Price></Price><trans-type></trans-type></A-Sale><A-Sale><Qty></Qty><Price></Price><trans-type></trans-type></A-Sale></Product-details><Product-details><keycode>69624033</keycode><A-Sale><Qty>1</Qty><Price>18.19</Price><trans-type>S</trans-type></A-Sale><A-Sale><Qty></Qty><Price></Price><trans-type></trans-type></A-Sale><A-Sale><Qty></Qty><Price></Price><trans-type></trans-type></A-Sale><A-Sale><Qty></Qty><Price></Price><trans-type></trans-type></A-Sale><A-Sale><Qty></Qty><Price></Price><trans-type></trans-type></A-Sale></Product-details><Product-details><keycode></keycode><A-Sale><Qty></Qty><Price></Price><trans-type></trans-type></A-Sale><A-Sale><Qty></Qty><Price></Price><trans-type></trans-type></A-Sale><A-Sale><Qty></Qty><Price></Price><trans-type></trans-type></A-Sale><A-Sale><Qty></Qty><Price></Price><trans-type></trans-type></A-Sale><A-Sale><Qty></Qty><Price></Price><trans-type></trans-type></A-Sale></Product-details><Product-details><keycode></keycode><A-Sale><Qty></Qty><Price></Price><trans-type></trans-type></A-Sale><A-Sale><Qty></Qty><Price></Price><trans-type></trans-type></A-Sale><A-Sale><Qty></Qty><Price></Price><trans-type></trans-type></A-Sale><A-Sale><Qty></Qty><Price></Price><trans-type></trans-type></A-Sale><A-Sale><Qty></Qty><Price></Price><trans-type></trans-type></A-Sale></Product-details><Product-details><keycode></keycode><A-Sale><Qty></Qty><Price></Price><trans-type></trans-type></A-Sale><A-Sale><Qty></Qty><Price></Price><trans-type></trans-type></A-Sale><A-Sale><Qty></Qty><Price></Price><trans-type></trans-type></A-Sale><A-Sale><Qty></Qty><Price></Price><trans-type></trans-type></A-Sale><A-Sale><Qty></Qty><Price></Price><trans-type></trans-type></A-Sale></Product-details><Product-details><keycode></keycode><A-Sale><Qty></Qty><Price></Price><trans-type></trans-type></A-Sale><A-Sale><Qty></Qty><Price></Price><trans-type></trans-type></A-Sale><A-Sale><Qty></Qty><Price></Price><trans-type></trans-type></A-Sale><A-Sale><Qty></Qty><Price></Price><trans-type></trans-type></A-Sale><A-Sale><Qty></Qty><Price></Price><trans-type></trans-type></A-Sale></Product-details><Product-details><keycode></keycode><A-Sale><Qty></Qty><Price></Price><trans-type></trans-type></A-Sale><A-Sale><Qty></Qty><Price></Price><trans-type></trans-type></A-Sale><A-Sale><Qty></Qty><Price></Price><trans-type></trans-type></A-Sale><A-Sale><Qty></Qty><Price></Price><trans-type></trans-type></A-Sale><A-Sale><Qty></Qty><Price></Price><trans-type></trans-type></A-Sale></Product-details><Product-details><keycode></keycode><A-Sale><Qty></Qty><Price></Price><trans-type></trans-type></A-Sale><A-Sale><Qty></Qty><Price></Price><trans-type></trans-type></A-Sale><A-Sale><Qty></Qty><Price></Price><trans-type></trans-type></A-Sale><A-Sale><Qty></Qty><Price></Price><trans-type></trans-type></A-Sale><A-Sale><Qty></Qty><Price></Price><trans-type></trans-type></A-Sale></Product-details><Product-details><keycode></keycode><A-Sale><Qty></Qty><Price></Price><trans-type></trans-type></A-Sale><A-Sale><Qty></Qty><Price></Price><trans-type></trans-type></A-Sale><A-Sale><Qty></Qty><Price></Price><trans-type></trans-type></A-Sale><A-Sale><Qty></Qty><Price></Price><trans-type></trans-type></A-Sale><A-Sale><Qty></Qty><Price></Price><trans-type></trans-type></A-Sale></Product-details><Product-details><keycode></keycode><A-Sale><Qty></Qty><Price></Price><trans-type></trans-type></A-Sale><A-Sale><Qty></Qty><Price></Price><trans-type></trans-type></A-Sale><A-Sale><Qty></Qty><Price></Price><trans-type></trans-type></A-Sale><A-Sale><Qty></Qty><Price></Price><trans-type></trans-type></A-Sale><A-Sale><Qty></Qty><Price></Price><trans-type></trans-type></A-Sale></Product-details><Summary><Qty></Qty><Price></Price><Sku-Count></Sku-Count></Summary></Department-Dtls><Department-Dtls><Department-Num>170</Department-Num><Department-name>Department: 170</Department-name><Product-details><keycode>68674560</keycode><A-Sale><Qty>1</Qty><Price>5.99</Price><trans-type>S</trans-type></A-Sale><A-Sale><Qty></Qty><Price></Price><trans-type></trans-type></A-Sale><A-Sale><Qty></Qty><Price></Price><trans-type></trans-type></A-Sale><A-Sale><Qty></Qty><Price></Price><trans-type></trans-type></A-Sale><A-Sale><Qty></Qty><Price></Price><trans-type></trans-type></A-Sale></Product-details><Product-details><keycode></keycode><A-Sale><Qty></Qty><Price></Price><trans-type></trans-type></A-Sale><A-Sale><Qty></Qty><Price></Price><trans-type></trans-type></A-Sale><A-Sale><Qty></Qty><Price></Price><trans-type></trans-type></A-Sale><A-Sale><Qty></Qty><Price></Price><trans-type></trans-type></A-Sale><A-Sale><Qty></Qty><Price></Price><trans-type></trans-type></A-Sale></Product-details><Product-details><keycode></keycode><A-Sale><Qty></Qty><Price></Price><trans-type></trans-type></A-Sale><A-Sale><Qty></Qty><Price></Price><trans-type></trans-type></A-Sale><A-Sale><Qty></Qty><Price></Price><trans-type></trans-type></A-Sale><A-Sale><Qty></Qty><Price></Price><trans-type></trans-type></A-Sale><A-Sale><Qty></Qty><Price></Price><trans-type></trans-type></A-Sale></Product-details><Product-details><keycode></keycode><A-Sale><Qty></Qty><Price></Price><trans-type></trans-type></A-Sale><A-Sale><Qty></Qty><Price></Price><trans-type></trans-type></A-Sale><A-Sale><Qty></Qty><Price></Price><trans-type></trans-type></A-Sale><A-Sale><Qty></Qty><Price></Price><trans-type></trans-type></A-Sale><A-Sale><Qty></Qty><Price></Price><trans-type></trans-type></A-Sale></Product-details><Product-details><keycode></keycode><A-Sale><Qty></Qty><Price></Price><trans-type></trans-type></A-Sale><A-Sale><Qty></Qty><Price></Price><trans-type></trans-type></A-Sale><A-Sale><Qty></Qty><Price></Price><trans-type></trans-type></A-Sale><A-Sale><Qty></Qty><Price></Price><trans-type></trans-type></A-Sale><A-Sale><Qty></Qty><Price></Price><trans-type></trans-type></A-Sale></Product-details><Product-details><keycode></keycode><A-Sale><Qty></Qty><Price></Price><trans-type></trans-type></A-Sale><A-Sale><Qty></Qty><Price></Price><trans-type></trans-type></A-Sale><A-Sale><Qty></Qty><Price></Price><trans-type></trans-type></A-Sale><A-Sale><Qty></Qty><Price></Price><trans-type></trans-type></A-Sale><A-Sale><Qty></Qty><Price></Price><trans-type></trans-type></A-Sale></Product-details><Product-details><keycode></keycode><A-Sale><Qty></Qty><Price></Price><trans-type></trans-type></A-Sale><A-Sale><Qty></Qty><Price></Price><trans-type></trans-type></A-Sale><A-Sale><Qty></Qty><Price></Price><trans-type></trans-type></A-Sale><A-Sale><Qty></Qty><Price></Price><trans-type></trans-type></A-Sale><A-Sale><Qty></Qty><Price></Price><trans-type></trans-type></A-Sale></Product-details><Product-details><keycode></keycode><A-Sale><Qty></Qty><Price></Price><trans-type></trans-type></A-Sale><A-Sale><Qty></Qty><Price></Price><trans-type></trans-type></A-Sale><A-Sale><Qty></Qty><Price></Price><trans-type></trans-type></A-Sale><A-Sale><Qty></Qty><Price></Price><trans-type></trans-type></A-Sale><A-Sale><Qty></Qty><Price></Price><trans-type></trans-type></A-Sale></Product-details><Product-details><keycode></keycode><A-Sale><Qty></Qty><Price></Price><trans-type></trans-type></A-Sale><A-Sale><Qty></Qty><Price></Price><trans-type></trans-type></A-Sale><A-Sale><Qty></Qty><Price></Price><trans-type></trans-type></A-Sale><A-Sale><Qty></Qty><Price></Price><trans-type></trans-type></A-Sale><A-Sale><Qty></Qty><Price></Price><trans-type></trans-type></A-Sale></Product-details><Product-details><keycode></keycode><A-Sale><Qty></Qty><Price></Price><trans-type></trans-type></A-Sale><A-Sale><Qty></Qty><Price></Price><trans-type></trans-type></A-Sale><A-Sale><Qty></Qty><Price></Price><trans-type></trans-type></A-Sale><A-Sale><Qty></Qty><Price></Price><trans-type></trans-type></A-Sale><A-Sale><Qty></Qty><Price></Price><trans-type></trans-type></A-Sale></Product-details><Summary><Qty></Qty><Price></Price><Sku-Count></Sku-Count></Summary></Department-Dtls><Department-Dtls><Department-Num>193</Department-Num><Department-name>Department: 193</Department-name><Product-details><keycode>62694485</keycode><A-Sale><Qty>1</Qty><Price>17.56</Price><trans-type>S</trans-type></A-Sale><A-Sale><Qty></Qty><Price></Price><trans-type></trans-type></A-Sale><A-Sale><Qty></Qty><Price></Price><trans-type></trans-type></A-Sale><A-Sale><Qty></Qty><Price></Price><trans-type></trans-type></A-Sale><A-Sale><Qty></Qty><Price></Price><trans-type></trans-type></A-Sale></Product-details><Product-details><keycode>62694706</keycode><A-Sale><Qty>1</Qty><Price>13.59</Price><trans-type>S</trans-type></A-Sale><A-Sale><Qty></Qty><Price></Price><trans-type></trans-type></A-Sale><A-Sale><Qty></Qty><Price></Price><trans-type></trans-type></A-Sale><A-Sale><Qty></Qty><Price></Price><trans-type></trans-type></A-Sale><A-Sale><Qty></Qty><Price></Price><trans-type></trans-type></A-Sale></Product-details><Product-details><keycode>62694843</keycode><A-Sale><Qty>1</Qty><Price>13.59</Price><trans-type>S</trans-type></A-Sale><A-Sale><Qty></Qty><Price></Price><trans-type></trans-type></A-Sale><A-Sale><Qty></Qty><Price></Price><trans-type></trans-type></A-Sale><A-Sale><Qty></Qty><Price></Price><trans-type></trans-type></A-Sale><A-Sale><Qty></Qty><Price></Price><trans-type></trans-type></A-Sale></Product-details><Product-details><keycode>67644384</keycode><A-Sale><Qty>1</Qty><Price>23.96</Price><trans-type>S</trans-type></A-Sale><A-Sale><Qty></Qty><Price></Price><trans-type></trans-type></A-Sale><A-Sale><Qty></Qty><Price></Price><trans-type></trans-type></A-Sale><A-Sale><Qty></Qty><Price></Price><trans-type></trans-type></A-Sale><A-Sale><Qty></Qty><Price></Price><trans-type></trans-type></A-Sale></Product-details><Product-details><keycode>68664211</keycode><A-Sale><Qty>1</Qty><Price>11.19</Price><trans-type>S</trans-type></A-Sale><A-Sale><Qty></Qty><Price></Price><trans-type></trans-type></A-Sale><A-Sale><Qty></Qty><Price></Price><trans-type></trans-type></A-Sale><A-Sale><Qty></Qty><Price></Price><trans-type></trans-type></A-Sale><A-Sale><Qty></Qty><Price></Price><trans-type></trans-type></A-Sale></Product-details><Product-details><keycode>69644164</keycode><A-Sale><Qty>1</Qty><Price>21.59</Price><trans-type>S</trans-type></A-Sale><A-Sale><Qty></Qty><Price></Price><trans-type></trans-type></A-Sale><A-Sale><Qty></Qty><Price></Price><trans-type></trans-type></A-Sale><A-Sale><Qty></Qty><Price></Price><trans-type></trans-type></A-Sale><A-Sale><Qty></Qty><Price></Price><trans-type></trans-type></A-Sale></Product-details><Product-details><keycode></keycode><A-Sale><Qty></Qty><Price></Price><trans-type></trans-type></A-Sale><A-Sale><Qty></Qty><Price></Price><trans-type></trans-type></A-Sale><A-Sale><Qty></Qty><Price></Price><trans-type></trans-type></A-Sale><A-Sale><Qty></Qty><Price></Price><trans-type></trans-type></A-Sale><A-Sale><Qty></Qty><Price></Price><trans-type></trans-type></A-Sale></Product-details><Product-details><keycode></keycode><A-Sale><Qty></Qty><Price></Price><trans-type></trans-type></A-Sale><A-Sale><Qty></Qty><Price></Price><trans-type></trans-type></A-Sale><A-Sale><Qty></Qty><Price></Price><trans-type></trans-type></A-Sale><A-Sale><Qty></Qty><Price></Price><trans-type></trans-type></A-Sale><A-Sale><Qty></Qty><Price></Price><trans-type></trans-type></A-Sale></Product-details><Product-details><keycode></keycode><A-Sale><Qty></Qty><Price></Price><trans-type></trans-type></A-Sale><A-Sale><Qty></Qty><Price></Price><trans-type></trans-type></A-Sale><A-Sale><Qty></Qty><Price></Price><trans-type></trans-type></A-Sale><A-Sale><Qty></Qty><Price></Price><trans-type></trans-type></A-Sale><A-Sale><Qty></Qty><Price></Price><trans-type></trans-type></A-Sale></Product-details><Product-details><keycode></keycode><A-Sale><Qty></Qty><Price></Price><trans-type></trans-type></A-Sale><A-Sale><Qty></Qty><Price></Price><trans-type></trans-type></A-Sale><A-Sale><Qty></Qty><Price></Price><trans-type></trans-type></A-Sale><A-Sale><Qty></Qty><Price></Price><trans-type></trans-type></A-Sale><A-Sale><Qty></Qty><Price></Price><trans-type></trans-type></A-Sale></Product-details><Summary><Qty></Qty><Price></Price><Sku-Count></Sku-Count></Summary></Department-Dtls><Department-Dtls><Department-Num>220</Department-Num><Department-name>Department: 220</Department-name><Product-details><keycode>64674633</keycode><A-Sale><Qty>1</Qty><Price>15.99</Price><trans-type>S</trans-type></A-Sale><A-Sale><Qty></Qty><Price></Price><trans-type></trans-type></A-Sale><A-Sale><Qty></Qty><Price></Price><trans-type></trans-type></A-Sale><A-Sale><Qty></Qty><Price></Price><trans-type></trans-type></A-Sale><A-Sale><Qty></Qty><Price></Price><trans-type></trans-type></A-Sale></Product-details><Product-details><keycode></keycode><A-Sale><Qty></Qty><Price></Price><trans-type></trans-type></A-Sale><A-Sale><Qty></Qty><Price></Price><trans-type></trans-type></A-Sale><A-Sale><Qty></Qty><Price></Price><trans-type></trans-type></A-Sale><A-Sale><Qty></Qty><Price></Price><trans-type></trans-type></A-Sale><A-Sale><Qty></Qty><Price></Price><trans-type></trans-type></A-Sale></Product-details><Product-details><keycode></keycode><A-Sale><Qty></Qty><Price></Price><trans-type></trans-type></A-Sale><A-Sale><Qty></Qty><Price></Price><trans-type></trans-type></A-Sale><A-Sale><Qty></Qty><Price></Price><trans-type></trans-type></A-Sale><A-Sale><Qty></Qty><Price></Price><trans-type></trans-type></A-Sale><A-Sale><Qty></Qty><Price></Price><trans-type></trans-type></A-Sale></Product-details><Product-details><keycode></keycode><A-Sale><Qty></Qty><Price></Price><trans-type></trans-type></A-Sale><A-Sale><Qty></Qty><Price></Price><trans-type></trans-type></A-Sale><A-Sale><Qty></Qty><Price></Price><trans-type></trans-type></A-Sale><A-Sale><Qty></Qty><Price></Price><trans-type></trans-type></A-Sale><A-Sale><Qty></Qty><Price></Price><trans-type></trans-type></A-Sale></Product-details><Product-details><keycode></keycode><A-Sale><Qty></Qty><Price></Price><trans-type></trans-type></A-Sale><A-Sale><Qty></Qty><Price></Price><trans-type></trans-type></A-Sale><A-Sale><Qty></Qty><Price></Price><trans-type></trans-type></A-Sale><A-Sale><Qty></Qty><Price></Price><trans-type></trans-type></A-Sale><A-Sale><Qty></Qty><Price></Price><trans-type></trans-type></A-Sale></Product-details><Product-details><keycode></keycode><A-Sale><Qty></Qty><Price></Price><trans-type></trans-type></A-Sale><A-Sale><Qty></Qty><Price></Price><trans-type></trans-type></A-Sale><A-Sale><Qty></Qty><Price></Price><trans-type></trans-type></A-Sale><A-Sale><Qty></Qty><Price></Price><trans-type></trans-type></A-Sale><A-Sale><Qty></Qty><Price></Price><trans-type></trans-type></A-Sale></Product-details><Product-details><keycode></keycode><A-Sale><Qty></Qty><Price></Price><trans-type></trans-type></A-Sale><A-Sale><Qty></Qty><Price></Price><trans-type></trans-type></A-Sale><A-Sale><Qty></Qty><Price></Price><trans-type></trans-type></A-Sale><A-Sale><Qty></Qty><Price></Price><trans-type></trans-type></A-Sale><A-Sale><Qty></Qty><Price></Price><trans-type></trans-type></A-Sale></Product-details><Product-details><keycode></keycode><A-Sale><Qty></Qty><Price></Price><trans-type></trans-type></A-Sale><A-Sale><Qty></Qty><Price></Price><trans-type></trans-type></A-Sale><A-Sale><Qty></Qty><Price></Price><trans-type></trans-type></A-Sale><A-Sale><Qty></Qty><Price></Price><trans-type></trans-type></A-Sale><A-Sale><Qty></Qty><Price></Price><trans-type></trans-type></A-Sale></Product-details><Product-details><keycode></keycode><A-Sale><Qty></Qty><Price></Price><trans-type></trans-type></A-Sale><A-Sale><Qty></Qty><Price></Price><trans-type></trans-type></A-Sale><A-Sale><Qty></Qty><Price></Price><trans-type></trans-type></A-Sale><A-Sale><Qty></Qty><Price></Price><trans-type></trans-type></A-Sale><A-Sale><Qty></Qty><Price></Price><trans-type></trans-type></A-Sale></Product-details><Product-details><keycode></keycode><A-Sale><Qty></Qty><Price></Price><trans-type></trans-type></A-Sale><A-Sale><Qty></Qty><Price></Price><trans-type></trans-type></A-Sale><A-Sale><Qty></Qty><Price></Price><trans-type></trans-type></A-Sale><A-Sale><Qty></Qty><Price></Price><trans-type></trans-type></A-Sale><A-Sale><Qty></Qty><Price></Price><trans-type></trans-type></A-Sale></Product-details><Summary><Qty></Qty><Price></Price><Sku-Count></Sku-Count></Summary></Department-Dtls><Orders><keycode>64674633</keycode><Qty>1</Qty></Orders><Orders><keycode>62694706</keycode><Qty>1</Qty></Orders><Orders><keycode>62694843</keycode><Qty>1</Qty></Orders><Orders><keycode>67644384</keycode><Qty>1</Qty></Orders><Orders><keycode>68664211</keycode><Qty>1</Qty></Orders><Orders><keycode>69644164</keycode><Qty>1</Qty></Orders><Orders><keycode></keycode><Qty></Qty></Orders><Orders><keycode></keycode><Qty></Qty></Orders><Orders><keycode></keycode><Qty></Qty></Orders><Orders><keycode></keycode><Qty></Qty></Orders><Orders><keycode></keycode><Qty></Qty></Orders><Orders><keycode></keycode><Qty></Qty></Orders><Orders><keycode></keycode><Qty></Qty></Orders><Orders><keycode></keycode><Qty></Qty></Orders><Orders><keycode></keycode><Qty></Qty></Orders><Summary><Qty></Qty><Price></Price><Sku-Count></Sku-Count></Summary></Store-dtls><Store-dtls><Store-Num>184</Store-Num><Store-Name>Store: 184</Store-Name><Department-Dtls><Department-Num>60</Department-Num><Department-name>Department: 60</Department-name><Product-details><keycode>60614866</keycode><A-Sale><Qty>-1</Qty><Price>-4.80</Price><trans-type>R</trans-type></A-Sale><A-Sale><Qty>-1</Qty><Price>-4.80</Price><trans-type>R</trans-type></A-Sale><A-Sale><Qty></Qty><Price></Price><trans-type></trans-type></A-Sale><A-Sale><Qty></Qty><Price></Price><trans-type></trans-type></A-Sale><A-Sale><Qty></Qty><Price></Price><trans-type></trans-type></A-Sale></Product-details><Product-details><keycode>60664048</keycode><A-Sale><Qty>-1</Qty><Price>-4.80</Price><trans-type>R</trans-type></A-Sale><A-Sale><Qty>-1</Qty><Price>-4.80</Price><trans-type>R</trans-type></A-Sale><A-Sale><Qty>-1</Qty><Price>-4.80</Price><trans-type>R</trans-type></A-Sale><A-Sale><Qty></Qty><Price></Price><trans-type></trans-type></A-Sale><A-Sale><Qty></Qty><Price></Price><trans-type></trans-type></A-Sale></Product-details><Product-details><keycode>60664779</keycode><A-Sale><Qty>1</Qty><Price>5.08</Price><trans-type>S</trans-type></A-Sale><A-Sale><Qty></Qty><Price></Price><trans-type></trans-type></A-Sale><A-Sale><Qty></Qty><Price></Price><trans-type></trans-type></A-Sale><A-Sale><Qty></Qty><Price></Price><trans-type></trans-type></A-Sale><A-Sale><Qty></Qty><Price></Price><trans-type></trans-type></A-Sale></Product-details><Product-details><keycode>67634923</keycode><A-Sale><Qty>1</Qty><Price>17.59</Price><trans-type>S</trans-type></A-Sale><A-Sale><Qty></Qty><Price></Price><trans-type></trans-type></A-Sale><A-Sale><Qty></Qty><Price></Price><trans-type></trans-type></A-Sale><A-Sale><Qty></Qty><Price></Price><trans-type></trans-type></A-Sale><A-Sale><Qty></Qty><Price></Price><trans-type></trans-type></A-Sale></Product-details><Product-details><keycode>67644118</keycode><A-Sale><Qty>1</Qty><Price>16.99</Price><trans-type>S</trans-type></A-Sale><A-Sale><Qty></Qty><Price></Price><trans-type></trans-type></A-Sale><A-Sale><Qty></Qty><Price></Price><trans-type></trans-type></A-Sale><A-Sale><Qty></Qty><Price></Price><trans-type></trans-type></A-Sale><A-Sale><Qty></Qty><Price></Price><trans-type></trans-type></A-Sale></Product-details><Product-details><keycode>67644821</keycode><A-Sale><Qty>-1</Qty><Price>-14.99</Price><trans-type>R</trans-type></A-Sale><A-Sale><Qty></Qty><Price></Price><trans-type></trans-type></A-Sale><A-Sale><Qty></Qty><Price></Price><trans-type></trans-type></A-Sale><A-Sale><Qty></Qty><Price></Price><trans-type></trans-type></A-Sale><A-Sale><Qty></Qty><Price></Price><trans-type></trans-type></A-Sale></Product-details><Product-details><keycode>68644934</keycode><A-Sale><Qty>1</Qty><Price>10.39</Price><trans-type>S</trans-type></A-Sale><A-Sale><Qty></Qty><Price></Price><trans-type></trans-type></A-Sale><A-Sale><Qty></Qty><Price></Price><trans-type></trans-type></A-Sale><A-Sale><Qty></Qty><Price></Price><trans-type></trans-type></A-Sale><A-Sale><Qty></Qty><Price></Price><trans-type></trans-type></A-Sale></Product-details><Product-details><keycode>68644941</keycode><A-Sale><Qty>-1</Qty><Price>-10.39</Price><trans-type>R</trans-type></A-Sale><A-Sale><Qty>-1</Qty><Price>-10.39</Price><trans-type>R</trans-type></A-Sale><A-Sale><Qty>-1</Qty><Price>-10.39</Price><trans-type>R</trans-type></A-Sale><A-Sale><Qty>-1</Qty><Price>-10.39</Price><trans-type>R</trans-type></A-Sale><A-Sale><Qty></Qty><Price></Price><trans-type></trans-type></A-Sale></Product-details><Product-details><keycode>69654459</keycode><A-Sale><Qty>1</Qty><Price>5.08</Price><trans-type>S</trans-type></A-Sale><A-Sale><Qty></Qty><Price></Price><trans-type></trans-type></A-Sale><A-Sale><Qty></Qty><Price></Price><trans-type></trans-type></A-Sale><A-Sale><Qty></Qty><Price></Price><trans-type></trans-type></A-Sale><A-Sale><Qty></Qty><Price></Price><trans-type></trans-type></A-Sale></Product-details><Product-details><keycode>69654638</keycode><A-Sale><Qty>1</Qty><Price>6.00</Price><trans-type>S</trans-type></A-Sale><A-Sale><Qty></Qty><Price></Price><trans-type></trans-type></A-Sale><A-Sale><Qty></Qty><Price></Price><trans-type></trans-type></A-Sale><A-Sale><Qty></Qty><Price></Price><trans-type></trans-type></A-Sale><A-Sale><Qty></Qty><Price></Price><trans-type></trans-type></A-Sale></Product-details><Summary><Qty></Qty><Price></Price><Sku-Count></Sku-Count></Summary></Department-Dtls><Department-Dtls><Department-Num>70</Department-Num><Department-name>Department: 70</Department-name><Product-details><keycode>64614285</keycode><A-Sale><Qty>1</Qty><Price>22.99</Price><trans-type>S</trans-type></A-Sale><A-Sale><Qty></Qty><Price></Price><trans-type></trans-type></A-Sale><A-Sale><Qty></Qty><Price></Price><trans-type></trans-type></A-Sale><A-Sale><Qty></Qty><Price></Price><trans-type></trans-type></A-Sale><A-Sale><Qty></Qty><Price></Price><trans-type></trans-type></A-Sale></Product-details><Product-details><keycode>67654448</keycode><A-Sale><Qty>1</Qty><Price>23.00</Price><trans-type>S</trans-type></A-Sale><A-Sale><Qty>-1</Qty><Price>-23.00</Price><trans-type>R</trans-type></A-Sale><A-Sale><Qty>1</Qty><Price>19.01</Price><trans-type>S</trans-type></A-Sale><A-Sale><Qty></Qty><Price></Price><trans-type></trans-type></A-Sale><A-Sale><Qty></Qty><Price></Price><trans-type></trans-type></A-Sale></Product-details><Product-details><keycode>68614241</keycode><A-Sale><Qty>1</Qty><Price>12.99</Price><trans-type>S</trans-type></A-Sale><A-Sale><Qty></Qty><Price></Price><trans-type></trans-type></A-Sale><A-Sale><Qty></Qty><Price></Price><trans-type></trans-type></A-Sale><A-Sale><Qty></Qty><Price></Price><trans-type></trans-type></A-Sale><A-Sale><Qty></Qty><Price></Price><trans-type></trans-type></A-Sale></Product-details><Product-details><keycode>68614787</keycode><A-Sale><Qty>1</Qty><Price>27.99</Price><trans-type>S</trans-type></A-Sale><A-Sale><Qty></Qty><Price></Price><trans-type></trans-type></A-Sale><A-Sale><Qty></Qty><Price></Price><trans-type></trans-type></A-Sale><A-Sale><Qty></Qty><Price></Price><trans-type></trans-type></A-Sale><A-Sale><Qty></Qty><Price></Price><trans-type></trans-type></A-Sale></Product-details><Product-details><keycode>68634061</keycode><A-Sale><Qty>1</Qty><Price>27.99</Price><trans-type>S</trans-type></A-Sale><A-Sale><Qty></Qty><Price></Price><trans-type></trans-type></A-Sale><A-Sale><Qty></Qty><Price></Price><trans-type></trans-type></A-Sale><A-Sale><Qty></Qty><Price></Price><trans-type></trans-type></A-Sale><A-Sale><Qty></Qty><Price></Price><trans-type></trans-type></A-Sale></Product-details><Product-details><keycode>69644337</keycode><A-Sale><Qty>1</Qty><Price>29.99</Price><trans-type>S</trans-type></A-Sale><A-Sale><Qty></Qty><Price></Price><trans-type></trans-type></A-Sale><A-Sale><Qty></Qty><Price></Price><trans-type></trans-type></A-Sale><A-Sale><Qty></Qty><Price></Price><trans-type></trans-type></A-Sale><A-Sale><Qty></Qty><Price></Price><trans-type></trans-type></A-Sale></Product-details><Product-details><keycode>69654081</keycode><A-Sale><Qty>1</Qty><Price>12.99</Price><trans-type>S</trans-type></A-Sale><A-Sale><Qty></Qty><Price></Price><trans-type></trans-type></A-Sale><A-Sale><Qty></Qty><Price></Price><trans-type></trans-type></A-Sale><A-Sale><Qty></Qty><Price></Price><trans-type></trans-type></A-Sale><A-Sale><Qty></Qty><Price></Price><trans-type></trans-type></A-Sale></Product-details><Product-details><keycode>69654135</keycode><A-Sale><Qty>1</Qty><Price>12.99</Price><trans-type>S</trans-type></A-Sale><A-Sale><Qty></Qty><Price></Price><trans-type></trans-type></A-Sale><A-Sale><Qty></Qty><Price></Price><trans-type></trans-type></A-Sale><A-Sale><Qty></Qty><Price></Price><trans-type></trans-type></A-Sale><A-Sale><Qty></Qty><Price></Price><trans-type></trans-type></A-Sale></Product-details><Product-details><keycode></keycode><A-Sale><Qty></Qty><Price></Price><trans-type></trans-type></A-Sale><A-Sale><Qty></Qty><Price></Price><trans-type></trans-type></A-Sale><A-Sale><Qty></Qty><Price></Price><trans-type></trans-type></A-Sale><A-Sale><Qty></Qty><Price></Price><trans-type></trans-type></A-Sale><A-Sale><Qty></Qty><Price></Price><trans-type></trans-type></A-Sale></Product-details><Product-details><keycode></keycode><A-Sale><Qty></Qty><Price></Price><trans-type></trans-type></A-Sale><A-Sale><Qty></Qty><Price></Price><trans-type></trans-type></A-Sale><A-Sale><Qty></Qty><Price></Price><trans-type></trans-type></A-Sale><A-Sale><Qty></Qty><Price></Price><trans-type></trans-type></A-Sale><A-Sale><Qty></Qty><Price></Price><trans-type></trans-type></A-Sale></Product-details><Summary><Qty></Qty><Price></Price><Sku-Count></Sku-Count></Summary></Department-Dtls><Department-Dtls><Department-Num>80</Department-Num><Department-name>Department: 80</Department-name><Product-details><keycode>68664957</keycode><A-Sale><Qty>1</Qty><Price>13.99</Price><trans-type>S</trans-type></A-Sale><A-Sale><Qty></Qty><Price></Price><trans-type></trans-type></A-Sale><A-Sale><Qty></Qty><Price></Price><trans-type></trans-type></A-Sale><A-Sale><Qty></Qty><Price></Price><trans-type></trans-type></A-Sale><A-Sale><Qty></Qty><Price></Price><trans-type></trans-type></A-Sale></Product-details><Product-details><keycode>69634699</keycode><A-Sale><Qty>1</Qty><Price>20.99</Price><trans-type>S</trans-type></A-Sale><A-Sale><Qty></Qty><Price></Price><trans-type></trans-type></A-Sale><A-Sale><Qty></Qty><Price></Price><trans-type></trans-type></A-Sale><A-Sale><Qty></Qty><Price></Price><trans-type></trans-type></A-Sale><A-Sale><Qty></Qty><Price></Price><trans-type></trans-type></A-Sale></Product-details><Product-details><keycode>69634712</keycode><A-Sale><Qty>1</Qty><Price>20.99</Price><trans-type>S</trans-type></A-Sale><A-Sale><Qty></Qty><Price></Price><trans-type></trans-type></A-Sale><A-Sale><Qty></Qty><Price></Price><trans-type></trans-type></A-Sale><A-Sale><Qty></Qty><Price></Price><trans-type></trans-type></A-Sale><A-Sale><Qty></Qty><Price></Price><trans-type></trans-type></A-Sale></Product-details><Product-details><keycode></keycode><A-Sale><Qty></Qty><Price></Price><trans-type></trans-type></A-Sale><A-Sale><Qty></Qty><Price></Price><trans-type></trans-type></A-Sale><A-Sale><Qty></Qty><Price></Price><trans-type></trans-type></A-Sale><A-Sale><Qty></Qty><Price></Price><trans-type></trans-type></A-Sale><A-Sale><Qty></Qty><Price></Price><trans-type></trans-type></A-Sale></Product-details><Product-details><keycode></keycode><A-Sale><Qty></Qty><Price></Price><trans-type></trans-type></A-Sale><A-Sale><Qty></Qty><Price></Price><trans-type></trans-type></A-Sale><A-Sale><Qty></Qty><Price></Price><trans-type></trans-type></A-Sale><A-Sale><Qty></Qty><Price></Price><trans-type></trans-type></A-Sale><A-Sale><Qty></Qty><Price></Price><trans-type></trans-type></A-Sale></Product-details><Product-details><keycode></keycode><A-Sale><Qty></Qty><Price></Price><trans-type></trans-type></A-Sale><A-Sale><Qty></Qty><Price></Price><trans-type></trans-type></A-Sale><A-Sale><Qty></Qty><Price></Price><trans-type></trans-type></A-Sale><A-Sale><Qty></Qty><Price></Price><trans-type></trans-type></A-Sale><A-Sale><Qty></Qty><Price></Price><trans-type></trans-type></A-Sale></Product-details><Product-details><keycode></keycode><A-Sale><Qty></Qty><Price></Price><trans-type></trans-type></A-Sale><A-Sale><Qty></Qty><Price></Price><trans-type></trans-type></A-Sale><A-Sale><Qty></Qty><Price></Price><trans-type></trans-type></A-Sale><A-Sale><Qty></Qty><Price></Price><trans-type></trans-type></A-Sale><A-Sale><Qty></Qty><Price></Price><trans-type></trans-type></A-Sale></Product-details><Product-details><keycode></keycode><A-Sale><Qty></Qty><Price></Price><trans-type></trans-type></A-Sale><A-Sale><Qty></Qty><Price></Price><trans-type></trans-type></A-Sale><A-Sale><Qty></Qty><Price></Price><trans-type></trans-type></A-Sale><A-Sale><Qty></Qty><Price></Price><trans-type></trans-type></A-Sale><A-Sale><Qty></Qty><Price></Price><trans-type></trans-type></A-Sale></Product-details><Product-details><keycode></keycode><A-Sale><Qty></Qty><Price></Price><trans-type></trans-type></A-Sale><A-Sale><Qty></Qty><Price></Price><trans-type></trans-type></A-Sale><A-Sale><Qty></Qty><Price></Price><trans-type></trans-type></A-Sale><A-Sale><Qty></Qty><Price></Price><trans-type></trans-type></A-Sale><A-Sale><Qty></Qty><Price></Price><trans-type></trans-type></A-Sale></Product-details><Product-details><keycode></keycode><A-Sale><Qty></Qty><Price></Price><trans-type></trans-type></A-Sale><A-Sale><Qty></Qty><Price></Price><trans-type></trans-type></A-Sale><A-Sale><Qty></Qty><Price></Price><trans-type></trans-type></A-Sale><A-Sale><Qty></Qty><Price></Price><trans-type></trans-type></A-Sale><A-Sale><Qty></Qty><Price></Price><trans-type></trans-type></A-Sale></Product-details><Summary><Qty></Qty><Price></Price><Sku-Count></Sku-Count></Summary></Department-Dtls><Department-Dtls><Department-Num>160</Department-Num><Department-name>Department: 160</Department-name><Product-details><keycode>60634150</keycode><A-Sale><Qty>-1</Qty><Price>-14.99</Price><trans-type>R</trans-type></A-Sale><A-Sale><Qty></Qty><Price></Price><trans-type></trans-type></A-Sale><A-Sale><Qty></Qty><Price></Price><trans-type></trans-type></A-Sale><A-Sale><Qty></Qty><Price></Price><trans-type></trans-type></A-Sale><A-Sale><Qty></Qty><Price></Price><trans-type></trans-type></A-Sale></Product-details><Product-details><keycode>60644672</keycode><A-Sale><Qty>1</Qty><Price>9.09</Price><trans-type>S</trans-type></A-Sale><A-Sale><Qty></Qty><Price></Price><trans-type></trans-type></A-Sale><A-Sale><Qty></Qty><Price></Price><trans-type></trans-type></A-Sale><A-Sale><Qty></Qty><Price></Price><trans-type></trans-type></A-Sale><A-Sale><Qty></Qty><Price></Price><trans-type></trans-type></A-Sale></Product-details><Product-details><keycode>67614726</keycode><A-Sale><Qty>-1</Qty><Price>-9.95</Price><trans-type>R</trans-type></A-Sale><A-Sale><Qty></Qty><Price></Price><trans-type></trans-type></A-Sale><A-Sale><Qty></Qty><Price></Price><trans-type></trans-type></A-Sale><A-Sale><Qty></Qty><Price></Price><trans-type></trans-type></A-Sale><A-Sale><Qty></Qty><Price></Price><trans-type></trans-type></A-Sale></Product-details><Product-details><keycode></keycode><A-Sale><Qty></Qty><Price></Price><trans-type></trans-type></A-Sale><A-Sale><Qty></Qty><Price></Price><trans-type></trans-type></A-Sale><A-Sale><Qty></Qty><Price></Price><trans-type></trans-type></A-Sale><A-Sale><Qty></Qty><Price></Price><trans-type></trans-type></A-Sale><A-Sale><Qty></Qty><Price></Price><trans-type></trans-type></A-Sale></Product-details><Product-details><keycode></keycode><A-Sale><Qty></Qty><Price></Price><trans-type></trans-type></A-Sale><A-Sale><Qty></Qty><Price></Price><trans-type></trans-type></A-Sale><A-Sale><Qty></Qty><Price></Price><trans-type></trans-type></A-Sale><A-Sale><Qty></Qty><Price></Price><trans-type></trans-type></A-Sale><A-Sale><Qty></Qty><Price></Price><trans-type></trans-type></A-Sale></Product-details><Product-details><keycode></keycode><A-Sale><Qty></Qty><Price></Price><trans-type></trans-type></A-Sale><A-Sale><Qty></Qty><Price></Price><trans-type></trans-type></A-Sale><A-Sale><Qty></Qty><Price></Price><trans-type></trans-type></A-Sale><A-Sale><Qty></Qty><Price></Price><trans-type></trans-type></A-Sale><A-Sale><Qty></Qty><Price></Price><trans-type></trans-type></A-Sale></Product-details><Product-details><keycode></keycode><A-Sale><Qty></Qty><Price></Price><trans-type></trans-type></A-Sale><A-Sale><Qty></Qty><Price></Price><trans-type></trans-type></A-Sale><A-Sale><Qty></Qty><Price></Price><trans-type></trans-type></A-Sale><A-Sale><Qty></Qty><Price></Price><trans-type></trans-type></A-Sale><A-Sale><Qty></Qty><Price></Price><trans-type></trans-type></A-Sale></Product-details><Product-details><keycode></keycode><A-Sale><Qty></Qty><Price></Price><trans-type></trans-type></A-Sale><A-Sale><Qty></Qty><Price></Price><trans-type></trans-type></A-Sale><A-Sale><Qty></Qty><Price></Price><trans-type></trans-type></A-Sale><A-Sale><Qty></Qty><Price></Price><trans-type></trans-type></A-Sale><A-Sale><Qty></Qty><Price></Price><trans-type></trans-type></A-Sale></Product-details><Product-details><keycode></keycode><A-Sale><Qty></Qty><Price></Price><trans-type></trans-type></A-Sale><A-Sale><Qty></Qty><Price></Price><trans-type></trans-type></A-Sale><A-Sale><Qty></Qty><Price></Price><trans-type></trans-type></A-Sale><A-Sale><Qty></Qty><Price></Price><trans-type></trans-type></A-Sale><A-Sale><Qty></Qty><Price></Price><trans-type></trans-type></A-Sale></Product-details><Product-details><keycode></keycode><A-Sale><Qty></Qty><Price></Price><trans-type></trans-type></A-Sale><A-Sale><Qty></Qty><Price></Price><trans-type></trans-type></A-Sale><A-Sale><Qty></Qty><Price></Price><trans-type></trans-type></A-Sale><A-Sale><Qty></Qty><Price></Price><trans-type></trans-type></A-Sale><A-Sale><Qty></Qty><Price></Price><trans-type></trans-type></A-Sale></Product-details><Summary><Qty></Qty><Price></Price><Sku-Count></Sku-Count></Summary></Department-Dtls><Department-Dtls><Department-Num>170</Department-Num><Department-name>Department: 170</Department-name><Product-details><keycode>66624803</keycode><A-Sale><Qty>1</Qty><Price>2.00</Price><trans-type>S</trans-type></A-Sale><A-Sale><Qty>-1</Qty><Price>-2.00</Price><trans-type>R</trans-type></A-Sale><A-Sale><Qty>1</Qty><Price>1.04</Price><trans-type>S</trans-type></A-Sale><A-Sale><Qty></Qty><Price></Price><trans-type></trans-type></A-Sale><A-Sale><Qty></Qty><Price></Price><trans-type></trans-type></A-Sale></Product-details><Product-details><keycode>66624889</keycode><A-Sale><Qty>1</Qty><Price>2.00</Price><trans-type>S</trans-type></A-Sale><A-Sale><Qty>-1</Qty><Price>-2.00</Price><trans-type>R</trans-type></A-Sale><A-Sale><Qty>1</Qty><Price>1.04</Price><trans-type>S</trans-type></A-Sale><A-Sale><Qty></Qty><Price></Price><trans-type></trans-type></A-Sale><A-Sale><Qty></Qty><Price></Price><trans-type></trans-type></A-Sale></Product-details><Product-details><keycode>68654094</keycode><A-Sale><Qty>-1</Qty><Price>-4.50</Price><trans-type>R</trans-type></A-Sale><A-Sale><Qty></Qty><Price></Price><trans-type></trans-type></A-Sale><A-Sale><Qty></Qty><Price></Price><trans-type></trans-type></A-Sale><A-Sale><Qty></Qty><Price></Price><trans-type></trans-type></A-Sale><A-Sale><Qty></Qty><Price></Price><trans-type></trans-type></A-Sale></Product-details><Product-details><keycode></keycode><A-Sale><Qty></Qty><Price></Price><trans-type></trans-type></A-Sale><A-Sale><Qty></Qty><Price></Price><trans-type></trans-type></A-Sale><A-Sale><Qty></Qty><Price></Price><trans-type></trans-type></A-Sale><A-Sale><Qty></Qty><Price></Price><trans-type></trans-type></A-Sale><A-Sale><Qty></Qty><Price></Price><trans-type></trans-type></A-Sale></Product-details><Product-details><keycode></keycode><A-Sale><Qty></Qty><Price></Price><trans-type></trans-type></A-Sale><A-Sale><Qty></Qty><Price></Price><trans-type></trans-type></A-Sale><A-Sale><Qty></Qty><Price></Price><trans-type></trans-type></A-Sale><A-Sale><Qty></Qty><Price></Price><trans-type></trans-type></A-Sale><A-Sale><Qty></Qty><Price></Price><trans-type></trans-type></A-Sale></Product-details><Product-details><keycode></keycode><A-Sale><Qty></Qty><Price></Price><trans-type></trans-type></A-Sale><A-Sale><Qty></Qty><Price></Price><trans-type></trans-type></A-Sale><A-Sale><Qty></Qty><Price></Price><trans-type></trans-type></A-Sale><A-Sale><Qty></Qty><Price></Price><trans-type></trans-type></A-Sale><A-Sale><Qty></Qty><Price></Price><trans-type></trans-type></A-Sale></Product-details><Product-details><keycode></keycode><A-Sale><Qty></Qty><Price></Price><trans-type></trans-type></A-Sale><A-Sale><Qty></Qty><Price></Price><trans-type></trans-type></A-Sale><A-Sale><Qty></Qty><Price></Price><trans-type></trans-type></A-Sale><A-Sale><Qty></Qty><Price></Price><trans-type></trans-type></A-Sale><A-Sale><Qty></Qty><Price></Price><trans-type></trans-type></A-Sale></Product-details><Product-details><keycode></keycode><A-Sale><Qty></Qty><Price></Price><trans-type></trans-type></A-Sale><A-Sale><Qty></Qty><Price></Price><trans-type></trans-type></A-Sale><A-Sale><Qty></Qty><Price></Price><trans-type></trans-type></A-Sale><A-Sale><Qty></Qty><Price></Price><trans-type></trans-type></A-Sale><A-Sale><Qty></Qty><Price></Price><trans-type></trans-type></A-Sale></Product-details><Product-details><keycode></keycode><A-Sale><Qty></Qty><Price></Price><trans-type></trans-type></A-Sale><A-Sale><Qty></Qty><Price></Price><trans-type></trans-type></A-Sale><A-Sale><Qty></Qty><Price></Price><trans-type></trans-type></A-Sale><A-Sale><Qty></Qty><Price></Price><trans-type></trans-type></A-Sale><A-Sale><Qty></Qty><Price></Price><trans-type></trans-type></A-Sale></Product-details><Product-details><keycode></keycode><A-Sale><Qty></Qty><Price></Price><trans-type></trans-type></A-Sale><A-Sale><Qty></Qty><Price></Price><trans-type></trans-type></A-Sale><A-Sale><Qty></Qty><Price></Price><trans-type></trans-type></A-Sale><A-Sale><Qty></Qty><Price></Price><trans-type></trans-type></A-Sale><A-Sale><Qty></Qty><Price></Price><trans-type></trans-type></A-Sale></Product-details><Summary><Qty></Qty><Price></Price><Sku-Count></Sku-Count></Summary></Department-Dtls><Orders><keycode>66624803</keycode><Qty>1</Qty></Orders><Orders><keycode>66624889</keycode><Qty>1</Qty></Orders><Orders><keycode>69634712</keycode><Qty>1</Qty></Orders><Orders><keycode>68614787</keycode><Qty>1</Qty></Orders><Orders><keycode>68634061</keycode><Qty>1</Qty></Orders><Orders><keycode>69644337</keycode><Qty>1</Qty></Orders><Orders><keycode>69654081</keycode><Qty>1</Qty></Orders><Orders><keycode>69654135</keycode><Qty>1</Qty></Orders><Orders><keycode>69654459</keycode><Qty>1</Qty></Orders><Orders><keycode>69654638</keycode><Qty>1</Qty></Orders><Orders><keycode></keycode><Qty></Qty></Orders><Orders><keycode></keycode><Qty></Qty></Orders><Orders><keycode></keycode><Qty></Qty></Orders><Orders><keycode></keycode><Qty></Qty></Orders><Orders><keycode></keycode><Qty></Qty></Orders><Summary><Qty></Qty><Price></Price><Sku-Count></Sku-Count></Summary></Store-dtls></copybook>