<?xml version="1.0" encoding="UTF-8"?><CobolData><Location-Details><Location-details><Location-Number>0</Location-Number><Location-Name>Store 0, 0</Location-Name></Location-details><months>0</months><week-no>0</week-no><total-sales>0.00</total-sales></Location-Details><Location-Details><Location-details><Location-Number>100</Location-Number><Location-Name>Store 1, 0</Location-Name></Location-details><months>1</months><week-no>0</week-no><total-sales>100.00</total-sales><sales-count>0</sales-count></Location-Details><Location-Details><Location-details><Location-Number>200</Location-Number><Location-Name>Store 2, 0</Location-Name></Location-details><months>2</months><week-no>0</week-no><total-sales>200.00</total-sales><sales-count>0</sales-count><sales-count>1</sales-count></Location-Details><Location-Details><Location-details><Location-Number>300</Location-Number><Location-Name>Store 3, 0</Location-Name></Location-details><months>3</months><week-no>0</week-no><total-sales>300.00</total-sales><sales-count>0</sales-count><sales-count>1</sales-count><sales-count>2</sales-count></Location-Details><Location-Details><Location-details><Location-Number>400</Location-Number><Location-Name>Store 4, 0</Location-Name></Location-details><months>4</months><week-no>0</week-no><total-sales>400.00</total-sales><sales-count>0</sales-count><sales-count>1</sales-count><sales-count>2</sales-count><sales-count>3</sales-count></Location-Details><Location-Details><Location-details><Location-Number>500</Location-Number><Location-Name>Store 5, 0</Location-Name></Location-details><months>5</months><week-no>0</week-no><total-sales>500.00</total-sales><sales-count>0</sales-count><sales-count>1</sales-count><sales-count>2</sales-count><sales-count>3</sales-count><sales-count>4</sales-count></Location-Details><Location-Details><Location-details><Location-Number>600</Location-Number><Location-Name>Store 6, 0</Location-Name></Location-details><months>6</months><week-no>0</week-no><total-sales>600.00</total-sales><sales-count>0</sales-count><sales-count>1</sales-count><sales-count>2</sales-count><sales-count>3</sales-count><sales-count>4</sales-count><sales-count>5</sales-count></Location-Details><Location-Details><Location-details><Location-Number>700</Location-Number><Location-Name>Store 7, 0</Location-Name></Location-details><months>7</months><week-no>0</week-no><total-sales>700.00</total-sales><sales-count>0</sales-count><sales-count>1</sales-count><sales-count>2</sales-count><sales-count>3</sales-count><sales-count>4</sales-count><sales-count>5</sales-count><sales-count>6</sales-count></Location-Details><Location-Details><Location-details><Location-Number>800</Location-Number><Location-Name>Store 8, 0</Location-Name></Location-details><months>8</months><week-no>0</week-no><total-sales>800.00</total-sales><sales-count>0</sales-count><sales-count>1</sales-count><sales-count>2</sales-count><sales-count>3</sales-count><sales-count>4</sales-count><sales-count>5</sales-count><sales-count>6</sales-count><sales-count>7</sales-count></Location-Details><Location-Details><Location-details><Location-Number>900</Location-Number><Location-Name>Store 9, 0</Location-Name></Location-details><months>9</months><week-no>0</week-no><total-sales>900.00</total-sales><sales-count>0</sales-count><sales-count>1</sales-count><sales-count>2</sales-count><sales-count>3</sales-count><sales-count>4</sales-count><sales-count>5</sales-count><sales-count>6</sales-count><sales-count>7</sales-count><sales-count>8</sales-count></Location-Details><Location-Details><Location-details><Location-Number>1000</Location-Number><Location-Name>Store 10, 0</Location-Name></Location-details><months>10</months><week-no>0</week-no><total-sales>1000.00</total-sales><sales-count>0</sales-count><sales-count>1</sales-count><sales-count>2</sales-count><sales-count>3</sales-count><sales-count>4</sales-count><sales-count>5</sales-count><sales-count>6</sales-count><sales-count>7</sales-count><sales-count>8</sales-count><sales-count>9</sales-count></Location-Details><Location-Details><Location-details><Location-Number>1100</Location-Number><Location-Name>Store 11, 0</Location-Name></Location-details><months>11</months><week-no>0</week-no><total-sales>1100.00</total-sales><sales-count>0</sales-count><sales-count>1</sales-count><sales-count>2</sales-count><sales-count>3</sales-count><sales-count>4</sales-count><sales-count>5</sales-count><sales-count>6</sales-count><sales-count>7</sales-count><sales-count>8</sales-count><sales-count>9</sales-count><sales-count>10</sales-count></Location-Details><Location-Details><Location-details><Location-Number>1200</Location-Number><Location-Name>Store 12, 0</Location-Name></Location-details><months>12</months><week-no>0</week-no><total-sales>1200.00</total-sales><sales-count>0</sales-count><sales-count>1</sales-count><sales-count>2</sales-count><sales-count>3</sales-count><sales-count>4</sales-count><sales-count>5</sales-count><sales-count>6</sales-count><sales-count>7</sales-count><sales-count>8</sales-count><sales-count>9</sales-count><sales-count>10</sales-count><sales-count>11</sales-count></Location-Details></CobolData>