<?xml version="1.0" encoding="UTF-8"?><CobolData><Location-Details><Location-details><Location-Number>5</Location-Number><Location-Name>Store 0, 5</Location-Name></Location-details><total-sales>5.00</total-sales><week-no>5</week-no><months>0</months><Weekly-Purchases><purchase-count>0</purchase-count><purchase-value>0.00</purchase-value></Weekly-Purchases><Weekly-Purchases><purchase-count>1</purchase-count><purchase-value>1.10</purchase-value></Weekly-Purchases><Weekly-Purchases><purchase-count>2</purchase-count><purchase-value>2.20</purchase-value></Weekly-Purchases><Weekly-Purchases><purchase-count>3</purchase-count><purchase-value>3.30</purchase-value></Weekly-Purchases><Weekly-Purchases><purchase-count>4</purchase-count><purchase-value>4.40</purchase-value></Weekly-Purchases><total-purchase-count>0</total-purchase-count><total-purchase-value>0.00</total-purchase-value></Location-Details><Location-Details><Location-details><Location-Number>105</Location-Number><Location-Name>Store 1, 5</Location-Name></Location-details><total-sales>105.00</total-sales><week-no>5</week-no><months>1</months><Monthly-Sales><sales-count>5</sales-count><sales-value>15.50</sales-value></Monthly-Sales><Weekly-Purchases><purchase-count>1</purchase-count><purchase-value>1.10</purchase-value></Weekly-Purchases><Weekly-Purchases><purchase-count>2</purchase-count><purchase-value>2.20</purchase-value></Weekly-Purchases><Weekly-Purchases><purchase-count>3</purchase-count><purchase-value>3.30</purchase-value></Weekly-Purchases><Weekly-Purchases><purchase-count>4</purchase-count><purchase-value>4.40</purchase-value></Weekly-Purchases><Weekly-Purchases><purchase-count>5</purchase-count><purchase-value>5.50</purchase-value></Weekly-Purchases><total-purchase-count>10</total-purchase-count><total-purchase-value>51.00</total-purchase-value></Location-Details><Location-Details><Location-details><Location-Number>205</Location-Number><Location-Name>Store 2, 5</Location-Name></Location-details><total-sales>205.00</total-sales><week-no>5</week-no><months>2</months><Monthly-Sales><sales-count>5</sales-count><sales-value>15.50</sales-value></Monthly-Sales><Monthly-Sales><sales-count>6</sales-count><sales-value>18.60</sales-value></Monthly-Sales><Weekly-Purchases><purchase-count>2</purchase-count><purchase-value>2.20</purchase-value></Weekly-Purchases><Weekly-Purchases><purchase-count>3</purchase-count><purchase-value>3.30</purchase-value></Weekly-Purchases><Weekly-Purchases><purchase-count>4</purchase-count><purchase-value>4.40</purchase-value></Weekly-Purchases><Weekly-Purchases><purchase-count>5</purchase-count><purchase-value>5.50</purchase-value></Weekly-Purchases><Weekly-Purchases><purchase-count>6</purchase-count><purchase-value>6.60</purchase-value></Weekly-Purchases><total-purchase-count>20</total-purchase-count><total-purchase-value>102.00</total-purchase-value></Location-Details><Location-Details><Location-details><Location-Number>305</Location-Number><Location-Name>Store 3, 5</Location-Name></Location-details><total-sales>305.00</total-sales><week-no>5</week-no><months>3</months><Monthly-Sales><sales-count>5</sales-count><sales-value>15.50</sales-value></Monthly-Sales><Monthly-Sales><sales-count>6</sales-count><sales-value>18.60</sales-value></Monthly-Sales><Monthly-Sales><sales-count>7</sales-count><sales-value>21.70</sales-value></Monthly-Sales><Weekly-Purchases><purchase-count>3</purchase-count><purchase-value>3.30</purchase-value></Weekly-Purchases><Weekly-Purchases><purchase-count>4</purchase-count><purchase-value>4.40</purchase-value></Weekly-Purchases><Weekly-Purchases><purchase-count>5</purchase-count><purchase-value>5.50</purchase-value></Weekly-Purchases><Weekly-Purchases><purchase-count>6</purchase-count><purchase-value>6.60</purchase-value></Weekly-Purchases><Weekly-Purchases><purchase-count>7</purchase-count><purchase-value>7.70</purchase-value></Weekly-Purchases><total-purchase-count>30</total-purchase-count><total-purchase-value>153.00</total-purchase-value></Location-Details><Location-Details><Location-details><Location-Number>405</Location-Number><Location-Name>Store 4, 5</Location-Name></Location-details><total-sales>405.00</total-sales><week-no>5</week-no><months>4</months><Monthly-Sales><sales-count>5</sales-count><sales-value>15.50</sales-value></Monthly-Sales><Monthly-Sales><sales-count>6</sales-count><sales-value>18.60</sales-value></Monthly-Sales><Monthly-Sales><sales-count>7</sales-count><sales-value>21.70</sales-value></Monthly-Sales><Monthly-Sales><sales-count>8</sales-count><sales-value>24.80</sales-value></Monthly-Sales><Weekly-Purchases><purchase-count>4</purchase-count><purchase-value>4.40</purchase-value></Weekly-Purchases><Weekly-Purchases><purchase-count>5</purchase-count><purchase-value>5.50</purchase-value></Weekly-Purchases><Weekly-Purchases><purchase-count>6</purchase-count><purchase-value>6.60</purchase-value></Weekly-Purchases><Weekly-Purchases><purchase-count>7</purchase-count><purchase-value>7.70</purchase-value></Weekly-Purchases><Weekly-Purchases><purchase-count>8</purchase-count><purchase-value>8.80</purchase-value></Weekly-Purchases><total-purchase-count>40</total-purchase-count><total-purchase-value>204.00</total-purchase-value></Location-Details><Location-Details><Location-details><Location-Number>505</Location-Number><Location-Name>Store 5, 5</Location-Name></Location-details><total-sales>505.00</total-sales><week-no>5</week-no><months>5</months><Monthly-Sales><sales-count>5</sales-count><sales-value>15.50</sales-value></Monthly-Sales><Monthly-Sales><sales-count>6</sales-count><sales-value>18.60</sales-value></Monthly-Sales><Monthly-Sales><sales-count>7</sales-count><sales-value>21.70</sales-value></Monthly-Sales><Monthly-Sales><sales-count>8</sales-count><sales-value>24.80</sales-value></Monthly-Sales><Monthly-Sales><sales-count>9</sales-count><sales-value>27.90</sales-value></Monthly-Sales><Weekly-Purchases><purchase-count>5</purchase-count><purchase-value>5.50</purchase-value></Weekly-Purchases><Weekly-Purchases><purchase-count>6</purchase-count><purchase-value>6.60</purchase-value></Weekly-Purchases><Weekly-Purchases><purchase-count>7</purchase-count><purchase-value>7.70</purchase-value></Weekly-Purchases><Weekly-Purchases><purchase-count>8</purchase-count><purchase-value>8.80</purchase-value></Weekly-Purchases><Weekly-Purchases><purchase-count>9</purchase-count><purchase-value>9.90</purchase-value></Weekly-Purchases><total-purchase-count>50</total-purchase-count><total-purchase-value>255.00</total-purchase-value></Location-Details><Location-Details><Location-details><Location-Number>605</Location-Number><Location-Name>Store 6, 5</Location-Name></Location-details><total-sales>605.00</total-sales><week-no>5</week-no><months>6</months><Monthly-Sales><sales-count>5</sales-count><sales-value>15.50</sales-value></Monthly-Sales><Monthly-Sales><sales-count>6</sales-count><sales-value>18.60</sales-value></Monthly-Sales><Monthly-Sales><sales-count>7</sales-count><sales-value>21.70</sales-value></Monthly-Sales><Monthly-Sales><sales-count>8</sales-count><sales-value>24.80</sales-value></Monthly-Sales><Monthly-Sales><sales-count>9</sales-count><sales-value>27.90</sales-value></Monthly-Sales><Monthly-Sales><sales-count>10</sales-count><sales-value>31.00</sales-value></Monthly-Sales><Weekly-Purchases><purchase-count>6</purchase-count><purchase-value>6.60</purchase-value></Weekly-Purchases><Weekly-Purchases><purchase-count>7</purchase-count><purchase-value>7.70</purchase-value></Weekly-Purchases><Weekly-Purchases><purchase-count>8</purchase-count><purchase-value>8.80</purchase-value></Weekly-Purchases><Weekly-Purchases><purchase-count>9</purchase-count><purchase-value>9.90</purchase-value></Weekly-Purchases><Weekly-Purchases><purchase-count>10</purchase-count><purchase-value>11.00</purchase-value></Weekly-Purchases><total-purchase-count>60</total-purchase-count><total-purchase-value>306.00</total-purchase-value></Location-Details><Location-Details><Location-details><Location-Number>705</Location-Number><Location-Name>Store 7, 5</Location-Name></Location-details><total-sales>705.00</total-sales><week-no>5</week-no><months>7</months><Monthly-Sales><sales-count>5</sales-count><sales-value>15.50</sales-value></Monthly-Sales><Monthly-Sales><sales-count>6</sales-count><sales-value>18.60</sales-value></Monthly-Sales><Monthly-Sales><sales-count>7</sales-count><sales-value>21.70</sales-value></Monthly-Sales><Monthly-Sales><sales-count>8</sales-count><sales-value>24.80</sales-value></Monthly-Sales><Monthly-Sales><sales-count>9</sales-count><sales-value>27.90</sales-value></Monthly-Sales><Monthly-Sales><sales-count>10</sales-count><sales-value>31.00</sales-value></Monthly-Sales><Monthly-Sales><sales-count>11</sales-count><sales-value>34.10</sales-value></Monthly-Sales><Weekly-Purchases><purchase-count>7</purchase-count><purchase-value>7.70</purchase-value></Weekly-Purchases><Weekly-Purchases><purchase-count>8</purchase-count><purchase-value>8.80</purchase-value></Weekly-Purchases><Weekly-Purchases><purchase-count>9</purchase-count><purchase-value>9.90</purchase-value></Weekly-Purchases><Weekly-Purchases><purchase-count>10</purchase-count><purchase-value>11.00</purchase-value></Weekly-Purchases><Weekly-Purchases><purchase-count>11</purchase-count><purchase-value>12.10</purchase-value></Weekly-Purchases><total-purchase-count>70</total-purchase-count><total-purchase-value>357.00</total-purchase-value></Location-Details><Location-Details><Location-details><Location-Number>805</Location-Number><Location-Name>Store 8, 5</Location-Name></Location-details><total-sales>805.00</total-sales><week-no>5</week-no><months>8</months><Monthly-Sales><sales-count>5</sales-count><sales-value>15.50</sales-value></Monthly-Sales><Monthly-Sales><sales-count>6</sales-count><sales-value>18.60</sales-value></Monthly-Sales><Monthly-Sales><sales-count>7</sales-count><sales-value>21.70</sales-value></Monthly-Sales><Monthly-Sales><sales-count>8</sales-count><sales-value>24.80</sales-value></Monthly-Sales><Monthly-Sales><sales-count>9</sales-count><sales-value>27.90</sales-value></Monthly-Sales><Monthly-Sales><sales-count>10</sales-count><sales-value>31.00</sales-value></Monthly-Sales><Monthly-Sales><sales-count>11</sales-count><sales-value>34.10</sales-value></Monthly-Sales><Monthly-Sales><sales-count>12</sales-count><sales-value>37.20</sales-value></Monthly-Sales><Weekly-Purchases><purchase-count>8</purchase-count><purchase-value>8.80</purchase-value></Weekly-Purchases><Weekly-Purchases><purchase-count>9</purchase-count><purchase-value>9.90</purchase-value></Weekly-Purchases><Weekly-Purchases><purchase-count>10</purchase-count><purchase-value>11.00</purchase-value></Weekly-Purchases><Weekly-Purchases><purchase-count>11</purchase-count><purchase-value>12.10</purchase-value></Weekly-Purchases><Weekly-Purchases><purchase-count>12</purchase-count><purchase-value>13.20</purchase-value></Weekly-Purchases><total-purchase-count>80</total-purchase-count><total-purchase-value>408.00</total-purchase-value></Location-Details><Location-Details><Location-details><Location-Number>905</Location-Number><Location-Name>Store 9, 5</Location-Name></Location-details><total-sales>905.00</total-sales><week-no>5</week-no><months>9</months><Monthly-Sales><sales-count>5</sales-count><sales-value>15.50</sales-value></Monthly-Sales><Monthly-Sales><sales-count>6</sales-count><sales-value>18.60</sales-value></Monthly-Sales><Monthly-Sales><sales-count>7</sales-count><sales-value>21.70</sales-value></Monthly-Sales><Monthly-Sales><sales-count>8</sales-count><sales-value>24.80</sales-value></Monthly-Sales><Monthly-Sales><sales-count>9</sales-count><sales-value>27.90</sales-value></Monthly-Sales><Monthly-Sales><sales-count>10</sales-count><sales-value>31.00</sales-value></Monthly-Sales><Monthly-Sales><sales-count>11</sales-count><sales-value>34.10</sales-value></Monthly-Sales><Monthly-Sales><sales-count>12</sales-count><sales-value>37.20</sales-value></Monthly-Sales><Monthly-Sales><sales-count>13</sales-count><sales-value>40.30</sales-value></Monthly-Sales><Weekly-Purchases><purchase-count>9</purchase-count><purchase-value>9.90</purchase-value></Weekly-Purchases><Weekly-Purchases><purchase-count>10</purchase-count><purchase-value>11.00</purchase-value></Weekly-Purchases><Weekly-Purchases><purchase-count>11</purchase-count><purchase-value>12.10</purchase-value></Weekly-Purchases><Weekly-Purchases><purchase-count>12</purchase-count><purchase-value>13.20</purchase-value></Weekly-Purchases><Weekly-Purchases><purchase-count>13</purchase-count><purchase-value>14.30</purchase-value></Weekly-Purchases><total-purchase-count>90</total-purchase-count><total-purchase-value>459.00</total-purchase-value></Location-Details><Location-Details><Location-details><Location-Number>1005</Location-Number><Location-Name>Store 10, 5</Location-Name></Location-details><total-sales>1005.00</total-sales><week-no>5</week-no><months>10</months><Monthly-Sales><sales-count>5</sales-count><sales-value>15.50</sales-value></Monthly-Sales><Monthly-Sales><sales-count>6</sales-count><sales-value>18.60</sales-value></Monthly-Sales><Monthly-Sales><sales-count>7</sales-count><sales-value>21.70</sales-value></Monthly-Sales><Monthly-Sales><sales-count>8</sales-count><sales-value>24.80</sales-value></Monthly-Sales><Monthly-Sales><sales-count>9</sales-count><sales-value>27.90</sales-value></Monthly-Sales><Monthly-Sales><sales-count>10</sales-count><sales-value>31.00</sales-value></Monthly-Sales><Monthly-Sales><sales-count>11</sales-count><sales-value>34.10</sales-value></Monthly-Sales><Monthly-Sales><sales-count>12</sales-count><sales-value>37.20</sales-value></Monthly-Sales><Monthly-Sales><sales-count>13</sales-count><sales-value>40.30</sales-value></Monthly-Sales><Monthly-Sales><sales-count>14</sales-count><sales-value>43.40</sales-value></Monthly-Sales><Weekly-Purchases><purchase-count>10</purchase-count><purchase-value>11.00</purchase-value></Weekly-Purchases><Weekly-Purchases><purchase-count>11</purchase-count><purchase-value>12.10</purchase-value></Weekly-Purchases><Weekly-Purchases><purchase-count>12</purchase-count><purchase-value>13.20</purchase-value></Weekly-Purchases><Weekly-Purchases><purchase-count>13</purchase-count><purchase-value>14.30</purchase-value></Weekly-Purchases><Weekly-Purchases><purchase-count>14</purchase-count><purchase-value>15.40</purchase-value></Weekly-Purchases><total-purchase-count>0</total-purchase-count><total-purchase-value>0.00</total-purchase-value></Location-Details><Location-Details><Location-details><Location-Number>1105</Location-Number><Location-Name>Store 11, 5</Location-Name></Location-details><total-sales>1105.00</total-sales><week-no>5</week-no><months>11</months><Monthly-Sales><sales-count>5</sales-count><sales-value>15.50</sales-value></Monthly-Sales><Monthly-Sales><sales-count>6</sales-count><sales-value>18.60</sales-value></Monthly-Sales><Monthly-Sales><sales-count>7</sales-count><sales-value>21.70</sales-value></Monthly-Sales><Monthly-Sales><sales-count>8</sales-count><sales-value>24.80</sales-value></Monthly-Sales><Monthly-Sales><sales-count>9</sales-count><sales-value>27.90</sales-value></Monthly-Sales><Monthly-Sales><sales-count>10</sales-count><sales-value>31.00</sales-value></Monthly-Sales><Monthly-Sales><sales-count>11</sales-count><sales-value>34.10</sales-value></Monthly-Sales><Monthly-Sales><sales-count>12</sales-count><sales-value>37.20</sales-value></Monthly-Sales><Monthly-Sales><sales-count>13</sales-count><sales-value>40.30</sales-value></Monthly-Sales><Monthly-Sales><sales-count>14</sales-count><sales-value>43.40</sales-value></Monthly-Sales><Monthly-Sales><sales-count>15</sales-count><sales-value>46.50</sales-value></Monthly-Sales><Weekly-Purchases><purchase-count>11</purchase-count><purchase-value>12.10</purchase-value></Weekly-Purchases><Weekly-Purchases><purchase-count>12</purchase-count><purchase-value>13.20</purchase-value></Weekly-Purchases><Weekly-Purchases><purchase-count>13</purchase-count><purchase-value>14.30</purchase-value></Weekly-Purchases><Weekly-Purchases><purchase-count>14</purchase-count><purchase-value>15.40</purchase-value></Weekly-Purchases><Weekly-Purchases><purchase-count>15</purchase-count><purchase-value>16.50</purchase-value></Weekly-Purchases><total-purchase-count>10</total-purchase-count><total-purchase-value>51.00</total-purchase-value></Location-Details><Location-Details><Location-details><Location-Number>1205</Location-Number><Location-Name>Store 12, 5</Location-Name></Location-details><total-sales>1205.00</total-sales><week-no>5</week-no><months>12</months><Monthly-Sales><sales-count>5</sales-count><sales-value>15.50</sales-value></Monthly-Sales><Monthly-Sales><sales-count>6</sales-count><sales-value>18.60</sales-value></Monthly-Sales><Monthly-Sales><sales-count>7</sales-count><sales-value>21.70</sales-value></Monthly-Sales><Monthly-Sales><sales-count>8</sales-count><sales-value>24.80</sales-value></Monthly-Sales><Monthly-Sales><sales-count>9</sales-count><sales-value>27.90</sales-value></Monthly-Sales><Monthly-Sales><sales-count>10</sales-count><sales-value>31.00</sales-value></Monthly-Sales><Monthly-Sales><sales-count>11</sales-count><sales-value>34.10</sales-value></Monthly-Sales><Monthly-Sales><sales-count>12</sales-count><sales-value>37.20</sales-value></Monthly-Sales><Monthly-Sales><sales-count>13</sales-count><sales-value>40.30</sales-value></Monthly-Sales><Monthly-Sales><sales-count>14</sales-count><sales-value>43.40</sales-value></Monthly-Sales><Monthly-Sales><sales-count>15</sales-count><sales-value>46.50</sales-value></Monthly-Sales><Monthly-Sales><sales-count>16</sales-count><sales-value>49.60</sales-value></Monthly-Sales><Weekly-Purchases><purchase-count>12</purchase-count><purchase-value>13.20</purchase-value></Weekly-Purchases><Weekly-Purchases><purchase-count>13</purchase-count><purchase-value>14.30</purchase-value></Weekly-Purchases><Weekly-Purchases><purchase-count>14</purchase-count><purchase-value>15.40</purchase-value></Weekly-Purchases><Weekly-Purchases><purchase-count>15</purchase-count><purchase-value>16.50</purchase-value></Weekly-Purchases><Weekly-Purchases><purchase-count>16</purchase-count><purchase-value>17.60</purchase-value></Weekly-Purchases><total-purchase-count>20</total-purchase-count><total-purchase-value>102.00</total-purchase-value></Location-Details></CobolData>