<?xml version="1.0" encoding="UTF-8"?><CobolData><Location-Details><Record-Type>r</Record-Type><Level-Count>0</Level-Count><Attr-count>0</Attr-count><Location-Levels></Location-Levels></Location-Details><Location-Details><Record-Type>r</Record-Type><Level-Count>0</Level-Count><Attr-count>1</Attr-count><Location-Levels></Location-Levels></Location-Details><Location-Details><Record-Type>r</Record-Type><Level-Count>0</Level-Count><Attr-count>2</Attr-count><Location-Levels></Location-Levels></Location-Details><Location-Details><Record-Type>r</Record-Type><Level-Count>0</Level-Count><Attr-count>3</Attr-count><Location-Levels></Location-Levels></Location-Details><Location-Details><Record-Type>r</Record-Type><Level-Count>0</Level-Count><Attr-count>4</Attr-count><Location-Levels></Location-Levels></Location-Details><Location-Details><Record-Type>r</Record-Type><Level-Count>0</Level-Count><Attr-count>5</Attr-count><Location-Levels></Location-Levels></Location-Details><Location-Details><Record-Type>r</Record-Type><Level-Count>1</Level-Count><Attr-count>0</Attr-count><Location-Levels><Level-Details><Level>0</Level><Attributes></Attributes></Level-Details></Location-Levels></Location-Details><Location-Details><Record-Type>r</Record-Type><Level-Count>1</Level-Count><Attr-count>1</Attr-count><Location-Levels><Level-Details><Level>1</Level><Attributes><Attr>0</Attr></Attributes></Level-Details></Location-Levels></Location-Details><Location-Details><Record-Type>r</Record-Type><Level-Count>1</Level-Count><Attr-count>2</Attr-count><Location-Levels><Level-Details><Level>2</Level><Attributes><Attr>0</Attr><Attr>1</Attr></Attributes></Level-Details></Location-Levels></Location-Details><Location-Details><Record-Type>r</Record-Type><Level-Count>1</Level-Count><Attr-count>3</Attr-count><Location-Levels><Level-Details><Level>3</Level><Attributes><Attr>0</Attr><Attr>1</Attr><Attr>2</Attr></Attributes></Level-Details></Location-Levels></Location-Details><Location-Details><Record-Type>r</Record-Type><Level-Count>1</Level-Count><Attr-count>4</Attr-count><Location-Levels><Level-Details><Level>4</Level><Attributes><Attr>0</Attr><Attr>1</Attr><Attr>2</Attr><Attr>3</Attr></Attributes></Level-Details></Location-Levels></Location-Details><Location-Details><Record-Type>r</Record-Type><Level-Count>1</Level-Count><Attr-count>5</Attr-count><Location-Levels><Level-Details><Level>5</Level><Attributes><Attr>0</Attr><Attr>1</Attr><Attr>2</Attr><Attr>3</Attr><Attr>4</Attr></Attributes></Level-Details></Location-Levels></Location-Details><Location-Details><Record-Type>r</Record-Type><Level-Count>2</Level-Count><Attr-count>0</Attr-count><Location-Levels><Level-Details><Level>0</Level><Attributes></Attributes></Level-Details><Level-Details><Level>100</Level><Attributes></Attributes></Level-Details></Location-Levels></Location-Details><Location-Details><Record-Type>r</Record-Type><Level-Count>2</Level-Count><Attr-count>1</Attr-count><Location-Levels><Level-Details><Level>1</Level><Attributes><Attr>0</Attr></Attributes></Level-Details><Level-Details><Level>101</Level><Attributes><Attr>10</Attr></Attributes></Level-Details></Location-Levels></Location-Details><Location-Details><Record-Type>r</Record-Type><Level-Count>2</Level-Count><Attr-count>2</Attr-count><Location-Levels><Level-Details><Level>2</Level><Attributes><Attr>0</Attr><Attr>1</Attr></Attributes></Level-Details><Level-Details><Level>102</Level><Attributes><Attr>10</Attr><Attr>11</Attr></Attributes></Level-Details></Location-Levels></Location-Details><Location-Details><Record-Type>r</Record-Type><Level-Count>2</Level-Count><Attr-count>3</Attr-count><Location-Levels><Level-Details><Level>3</Level><Attributes><Attr>0</Attr><Attr>1</Attr><Attr>2</Attr></Attributes></Level-Details><Level-Details><Level>103</Level><Attributes><Attr>10</Attr><Attr>11</Attr><Attr>12</Attr></Attributes></Level-Details></Location-Levels></Location-Details><Location-Details><Record-Type>r</Record-Type><Level-Count>2</Level-Count><Attr-count>4</Attr-count><Location-Levels><Level-Details><Level>4</Level><Attributes><Attr>0</Attr><Attr>1</Attr><Attr>2</Attr><Attr>3</Attr></Attributes></Level-Details><Level-Details><Level>104</Level><Attributes><Attr>10</Attr><Attr>11</Attr><Attr>12</Attr><Attr>13</Attr></Attributes></Level-Details></Location-Levels></Location-Details><Location-Details><Record-Type>r</Record-Type><Level-Count>2</Level-Count><Attr-count>5</Attr-count><Location-Levels><Level-Details><Level>5</Level><Attributes><Attr>0</Attr><Attr>1</Attr><Attr>2</Attr><Attr>3</Attr><Attr>4</Attr></Attributes></Level-Details><Level-Details><Level>105</Level><Attributes><Attr>10</Attr><Attr>11</Attr><Attr>12</Attr><Attr>13</Attr><Attr>14</Attr></Attributes></Level-Details></Location-Levels></Location-Details><Location-Details><Record-Type>r</Record-Type><Level-Count>3</Level-Count><Attr-count>0</Attr-count><Location-Levels><Level-Details><Level>0</Level><Attributes></Attributes></Level-Details><Level-Details><Level>100</Level><Attributes></Attributes></Level-Details><Level-Details><Level>200</Level><Attributes></Attributes></Level-Details></Location-Levels></Location-Details><Location-Details><Record-Type>r</Record-Type><Level-Count>3</Level-Count><Attr-count>1</Attr-count><Location-Levels><Level-Details><Level>1</Level><Attributes><Attr>0</Attr></Attributes></Level-Details><Level-Details><Level>101</Level><Attributes><Attr>10</Attr></Attributes></Level-Details><Level-Details><Level>201</Level><Attributes><Attr>20</Attr></Attributes></Level-Details></Location-Levels></Location-Details><Location-Details><Record-Type>r</Record-Type><Level-Count>3</Level-Count><Attr-count>2</Attr-count><Location-Levels><Level-Details><Level>2</Level><Attributes><Attr>0</Attr><Attr>1</Attr></Attributes></Level-Details><Level-Details><Level>102</Level><Attributes><Attr>10</Attr><Attr>11</Attr></Attributes></Level-Details><Level-Details><Level>202</Level><Attributes><Attr>20</Attr><Attr>21</Attr></Attributes></Level-Details></Location-Levels></Location-Details><Location-Details><Record-Type>r</Record-Type><Level-Count>3</Level-Count><Attr-count>3</Attr-count><Location-Levels><Level-Details><Level>3</Level><Attributes><Attr>0</Attr><Attr>1</Attr><Attr>2</Attr></Attributes></Level-Details><Level-Details><Level>103</Level><Attributes><Attr>10</Attr><Attr>11</Attr><Attr>12</Attr></Attributes></Level-Details><Level-Details><Level>203</Level><Attributes><Attr>20</Attr><Attr>21</Attr><Attr>22</Attr></Attributes></Level-Details></Location-Levels></Location-Details><Location-Details><Record-Type>r</Record-Type><Level-Count>3</Level-Count><Attr-count>4</Attr-count><Location-Levels><Level-Details><Level>4</Level><Attributes><Attr>0</Attr><Attr>1</Attr><Attr>2</Attr><Attr>3</Attr></Attributes></Level-Details><Level-Details><Level>104</Level><Attributes><Attr>10</Attr><Attr>11</Attr><Attr>12</Attr><Attr>13</Attr></Attributes></Level-Details><Level-Details><Level>204</Level><Attributes><Attr>20</Attr><Attr>21</Attr><Attr>22</Attr><Attr>23</Attr></Attributes></Level-Details></Location-Levels></Location-Details><Location-Details><Record-Type>r</Record-Type><Level-Count>3</Level-Count><Attr-count>5</Attr-count><Location-Levels><Level-Details><Level>5</Level><Attributes><Attr>0</Attr><Attr>1</Attr><Attr>2</Attr><Attr>3</Attr><Attr>4</Attr></Attributes></Level-Details><Level-Details><Level>105</Level><Attributes><Attr>10</Attr><Attr>11</Attr><Attr>12</Attr><Attr>13</Attr><Attr>14</Attr></Attributes></Level-Details><Level-Details><Level>205</Level><Attributes><Attr>20</Attr><Attr>21</Attr><Attr>22</Attr><Attr>23</Attr><Attr>24</Attr></Attributes></Level-Details></Location-Levels></Location-Details><Location-Details><Record-Type>r</Record-Type><Level-Count>4</Level-Count><Attr-count>0</Attr-count><Location-Levels><Level-Details><Level>0</Level><Attributes></Attributes></Level-Details><Level-Details><Level>100</Level><Attributes></Attributes></Level-Details><Level-Details><Level>200</Level><Attributes></Attributes></Level-Details><Level-Details><Level>300</Level><Attributes></Attributes></Level-Details></Location-Levels></Location-Details><Location-Details><Record-Type>r</Record-Type><Level-Count>4</Level-Count><Attr-count>1</Attr-count><Location-Levels><Level-Details><Level>1</Level><Attributes><Attr>0</Attr></Attributes></Level-Details><Level-Details><Level>101</Level><Attributes><Attr>10</Attr></Attributes></Level-Details><Level-Details><Level>201</Level><Attributes><Attr>20</Attr></Attributes></Level-Details><Level-Details><Level>301</Level><Attributes><Attr>30</Attr></Attributes></Level-Details></Location-Levels></Location-Details><Location-Details><Record-Type>r</Record-Type><Level-Count>4</Level-Count><Attr-count>2</Attr-count><Location-Levels><Level-Details><Level>2</Level><Attributes><Attr>0</Attr><Attr>1</Attr></Attributes></Level-Details><Level-Details><Level>102</Level><Attributes><Attr>10</Attr><Attr>11</Attr></Attributes></Level-Details><Level-Details><Level>202</Level><Attributes><Attr>20</Attr><Attr>21</Attr></Attributes></Level-Details><Level-Details><Level>302</Level><Attributes><Attr>30</Attr><Attr>31</Attr></Attributes></Level-Details></Location-Levels></Location-Details><Location-Details><Record-Type>r</Record-Type><Level-Count>4</Level-Count><Attr-count>3</Attr-count><Location-Levels><Level-Details><Level>3</Level><Attributes><Attr>0</Attr><Attr>1</Attr><Attr>2</Attr></Attributes></Level-Details><Level-Details><Level>103</Level><Attributes><Attr>10</Attr><Attr>11</Attr><Attr>12</Attr></Attributes></Level-Details><Level-Details><Level>203</Level><Attributes><Attr>20</Attr><Attr>21</Attr><Attr>22</Attr></Attributes></Level-Details><Level-Details><Level>303</Level><Attributes><Attr>30</Attr><Attr>31</Attr><Attr>32</Attr></Attributes></Level-Details></Location-Levels></Location-Details><Location-Details><Record-Type>r</Record-Type><Level-Count>4</Level-Count><Attr-count>4</Attr-count><Location-Levels><Level-Details><Level>4</Level><Attributes><Attr>0</Attr><Attr>1</Attr><Attr>2</Attr><Attr>3</Attr></Attributes></Level-Details><Level-Details><Level>104</Level><Attributes><Attr>10</Attr><Attr>11</Attr><Attr>12</Attr><Attr>13</Attr></Attributes></Level-Details><Level-Details><Level>204</Level><Attributes><Attr>20</Attr><Attr>21</Attr><Attr>22</Attr><Attr>23</Attr></Attributes></Level-Details><Level-Details><Level>304</Level><Attributes><Attr>30</Attr><Attr>31</Attr><Attr>32</Attr><Attr>33</Attr></Attributes></Level-Details></Location-Levels></Location-Details><Location-Details><Record-Type>r</Record-Type><Level-Count>4</Level-Count><Attr-count>5</Attr-count><Location-Levels><Level-Details><Level>5</Level><Attributes><Attr>0</Attr><Attr>1</Attr><Attr>2</Attr><Attr>3</Attr><Attr>4</Attr></Attributes></Level-Details><Level-Details><Level>105</Level><Attributes><Attr>10</Attr><Attr>11</Attr><Attr>12</Attr><Attr>13</Attr><Attr>14</Attr></Attributes></Level-Details><Level-Details><Level>205</Level><Attributes><Attr>20</Attr><Attr>21</Attr><Attr>22</Attr><Attr>23</Attr><Attr>24</Attr></Attributes></Level-Details><Level-Details><Level>305</Level><Attributes><Attr>30</Attr><Attr>31</Attr><Attr>32</Attr><Attr>33</Attr><Attr>34</Attr></Attributes></Level-Details></Location-Levels></Location-Details><Location-Details><Record-Type>r</Record-Type><Level-Count>5</Level-Count><Attr-count>0</Attr-count><Location-Levels><Level-Details><Level>0</Level><Attributes></Attributes></Level-Details><Level-Details><Level>100</Level><Attributes></Attributes></Level-Details><Level-Details><Level>200</Level><Attributes></Attributes></Level-Details><Level-Details><Level>300</Level><Attributes></Attributes></Level-Details><Level-Details><Level>400</Level><Attributes></Attributes></Level-Details></Location-Levels></Location-Details><Location-Details><Record-Type>r</Record-Type><Level-Count>5</Level-Count><Attr-count>1</Attr-count><Location-Levels><Level-Details><Level>1</Level><Attributes><Attr>0</Attr></Attributes></Level-Details><Level-Details><Level>101</Level><Attributes><Attr>10</Attr></Attributes></Level-Details><Level-Details><Level>201</Level><Attributes><Attr>20</Attr></Attributes></Level-Details><Level-Details><Level>301</Level><Attributes><Attr>30</Attr></Attributes></Level-Details><Level-Details><Level>401</Level><Attributes><Attr>40</Attr></Attributes></Level-Details></Location-Levels></Location-Details><Location-Details><Record-Type>r</Record-Type><Level-Count>5</Level-Count><Attr-count>2</Attr-count><Location-Levels><Level-Details><Level>2</Level><Attributes><Attr>0</Attr><Attr>1</Attr></Attributes></Level-Details><Level-Details><Level>102</Level><Attributes><Attr>10</Attr><Attr>11</Attr></Attributes></Level-Details><Level-Details><Level>202</Level><Attributes><Attr>20</Attr><Attr>21</Attr></Attributes></Level-Details><Level-Details><Level>302</Level><Attributes><Attr>30</Attr><Attr>31</Attr></Attributes></Level-Details><Level-Details><Level>402</Level><Attributes><Attr>40</Attr><Attr>41</Attr></Attributes></Level-Details></Location-Levels></Location-Details><Location-Details><Record-Type>r</Record-Type><Level-Count>5</Level-Count><Attr-count>3</Attr-count><Location-Levels><Level-Details><Level>3</Level><Attributes><Attr>0</Attr><Attr>1</Attr><Attr>2</Attr></Attributes></Level-Details><Level-Details><Level>103</Level><Attributes><Attr>10</Attr><Attr>11</Attr><Attr>12</Attr></Attributes></Level-Details><Level-Details><Level>203</Level><Attributes><Attr>20</Attr><Attr>21</Attr><Attr>22</Attr></Attributes></Level-Details><Level-Details><Level>303</Level><Attributes><Attr>30</Attr><Attr>31</Attr><Attr>32</Attr></Attributes></Level-Details><Level-Details><Level>403</Level><Attributes><Attr>40</Attr><Attr>41</Attr><Attr>42</Attr></Attributes></Level-Details></Location-Levels></Location-Details><Location-Details><Record-Type>r</Record-Type><Level-Count>5</Level-Count><Attr-count>4</Attr-count><Location-Levels><Level-Details><Level>4</Level><Attributes><Attr>0</Attr><Attr>1</Attr><Attr>2</Attr><Attr>3</Attr></Attributes></Level-Details><Level-Details><Level>104</Level><Attributes><Attr>10</Attr><Attr>11</Attr><Attr>12</Attr><Attr>13</Attr></Attributes></Level-Details><Level-Details><Level>204</Level><Attributes><Attr>20</Attr><Attr>21</Attr><Attr>22</Attr><Attr>23</Attr></Attributes></Level-Details><Level-Details><Level>304</Level><Attributes><Attr>30</Attr><Attr>31</Attr><Attr>32</Attr><Attr>33</Attr></Attributes></Level-Details><Level-Details><Level>404</Level><Attributes><Attr>40</Attr><Attr>41</Attr><Attr>42</Attr><Attr>43</Attr></Attributes></Level-Details></Location-Levels></Location-Details><Location-Details><Record-Type>r</Record-Type><Level-Count>5</Level-Count><Attr-count>5</Attr-count><Location-Levels><Level-Details><Level>5</Level><Attributes><Attr>0</Attr><Attr>1</Attr><Attr>2</Attr><Attr>3</Attr><Attr>4</Attr></Attributes></Level-Details><Level-Details><Level>105</Level><Attributes><Attr>10</Attr><Attr>11</Attr><Attr>12</Attr><Attr>13</Attr><Attr>14</Attr></Attributes></Level-Details><Level-Details><Level>205</Level><Attributes><Attr>20</Attr><Attr>21</Attr><Attr>22</Attr><Attr>23</Attr><Attr>24</Attr></Attributes></Level-Details><Level-Details><Level>305</Level><Attributes><Attr>30</Attr><Attr>31</Attr><Attr>32</Attr><Attr>33</Attr><Attr>34</Attr></Attributes></Level-Details><Level-Details><Level>405</Level><Attributes><Attr>40</Attr><Attr>41</Attr><Attr>42</Attr><Attr>43</Attr><Attr>44</Attr></Attributes></Level-Details></Location-Levels></Location-Details></CobolData>