<?xml version="1.0" encoding="UTF-8"?><CobolData><Location-Details><Location-details><Location-Number>11</Location-Number><Location-Name>Store 0, 11</Location-Name></Location-details><total-sales>11.00</total-sales><week-no>11</week-no><months>0</months><Weekly-Purchases><purchase-count>0</purchase-count><purchase-value>0.00</purchase-value></Weekly-Purchases><Weekly-Purchases><purchase-count>1</purchase-count><purchase-value>1.10</purchase-value></Weekly-Purchases><Weekly-Purchases><purchase-count>2</purchase-count><purchase-value>2.20</purchase-value></Weekly-Purchases><Weekly-Purchases><purchase-count>3</purchase-count><purchase-value>3.30</purchase-value></Weekly-Purchases><Weekly-Purchases><purchase-count>4</purchase-count><purchase-value>4.40</purchase-value></Weekly-Purchases><Weekly-Purchases><purchase-count>5</purchase-count><purchase-value>5.50</purchase-value></Weekly-Purchases><Weekly-Purchases><purchase-count>6</purchase-count><purchase-value>6.60</purchase-value></Weekly-Purchases><Weekly-Purchases><purchase-count>7</purchase-count><purchase-value>7.70</purchase-value></Weekly-Purchases><Weekly-Purchases><purchase-count>8</purchase-count><purchase-value>8.80</purchase-value></Weekly-Purchases><Weekly-Purchases><purchase-count>9</purchase-count><purchase-value>9.90</purchase-value></Weekly-Purchases><Weekly-Purchases><purchase-count>10</purchase-count><purchase-value>11.00</purchase-value></Weekly-Purchases><total-purchase-count>0</total-purchase-count><total-purchase-value>0.00</total-purchase-value></Location-Details><Location-Details><Location-details><Location-Number>111</Location-Number><Location-Name>Store 1, 11</Location-Name></Location-details><total-sales>111.00</total-sales><week-no>11</week-no><months>1</months><Monthly-Sales><sales-count>11</sales-count><sales-value>34.10</sales-value></Monthly-Sales><Weekly-Purchases><purchase-count>1</purchase-count><purchase-value>1.10</purchase-value></Weekly-Purchases><Weekly-Purchases><purchase-count>2</purchase-count><purchase-value>2.20</purchase-value></Weekly-Purchases><Weekly-Purchases><purchase-count>3</purchase-count><purchase-value>3.30</purchase-value></Weekly-Purchases><Weekly-Purchases><purchase-count>4</purchase-count><purchase-value>4.40</purchase-value></Weekly-Purchases><Weekly-Purchases><purchase-count>5</purchase-count><purchase-value>5.50</purchase-value></Weekly-Purchases><Weekly-Purchases><purchase-count>6</purchase-count><purchase-value>6.60</purchase-value></Weekly-Purchases><Weekly-Purchases><purchase-count>7</purchase-count><purchase-value>7.70</purchase-value></Weekly-Purchases><Weekly-Purchases><purchase-count>8</purchase-count><purchase-value>8.80</purchase-value></Weekly-Purchases><Weekly-Purchases><purchase-count>9</purchase-count><purchase-value>9.90</purchase-value></Weekly-Purchases><Weekly-Purchases><purchase-count>10</purchase-count><purchase-value>11.00</purchase-value></Weekly-Purchases><Weekly-Purchases><purchase-count>11</purchase-count><purchase-value>12.10</purchase-value></Weekly-Purchases><total-purchase-count>22</total-purchase-count><total-purchase-value>112.20</total-purchase-value></Location-Details><Location-Details><Location-details><Location-Number>211</Location-Number><Location-Name>Store 2, 11</Location-Name></Location-details><total-sales>211.00</total-sales><week-no>11</week-no><months>2</months><Monthly-Sales><sales-count>11</sales-count><sales-value>34.10</sales-value></Monthly-Sales><Monthly-Sales><sales-count>12</sales-count><sales-value>37.20</sales-value></Monthly-Sales><Weekly-Purchases><purchase-count>2</purchase-count><purchase-value>2.20</purchase-value></Weekly-Purchases><Weekly-Purchases><purchase-count>3</purchase-count><purchase-value>3.30</purchase-value></Weekly-Purchases><Weekly-Purchases><purchase-count>4</purchase-count><purchase-value>4.40</purchase-value></Weekly-Purchases><Weekly-Purchases><purchase-count>5</purchase-count><purchase-value>5.50</purchase-value></Weekly-Purchases><Weekly-Purchases><purchase-count>6</purchase-count><purchase-value>6.60</purchase-value></Weekly-Purchases><Weekly-Purchases><purchase-count>7</purchase-count><purchase-value>7.70</purchase-value></Weekly-Purchases><Weekly-Purchases><purchase-count>8</purchase-count><purchase-value>8.80</purchase-value></Weekly-Purchases><Weekly-Purchases><purchase-count>9</purchase-count><purchase-value>9.90</purchase-value></Weekly-Purchases><Weekly-Purchases><purchase-count>10</purchase-count><purchase-value>11.00</purchase-value></Weekly-Purchases><Weekly-Purchases><purchase-count>11</purchase-count><purchase-value>12.10</purchase-value></Weekly-Purchases><Weekly-Purchases><purchase-count>12</purchase-count><purchase-value>13.20</purchase-value></Weekly-Purchases><total-purchase-count>44</total-purchase-count><total-purchase-value>224.40</total-purchase-value></Location-Details><Location-Details><Location-details><Location-Number>311</Location-Number><Location-Name>Store 3, 11</Location-Name></Location-details><total-sales>311.00</total-sales><week-no>11</week-no><months>3</months><Monthly-Sales><sales-count>11</sales-count><sales-value>34.10</sales-value></Monthly-Sales><Monthly-Sales><sales-count>12</sales-count><sales-value>37.20</sales-value></Monthly-Sales><Monthly-Sales><sales-count>13</sales-count><sales-value>40.30</sales-value></Monthly-Sales><Weekly-Purchases><purchase-count>3</purchase-count><purchase-value>3.30</purchase-value></Weekly-Purchases><Weekly-Purchases><purchase-count>4</purchase-count><purchase-value>4.40</purchase-value></Weekly-Purchases><Weekly-Purchases><purchase-count>5</purchase-count><purchase-value>5.50</purchase-value></Weekly-Purchases><Weekly-Purchases><purchase-count>6</purchase-count><purchase-value>6.60</purchase-value></Weekly-Purchases><Weekly-Purchases><purchase-count>7</purchase-count><purchase-value>7.70</purchase-value></Weekly-Purchases><Weekly-Purchases><purchase-count>8</purchase-count><purchase-value>8.80</purchase-value></Weekly-Purchases><Weekly-Purchases><purchase-count>9</purchase-count><purchase-value>9.90</purchase-value></Weekly-Purchases><Weekly-Purchases><purchase-count>10</purchase-count><purchase-value>11.00</purchase-value></Weekly-Purchases><Weekly-Purchases><purchase-count>11</purchase-count><purchase-value>12.10</purchase-value></Weekly-Purchases><Weekly-Purchases><purchase-count>12</purchase-count><purchase-value>13.20</purchase-value></Weekly-Purchases><Weekly-Purchases><purchase-count>13</purchase-count><purchase-value>14.30</purchase-value></Weekly-Purchases><total-purchase-count>66</total-purchase-count><total-purchase-value>336.60</total-purchase-value></Location-Details><Location-Details><Location-details><Location-Number>411</Location-Number><Location-Name>Store 4, 11</Location-Name></Location-details><total-sales>411.00</total-sales><week-no>11</week-no><months>4</months><Monthly-Sales><sales-count>11</sales-count><sales-value>34.10</sales-value></Monthly-Sales><Monthly-Sales><sales-count>12</sales-count><sales-value>37.20</sales-value></Monthly-Sales><Monthly-Sales><sales-count>13</sales-count><sales-value>40.30</sales-value></Monthly-Sales><Monthly-Sales><sales-count>14</sales-count><sales-value>43.40</sales-value></Monthly-Sales><Weekly-Purchases><purchase-count>4</purchase-count><purchase-value>4.40</purchase-value></Weekly-Purchases><Weekly-Purchases><purchase-count>5</purchase-count><purchase-value>5.50</purchase-value></Weekly-Purchases><Weekly-Purchases><purchase-count>6</purchase-count><purchase-value>6.60</purchase-value></Weekly-Purchases><Weekly-Purchases><purchase-count>7</purchase-count><purchase-value>7.70</purchase-value></Weekly-Purchases><Weekly-Purchases><purchase-count>8</purchase-count><purchase-value>8.80</purchase-value></Weekly-Purchases><Weekly-Purchases><purchase-count>9</purchase-count><purchase-value>9.90</purchase-value></Weekly-Purchases><Weekly-Purchases><purchase-count>10</purchase-count><purchase-value>11.00</purchase-value></Weekly-Purchases><Weekly-Purchases><purchase-count>11</purchase-count><purchase-value>12.10</purchase-value></Weekly-Purchases><Weekly-Purchases><purchase-count>12</purchase-count><purchase-value>13.20</purchase-value></Weekly-Purchases><Weekly-Purchases><purchase-count>13</purchase-count><purchase-value>14.30</purchase-value></Weekly-Purchases><Weekly-Purchases><purchase-count>14</purchase-count><purchase-value>15.40</purchase-value></Weekly-Purchases><total-purchase-count>88</total-purchase-count><total-purchase-value>448.80</total-purchase-value></Location-Details><Location-Details><Location-details><Location-Number>511</Location-Number><Location-Name>Store 5, 11</Location-Name></Location-details><total-sales>511.00</total-sales><week-no>11</week-no><months>5</months><Monthly-Sales><sales-count>11</sales-count><sales-value>34.10</sales-value></Monthly-Sales><Monthly-Sales><sales-count>12</sales-count><sales-value>37.20</sales-value></Monthly-Sales><Monthly-Sales><sales-count>13</sales-count><sales-value>40.30</sales-value></Monthly-Sales><Monthly-Sales><sales-count>14</sales-count><sales-value>43.40</sales-value></Monthly-Sales><Monthly-Sales><sales-count>15</sales-count><sales-value>46.50</sales-value></Monthly-Sales><Weekly-Purchases><purchase-count>5</purchase-count><purchase-value>5.50</purchase-value></Weekly-Purchases><Weekly-Purchases><purchase-count>6</purchase-count><purchase-value>6.60</purchase-value></Weekly-Purchases><Weekly-Purchases><purchase-count>7</purchase-count><purchase-value>7.70</purchase-value></Weekly-Purchases><Weekly-Purchases><purchase-count>8</purchase-count><purchase-value>8.80</purchase-value></Weekly-Purchases><Weekly-Purchases><purchase-count>9</purchase-count><purchase-value>9.90</purchase-value></Weekly-Purchases><Weekly-Purchases><purchase-count>10</purchase-count><purchase-value>11.00</purchase-value></Weekly-Purchases><Weekly-Purchases><purchase-count>11</purchase-count><purchase-value>12.10</purchase-value></Weekly-Purchases><Weekly-Purchases><purchase-count>12</purchase-count><purchase-value>13.20</purchase-value></Weekly-Purchases><Weekly-Purchases><purchase-count>13</purchase-count><purchase-value>14.30</purchase-value></Weekly-Purchases><Weekly-Purchases><purchase-count>14</purchase-count><purchase-value>15.40</purchase-value></Weekly-Purchases><Weekly-Purchases><purchase-count>15</purchase-count><purchase-value>16.50</purchase-value></Weekly-Purchases><total-purchase-count>10</total-purchase-count><total-purchase-value>51.00</total-purchase-value></Location-Details><Location-Details><Location-details><Location-Number>611</Location-Number><Location-Name>Store 6, 11</Location-Name></Location-details><total-sales>611.00</total-sales><week-no>11</week-no><months>6</months><Monthly-Sales><sales-count>11</sales-count><sales-value>34.10</sales-value></Monthly-Sales><Monthly-Sales><sales-count>12</sales-count><sales-value>37.20</sales-value></Monthly-Sales><Monthly-Sales><sales-count>13</sales-count><sales-value>40.30</sales-value></Monthly-Sales><Monthly-Sales><sales-count>14</sales-count><sales-value>43.40</sales-value></Monthly-Sales><Monthly-Sales><sales-count>15</sales-count><sales-value>46.50</sales-value></Monthly-Sales><Monthly-Sales><sales-count>16</sales-count><sales-value>49.60</sales-value></Monthly-Sales><Weekly-Purchases><purchase-count>6</purchase-count><purchase-value>6.60</purchase-value></Weekly-Purchases><Weekly-Purchases><purchase-count>7</purchase-count><purchase-value>7.70</purchase-value></Weekly-Purchases><Weekly-Purchases><purchase-count>8</purchase-count><purchase-value>8.80</purchase-value></Weekly-Purchases><Weekly-Purchases><purchase-count>9</purchase-count><purchase-value>9.90</purchase-value></Weekly-Purchases><Weekly-Purchases><purchase-count>10</purchase-count><purchase-value>11.00</purchase-value></Weekly-Purchases><Weekly-Purchases><purchase-count>11</purchase-count><purchase-value>12.10</purchase-value></Weekly-Purchases><Weekly-Purchases><purchase-count>12</purchase-count><purchase-value>13.20</purchase-value></Weekly-Purchases><Weekly-Purchases><purchase-count>13</purchase-count><purchase-value>14.30</purchase-value></Weekly-Purchases><Weekly-Purchases><purchase-count>14</purchase-count><purchase-value>15.40</purchase-value></Weekly-Purchases><Weekly-Purchases><purchase-count>15</purchase-count><purchase-value>16.50</purchase-value></Weekly-Purchases><Weekly-Purchases><purchase-count>16</purchase-count><purchase-value>17.60</purchase-value></Weekly-Purchases><total-purchase-count>32</total-purchase-count><total-purchase-value>163.20</total-purchase-value></Location-Details><Location-Details><Location-details><Location-Number>711</Location-Number><Location-Name>Store 7, 11</Location-Name></Location-details><total-sales>711.00</total-sales><week-no>11</week-no><months>7</months><Monthly-Sales><sales-count>11</sales-count><sales-value>34.10</sales-value></Monthly-Sales><Monthly-Sales><sales-count>12</sales-count><sales-value>37.20</sales-value></Monthly-Sales><Monthly-Sales><sales-count>13</sales-count><sales-value>40.30</sales-value></Monthly-Sales><Monthly-Sales><sales-count>14</sales-count><sales-value>43.40</sales-value></Monthly-Sales><Monthly-Sales><sales-count>15</sales-count><sales-value>46.50</sales-value></Monthly-Sales><Monthly-Sales><sales-count>16</sales-count><sales-value>49.60</sales-value></Monthly-Sales><Monthly-Sales><sales-count>17</sales-count><sales-value>52.70</sales-value></Monthly-Sales><Weekly-Purchases><purchase-count>7</purchase-count><purchase-value>7.70</purchase-value></Weekly-Purchases><Weekly-Purchases><purchase-count>8</purchase-count><purchase-value>8.80</purchase-value></Weekly-Purchases><Weekly-Purchases><purchase-count>9</purchase-count><purchase-value>9.90</purchase-value></Weekly-Purchases><Weekly-Purchases><purchase-count>10</purchase-count><purchase-value>11.00</purchase-value></Weekly-Purchases><Weekly-Purchases><purchase-count>11</purchase-count><purchase-value>12.10</purchase-value></Weekly-Purchases><Weekly-Purchases><purchase-count>12</purchase-count><purchase-value>13.20</purchase-value></Weekly-Purchases><Weekly-Purchases><purchase-count>13</purchase-count><purchase-value>14.30</purchase-value></Weekly-Purchases><Weekly-Purchases><purchase-count>14</purchase-count><purchase-value>15.40</purchase-value></Weekly-Purchases><Weekly-Purchases><purchase-count>15</purchase-count><purchase-value>16.50</purchase-value></Weekly-Purchases><Weekly-Purchases><purchase-count>16</purchase-count><purchase-value>17.60</purchase-value></Weekly-Purchases><Weekly-Purchases><purchase-count>17</purchase-count><purchase-value>18.70</purchase-value></Weekly-Purchases><total-purchase-count>54</total-purchase-count><total-purchase-value>275.40</total-purchase-value></Location-Details><Location-Details><Location-details><Location-Number>811</Location-Number><Location-Name>Store 8, 11</Location-Name></Location-details><total-sales>811.00</total-sales><week-no>11</week-no><months>8</months><Monthly-Sales><sales-count>11</sales-count><sales-value>34.10</sales-value></Monthly-Sales><Monthly-Sales><sales-count>12</sales-count><sales-value>37.20</sales-value></Monthly-Sales><Monthly-Sales><sales-count>13</sales-count><sales-value>40.30</sales-value></Monthly-Sales><Monthly-Sales><sales-count>14</sales-count><sales-value>43.40</sales-value></Monthly-Sales><Monthly-Sales><sales-count>15</sales-count><sales-value>46.50</sales-value></Monthly-Sales><Monthly-Sales><sales-count>16</sales-count><sales-value>49.60</sales-value></Monthly-Sales><Monthly-Sales><sales-count>17</sales-count><sales-value>52.70</sales-value></Monthly-Sales><Monthly-Sales><sales-count>18</sales-count><sales-value>55.80</sales-value></Monthly-Sales><Weekly-Purchases><purchase-count>8</purchase-count><purchase-value>8.80</purchase-value></Weekly-Purchases><Weekly-Purchases><purchase-count>9</purchase-count><purchase-value>9.90</purchase-value></Weekly-Purchases><Weekly-Purchases><purchase-count>10</purchase-count><purchase-value>11.00</purchase-value></Weekly-Purchases><Weekly-Purchases><purchase-count>11</purchase-count><purchase-value>12.10</purchase-value></Weekly-Purchases><Weekly-Purchases><purchase-count>12</purchase-count><purchase-value>13.20</purchase-value></Weekly-Purchases><Weekly-Purchases><purchase-count>13</purchase-count><purchase-value>14.30</purchase-value></Weekly-Purchases><Weekly-Purchases><purchase-count>14</purchase-count><purchase-value>15.40</purchase-value></Weekly-Purchases><Weekly-Purchases><purchase-count>15</purchase-count><purchase-value>16.50</purchase-value></Weekly-Purchases><Weekly-Purchases><purchase-count>16</purchase-count><purchase-value>17.60</purchase-value></Weekly-Purchases><Weekly-Purchases><purchase-count>17</purchase-count><purchase-value>18.70</purchase-value></Weekly-Purchases><Weekly-Purchases><purchase-count>18</purchase-count><purchase-value>19.80</purchase-value></Weekly-Purchases><total-purchase-count>76</total-purchase-count><total-purchase-value>387.60</total-purchase-value></Location-Details><Location-Details><Location-details><Location-Number>911</Location-Number><Location-Name>Store 9, 11</Location-Name></Location-details><total-sales>911.00</total-sales><week-no>11</week-no><months>9</months><Monthly-Sales><sales-count>11</sales-count><sales-value>34.10</sales-value></Monthly-Sales><Monthly-Sales><sales-count>12</sales-count><sales-value>37.20</sales-value></Monthly-Sales><Monthly-Sales><sales-count>13</sales-count><sales-value>40.30</sales-value></Monthly-Sales><Monthly-Sales><sales-count>14</sales-count><sales-value>43.40</sales-value></Monthly-Sales><Monthly-Sales><sales-count>15</sales-count><sales-value>46.50</sales-value></Monthly-Sales><Monthly-Sales><sales-count>16</sales-count><sales-value>49.60</sales-value></Monthly-Sales><Monthly-Sales><sales-count>17</sales-count><sales-value>52.70</sales-value></Monthly-Sales><Monthly-Sales><sales-count>18</sales-count><sales-value>55.80</sales-value></Monthly-Sales><Monthly-Sales><sales-count>19</sales-count><sales-value>58.90</sales-value></Monthly-Sales><Weekly-Purchases><purchase-count>9</purchase-count><purchase-value>9.90</purchase-value></Weekly-Purchases><Weekly-Purchases><purchase-count>10</purchase-count><purchase-value>11.00</purchase-value></Weekly-Purchases><Weekly-Purchases><purchase-count>11</purchase-count><purchase-value>12.10</purchase-value></Weekly-Purchases><Weekly-Purchases><purchase-count>12</purchase-count><purchase-value>13.20</purchase-value></Weekly-Purchases><Weekly-Purchases><purchase-count>13</purchase-count><purchase-value>14.30</purchase-value></Weekly-Purchases><Weekly-Purchases><purchase-count>14</purchase-count><purchase-value>15.40</purchase-value></Weekly-Purchases><Weekly-Purchases><purchase-count>15</purchase-count><purchase-value>16.50</purchase-value></Weekly-Purchases><Weekly-Purchases><purchase-count>16</purchase-count><purchase-value>17.60</purchase-value></Weekly-Purchases><Weekly-Purchases><purchase-count>17</purchase-count><purchase-value>18.70</purchase-value></Weekly-Purchases><Weekly-Purchases><purchase-count>18</purchase-count><purchase-value>19.80</purchase-value></Weekly-Purchases><Weekly-Purchases><purchase-count>19</purchase-count><purchase-value>20.90</purchase-value></Weekly-Purchases><total-purchase-count>98</total-purchase-count><total-purchase-value>499.80</total-purchase-value></Location-Details><Location-Details><Location-details><Location-Number>1011</Location-Number><Location-Name>Store 10, 11</Location-Name></Location-details><total-sales>1011.00</total-sales><week-no>11</week-no><months>10</months><Monthly-Sales><sales-count>11</sales-count><sales-value>34.10</sales-value></Monthly-Sales><Monthly-Sales><sales-count>12</sales-count><sales-value>37.20</sales-value></Monthly-Sales><Monthly-Sales><sales-count>13</sales-count><sales-value>40.30</sales-value></Monthly-Sales><Monthly-Sales><sales-count>14</sales-count><sales-value>43.40</sales-value></Monthly-Sales><Monthly-Sales><sales-count>15</sales-count><sales-value>46.50</sales-value></Monthly-Sales><Monthly-Sales><sales-count>16</sales-count><sales-value>49.60</sales-value></Monthly-Sales><Monthly-Sales><sales-count>17</sales-count><sales-value>52.70</sales-value></Monthly-Sales><Monthly-Sales><sales-count>18</sales-count><sales-value>55.80</sales-value></Monthly-Sales><Monthly-Sales><sales-count>19</sales-count><sales-value>58.90</sales-value></Monthly-Sales><Monthly-Sales><sales-count>20</sales-count><sales-value>62.00</sales-value></Monthly-Sales><Weekly-Purchases><purchase-count>10</purchase-count><purchase-value>11.00</purchase-value></Weekly-Purchases><Weekly-Purchases><purchase-count>11</purchase-count><purchase-value>12.10</purchase-value></Weekly-Purchases><Weekly-Purchases><purchase-count>12</purchase-count><purchase-value>13.20</purchase-value></Weekly-Purchases><Weekly-Purchases><purchase-count>13</purchase-count><purchase-value>14.30</purchase-value></Weekly-Purchases><Weekly-Purchases><purchase-count>14</purchase-count><purchase-value>15.40</purchase-value></Weekly-Purchases><Weekly-Purchases><purchase-count>15</purchase-count><purchase-value>16.50</purchase-value></Weekly-Purchases><Weekly-Purchases><purchase-count>16</purchase-count><purchase-value>17.60</purchase-value></Weekly-Purchases><Weekly-Purchases><purchase-count>17</purchase-count><purchase-value>18.70</purchase-value></Weekly-Purchases><Weekly-Purchases><purchase-count>18</purchase-count><purchase-value>19.80</purchase-value></Weekly-Purchases><Weekly-Purchases><purchase-count>19</purchase-count><purchase-value>20.90</purchase-value></Weekly-Purchases><Weekly-Purchases><purchase-count>20</purchase-count><purchase-value>22.00</purchase-value></Weekly-Purchases><total-purchase-count>20</total-purchase-count><total-purchase-value>102.00</total-purchase-value></Location-Details><Location-Details><Location-details><Location-Number>1111</Location-Number><Location-Name>Store 11, 11</Location-Name></Location-details><total-sales>1111.00</total-sales><week-no>11</week-no><months>11</months><Monthly-Sales><sales-count>11</sales-count><sales-value>34.10</sales-value></Monthly-Sales><Monthly-Sales><sales-count>12</sales-count><sales-value>37.20</sales-value></Monthly-Sales><Monthly-Sales><sales-count>13</sales-count><sales-value>40.30</sales-value></Monthly-Sales><Monthly-Sales><sales-count>14</sales-count><sales-value>43.40</sales-value></Monthly-Sales><Monthly-Sales><sales-count>15</sales-count><sales-value>46.50</sales-value></Monthly-Sales><Monthly-Sales><sales-count>16</sales-count><sales-value>49.60</sales-value></Monthly-Sales><Monthly-Sales><sales-count>17</sales-count><sales-value>52.70</sales-value></Monthly-Sales><Monthly-Sales><sales-count>18</sales-count><sales-value>55.80</sales-value></Monthly-Sales><Monthly-Sales><sales-count>19</sales-count><sales-value>58.90</sales-value></Monthly-Sales><Monthly-Sales><sales-count>20</sales-count><sales-value>62.00</sales-value></Monthly-Sales><Monthly-Sales><sales-count>21</sales-count><sales-value>65.10</sales-value></Monthly-Sales><Weekly-Purchases><purchase-count>11</purchase-count><purchase-value>12.10</purchase-value></Weekly-Purchases><Weekly-Purchases><purchase-count>12</purchase-count><purchase-value>13.20</purchase-value></Weekly-Purchases><Weekly-Purchases><purchase-count>13</purchase-count><purchase-value>14.30</purchase-value></Weekly-Purchases><Weekly-Purchases><purchase-count>14</purchase-count><purchase-value>15.40</purchase-value></Weekly-Purchases><Weekly-Purchases><purchase-count>15</purchase-count><purchase-value>16.50</purchase-value></Weekly-Purchases><Weekly-Purchases><purchase-count>16</purchase-count><purchase-value>17.60</purchase-value></Weekly-Purchases><Weekly-Purchases><purchase-count>17</purchase-count><purchase-value>18.70</purchase-value></Weekly-Purchases><Weekly-Purchases><purchase-count>18</purchase-count><purchase-value>19.80</purchase-value></Weekly-Purchases><Weekly-Purchases><purchase-count>19</purchase-count><purchase-value>20.90</purchase-value></Weekly-Purchases><Weekly-Purchases><purchase-count>20</purchase-count><purchase-value>22.00</purchase-value></Weekly-Purchases><Weekly-Purchases><purchase-count>21</purchase-count><purchase-value>23.10</purchase-value></Weekly-Purchases><total-purchase-count>42</total-purchase-count><total-purchase-value>214.20</total-purchase-value></Location-Details><Location-Details><Location-details><Location-Number>1211</Location-Number><Location-Name>Store 12, 11</Location-Name></Location-details><total-sales>1211.00</total-sales><week-no>11</week-no><months>12</months><Monthly-Sales><sales-count>11</sales-count><sales-value>34.10</sales-value></Monthly-Sales><Monthly-Sales><sales-count>12</sales-count><sales-value>37.20</sales-value></Monthly-Sales><Monthly-Sales><sales-count>13</sales-count><sales-value>40.30</sales-value></Monthly-Sales><Monthly-Sales><sales-count>14</sales-count><sales-value>43.40</sales-value></Monthly-Sales><Monthly-Sales><sales-count>15</sales-count><sales-value>46.50</sales-value></Monthly-Sales><Monthly-Sales><sales-count>16</sales-count><sales-value>49.60</sales-value></Monthly-Sales><Monthly-Sales><sales-count>17</sales-count><sales-value>52.70</sales-value></Monthly-Sales><Monthly-Sales><sales-count>18</sales-count><sales-value>55.80</sales-value></Monthly-Sales><Monthly-Sales><sales-count>19</sales-count><sales-value>58.90</sales-value></Monthly-Sales><Monthly-Sales><sales-count>20</sales-count><sales-value>62.00</sales-value></Monthly-Sales><Monthly-Sales><sales-count>21</sales-count><sales-value>65.10</sales-value></Monthly-Sales><Monthly-Sales><sales-count>22</sales-count><sales-value>68.20</sales-value></Monthly-Sales><Weekly-Purchases><purchase-count>12</purchase-count><purchase-value>13.20</purchase-value></Weekly-Purchases><Weekly-Purchases><purchase-count>13</purchase-count><purchase-value>14.30</purchase-value></Weekly-Purchases><Weekly-Purchases><purchase-count>14</purchase-count><purchase-value>15.40</purchase-value></Weekly-Purchases><Weekly-Purchases><purchase-count>15</purchase-count><purchase-value>16.50</purchase-value></Weekly-Purchases><Weekly-Purchases><purchase-count>16</purchase-count><purchase-value>17.60</purchase-value></Weekly-Purchases><Weekly-Purchases><purchase-count>17</purchase-count><purchase-value>18.70</purchase-value></Weekly-Purchases><Weekly-Purchases><purchase-count>18</purchase-count><purchase-value>19.80</purchase-value></Weekly-Purchases><Weekly-Purchases><purchase-count>19</purchase-count><purchase-value>20.90</purchase-value></Weekly-Purchases><Weekly-Purchases><purchase-count>20</purchase-count><purchase-value>22.00</purchase-value></Weekly-Purchases><Weekly-Purchases><purchase-count>21</purchase-count><purchase-value>23.10</purchase-value></Weekly-Purchases><Weekly-Purchases><purchase-count>22</purchase-count><purchase-value>24.20</purchase-value></Weekly-Purchases><total-purchase-count>64</total-purchase-count><total-purchase-value>326.40</total-purchase-value></Location-Details></CobolData>