<?xml version="1.0" encoding="UTF-8"?><CobolData><Location-Details><Location-details><Location-Number>1</Location-Number><Location-Name>Store 0, 1</Location-Name></Location-details><total-sales>1.00</total-sales><week-no>1</week-no><months>0</months><Weekly-Purchases><purchase-count>0</purchase-count><purchase-value>0.00</purchase-value></Weekly-Purchases><total-purchase-count>0</total-purchase-count><total-purchase-value>0.00</total-purchase-value></Location-Details><Location-Details><Location-details><Location-Number>101</Location-Number><Location-Name>Store 1, 1</Location-Name></Location-details><total-sales>101.00</total-sales><week-no>1</week-no><months>1</months><Monthly-Sales><sales-count>1</sales-count><sales-value>3.10</sales-value></Monthly-Sales><Weekly-Purchases><purchase-count>1</purchase-count><purchase-value>1.10</purchase-value></Weekly-Purchases><total-purchase-count>2</total-purchase-count><total-purchase-value>10.20</total-purchase-value></Location-Details><Location-Details><Location-details><Location-Number>201</Location-Number><Location-Name>Store 2, 1</Location-Name></Location-details><total-sales>201.00</total-sales><week-no>1</week-no><months>2</months><Monthly-Sales><sales-count>1</sales-count><sales-value>3.10</sales-value></Monthly-Sales><Monthly-Sales><sales-count>2</sales-count><sales-value>6.20</sales-value></Monthly-Sales><Weekly-Purchases><purchase-count>2</purchase-count><purchase-value>2.20</purchase-value></Weekly-Purchases><total-purchase-count>4</total-purchase-count><total-purchase-value>20.40</total-purchase-value></Location-Details><Location-Details><Location-details><Location-Number>301</Location-Number><Location-Name>Store 3, 1</Location-Name></Location-details><total-sales>301.00</total-sales><week-no>1</week-no><months>3</months><Monthly-Sales><sales-count>1</sales-count><sales-value>3.10</sales-value></Monthly-Sales><Monthly-Sales><sales-count>2</sales-count><sales-value>6.20</sales-value></Monthly-Sales><Monthly-Sales><sales-count>3</sales-count><sales-value>9.30</sales-value></Monthly-Sales><Weekly-Purchases><purchase-count>3</purchase-count><purchase-value>3.30</purchase-value></Weekly-Purchases><total-purchase-count>6</total-purchase-count><total-purchase-value>30.60</total-purchase-value></Location-Details><Location-Details><Location-details><Location-Number>401</Location-Number><Location-Name>Store 4, 1</Location-Name></Location-details><total-sales>401.00</total-sales><week-no>1</week-no><months>4</months><Monthly-Sales><sales-count>1</sales-count><sales-value>3.10</sales-value></Monthly-Sales><Monthly-Sales><sales-count>2</sales-count><sales-value>6.20</sales-value></Monthly-Sales><Monthly-Sales><sales-count>3</sales-count><sales-value>9.30</sales-value></Monthly-Sales><Monthly-Sales><sales-count>4</sales-count><sales-value>12.40</sales-value></Monthly-Sales><Weekly-Purchases><purchase-count>4</purchase-count><purchase-value>4.40</purchase-value></Weekly-Purchases><total-purchase-count>8</total-purchase-count><total-purchase-value>40.80</total-purchase-value></Location-Details><Location-Details><Location-details><Location-Number>501</Location-Number><Location-Name>Store 5, 1</Location-Name></Location-details><total-sales>501.00</total-sales><week-no>1</week-no><months>5</months><Monthly-Sales><sales-count>1</sales-count><sales-value>3.10</sales-value></Monthly-Sales><Monthly-Sales><sales-count>2</sales-count><sales-value>6.20</sales-value></Monthly-Sales><Monthly-Sales><sales-count>3</sales-count><sales-value>9.30</sales-value></Monthly-Sales><Monthly-Sales><sales-count>4</sales-count><sales-value>12.40</sales-value></Monthly-Sales><Monthly-Sales><sales-count>5</sales-count><sales-value>15.50</sales-value></Monthly-Sales><Weekly-Purchases><purchase-count>5</purchase-count><purchase-value>5.50</purchase-value></Weekly-Purchases><total-purchase-count>10</total-purchase-count><total-purchase-value>51.00</total-purchase-value></Location-Details><Location-Details><Location-details><Location-Number>601</Location-Number><Location-Name>Store 6, 1</Location-Name></Location-details><total-sales>601.00</total-sales><week-no>1</week-no><months>6</months><Monthly-Sales><sales-count>1</sales-count><sales-value>3.10</sales-value></Monthly-Sales><Monthly-Sales><sales-count>2</sales-count><sales-value>6.20</sales-value></Monthly-Sales><Monthly-Sales><sales-count>3</sales-count><sales-value>9.30</sales-value></Monthly-Sales><Monthly-Sales><sales-count>4</sales-count><sales-value>12.40</sales-value></Monthly-Sales><Monthly-Sales><sales-count>5</sales-count><sales-value>15.50</sales-value></Monthly-Sales><Monthly-Sales><sales-count>6</sales-count><sales-value>18.60</sales-value></Monthly-Sales><Weekly-Purchases><purchase-count>6</purchase-count><purchase-value>6.60</purchase-value></Weekly-Purchases><total-purchase-count>12</total-purchase-count><total-purchase-value>61.20</total-purchase-value></Location-Details><Location-Details><Location-details><Location-Number>701</Location-Number><Location-Name>Store 7, 1</Location-Name></Location-details><total-sales>701.00</total-sales><week-no>1</week-no><months>7</months><Monthly-Sales><sales-count>1</sales-count><sales-value>3.10</sales-value></Monthly-Sales><Monthly-Sales><sales-count>2</sales-count><sales-value>6.20</sales-value></Monthly-Sales><Monthly-Sales><sales-count>3</sales-count><sales-value>9.30</sales-value></Monthly-Sales><Monthly-Sales><sales-count>4</sales-count><sales-value>12.40</sales-value></Monthly-Sales><Monthly-Sales><sales-count>5</sales-count><sales-value>15.50</sales-value></Monthly-Sales><Monthly-Sales><sales-count>6</sales-count><sales-value>18.60</sales-value></Monthly-Sales><Monthly-Sales><sales-count>7</sales-count><sales-value>21.70</sales-value></Monthly-Sales><Weekly-Purchases><purchase-count>7</purchase-count><purchase-value>7.70</purchase-value></Weekly-Purchases><total-purchase-count>14</total-purchase-count><total-purchase-value>71.40</total-purchase-value></Location-Details><Location-Details><Location-details><Location-Number>801</Location-Number><Location-Name>Store 8, 1</Location-Name></Location-details><total-sales>801.00</total-sales><week-no>1</week-no><months>8</months><Monthly-Sales><sales-count>1</sales-count><sales-value>3.10</sales-value></Monthly-Sales><Monthly-Sales><sales-count>2</sales-count><sales-value>6.20</sales-value></Monthly-Sales><Monthly-Sales><sales-count>3</sales-count><sales-value>9.30</sales-value></Monthly-Sales><Monthly-Sales><sales-count>4</sales-count><sales-value>12.40</sales-value></Monthly-Sales><Monthly-Sales><sales-count>5</sales-count><sales-value>15.50</sales-value></Monthly-Sales><Monthly-Sales><sales-count>6</sales-count><sales-value>18.60</sales-value></Monthly-Sales><Monthly-Sales><sales-count>7</sales-count><sales-value>21.70</sales-value></Monthly-Sales><Monthly-Sales><sales-count>8</sales-count><sales-value>24.80</sales-value></Monthly-Sales><Weekly-Purchases><purchase-count>8</purchase-count><purchase-value>8.80</purchase-value></Weekly-Purchases><total-purchase-count>16</total-purchase-count><total-purchase-value>81.60</total-purchase-value></Location-Details><Location-Details><Location-details><Location-Number>901</Location-Number><Location-Name>Store 9, 1</Location-Name></Location-details><total-sales>901.00</total-sales><week-no>1</week-no><months>9</months><Monthly-Sales><sales-count>1</sales-count><sales-value>3.10</sales-value></Monthly-Sales><Monthly-Sales><sales-count>2</sales-count><sales-value>6.20</sales-value></Monthly-Sales><Monthly-Sales><sales-count>3</sales-count><sales-value>9.30</sales-value></Monthly-Sales><Monthly-Sales><sales-count>4</sales-count><sales-value>12.40</sales-value></Monthly-Sales><Monthly-Sales><sales-count>5</sales-count><sales-value>15.50</sales-value></Monthly-Sales><Monthly-Sales><sales-count>6</sales-count><sales-value>18.60</sales-value></Monthly-Sales><Monthly-Sales><sales-count>7</sales-count><sales-value>21.70</sales-value></Monthly-Sales><Monthly-Sales><sales-count>8</sales-count><sales-value>24.80</sales-value></Monthly-Sales><Monthly-Sales><sales-count>9</sales-count><sales-value>27.90</sales-value></Monthly-Sales><Weekly-Purchases><purchase-count>9</purchase-count><purchase-value>9.90</purchase-value></Weekly-Purchases><total-purchase-count>18</total-purchase-count><total-purchase-value>91.80</total-purchase-value></Location-Details><Location-Details><Location-details><Location-Number>1001</Location-Number><Location-Name>Store 10, 1</Location-Name></Location-details><total-sales>1001.00</total-sales><week-no>1</week-no><months>10</months><Monthly-Sales><sales-count>1</sales-count><sales-value>3.10</sales-value></Monthly-Sales><Monthly-Sales><sales-count>2</sales-count><sales-value>6.20</sales-value></Monthly-Sales><Monthly-Sales><sales-count>3</sales-count><sales-value>9.30</sales-value></Monthly-Sales><Monthly-Sales><sales-count>4</sales-count><sales-value>12.40</sales-value></Monthly-Sales><Monthly-Sales><sales-count>5</sales-count><sales-value>15.50</sales-value></Monthly-Sales><Monthly-Sales><sales-count>6</sales-count><sales-value>18.60</sales-value></Monthly-Sales><Monthly-Sales><sales-count>7</sales-count><sales-value>21.70</sales-value></Monthly-Sales><Monthly-Sales><sales-count>8</sales-count><sales-value>24.80</sales-value></Monthly-Sales><Monthly-Sales><sales-count>9</sales-count><sales-value>27.90</sales-value></Monthly-Sales><Monthly-Sales><sales-count>10</sales-count><sales-value>31.00</sales-value></Monthly-Sales><Weekly-Purchases><purchase-count>10</purchase-count><purchase-value>11.00</purchase-value></Weekly-Purchases><total-purchase-count>20</total-purchase-count><total-purchase-value>102.00</total-purchase-value></Location-Details><Location-Details><Location-details><Location-Number>1101</Location-Number><Location-Name>Store 11, 1</Location-Name></Location-details><total-sales>1101.00</total-sales><week-no>1</week-no><months>11</months><Monthly-Sales><sales-count>1</sales-count><sales-value>3.10</sales-value></Monthly-Sales><Monthly-Sales><sales-count>2</sales-count><sales-value>6.20</sales-value></Monthly-Sales><Monthly-Sales><sales-count>3</sales-count><sales-value>9.30</sales-value></Monthly-Sales><Monthly-Sales><sales-count>4</sales-count><sales-value>12.40</sales-value></Monthly-Sales><Monthly-Sales><sales-count>5</sales-count><sales-value>15.50</sales-value></Monthly-Sales><Monthly-Sales><sales-count>6</sales-count><sales-value>18.60</sales-value></Monthly-Sales><Monthly-Sales><sales-count>7</sales-count><sales-value>21.70</sales-value></Monthly-Sales><Monthly-Sales><sales-count>8</sales-count><sales-value>24.80</sales-value></Monthly-Sales><Monthly-Sales><sales-count>9</sales-count><sales-value>27.90</sales-value></Monthly-Sales><Monthly-Sales><sales-count>10</sales-count><sales-value>31.00</sales-value></Monthly-Sales><Monthly-Sales><sales-count>11</sales-count><sales-value>34.10</sales-value></Monthly-Sales><Weekly-Purchases><purchase-count>11</purchase-count><purchase-value>12.10</purchase-value></Weekly-Purchases><total-purchase-count>22</total-purchase-count><total-purchase-value>112.20</total-purchase-value></Location-Details><Location-Details><Location-details><Location-Number>1201</Location-Number><Location-Name>Store 12, 1</Location-Name></Location-details><total-sales>1201.00</total-sales><week-no>1</week-no><months>12</months><Monthly-Sales><sales-count>1</sales-count><sales-value>3.10</sales-value></Monthly-Sales><Monthly-Sales><sales-count>2</sales-count><sales-value>6.20</sales-value></Monthly-Sales><Monthly-Sales><sales-count>3</sales-count><sales-value>9.30</sales-value></Monthly-Sales><Monthly-Sales><sales-count>4</sales-count><sales-value>12.40</sales-value></Monthly-Sales><Monthly-Sales><sales-count>5</sales-count><sales-value>15.50</sales-value></Monthly-Sales><Monthly-Sales><sales-count>6</sales-count><sales-value>18.60</sales-value></Monthly-Sales><Monthly-Sales><sales-count>7</sales-count><sales-value>21.70</sales-value></Monthly-Sales><Monthly-Sales><sales-count>8</sales-count><sales-value>24.80</sales-value></Monthly-Sales><Monthly-Sales><sales-count>9</sales-count><sales-value>27.90</sales-value></Monthly-Sales><Monthly-Sales><sales-count>10</sales-count><sales-value>31.00</sales-value></Monthly-Sales><Monthly-Sales><sales-count>11</sales-count><sales-value>34.10</sales-value></Monthly-Sales><Monthly-Sales><sales-count>12</sales-count><sales-value>37.20</sales-value></Monthly-Sales><Weekly-Purchases><purchase-count>12</purchase-count><purchase-value>13.20</purchase-value></Weekly-Purchases><total-purchase-count>24</total-purchase-count><total-purchase-value>122.40</total-purchase-value></Location-Details></CobolData>