<?xml version="1.0" encoding="UTF-8"?><CobolData><Location-Details><Location-details><Location-Number>3</Location-Number><Location-Name>Store 0, 3</Location-Name></Location-details><total-sales>3.00</total-sales><week-no>3</week-no><months>0</months><Weekly-Purchases><purchase-count>0</purchase-count><purchase-value>0.00</purchase-value></Weekly-Purchases><Weekly-Purchases><purchase-count>1</purchase-count><purchase-value>1.10</purchase-value></Weekly-Purchases><Weekly-Purchases><purchase-count>2</purchase-count><purchase-value>2.20</purchase-value></Weekly-Purchases><total-purchase-count>0</total-purchase-count><total-purchase-value>0.00</total-purchase-value></Location-Details><Location-Details><Location-details><Location-Number>103</Location-Number><Location-Name>Store 1, 3</Location-Name></Location-details><total-sales>103.00</total-sales><week-no>3</week-no><months>1</months><Monthly-Sales><sales-count>3</sales-count><sales-value>9.30</sales-value></Monthly-Sales><Weekly-Purchases><purchase-count>1</purchase-count><purchase-value>1.10</purchase-value></Weekly-Purchases><Weekly-Purchases><purchase-count>2</purchase-count><purchase-value>2.20</purchase-value></Weekly-Purchases><Weekly-Purchases><purchase-count>3</purchase-count><purchase-value>3.30</purchase-value></Weekly-Purchases><total-purchase-count>6</total-purchase-count><total-purchase-value>30.60</total-purchase-value></Location-Details><Location-Details><Location-details><Location-Number>203</Location-Number><Location-Name>Store 2, 3</Location-Name></Location-details><total-sales>203.00</total-sales><week-no>3</week-no><months>2</months><Monthly-Sales><sales-count>3</sales-count><sales-value>9.30</sales-value></Monthly-Sales><Monthly-Sales><sales-count>4</sales-count><sales-value>12.40</sales-value></Monthly-Sales><Weekly-Purchases><purchase-count>2</purchase-count><purchase-value>2.20</purchase-value></Weekly-Purchases><Weekly-Purchases><purchase-count>3</purchase-count><purchase-value>3.30</purchase-value></Weekly-Purchases><Weekly-Purchases><purchase-count>4</purchase-count><purchase-value>4.40</purchase-value></Weekly-Purchases><total-purchase-count>12</total-purchase-count><total-purchase-value>61.20</total-purchase-value></Location-Details><Location-Details><Location-details><Location-Number>303</Location-Number><Location-Name>Store 3, 3</Location-Name></Location-details><total-sales>303.00</total-sales><week-no>3</week-no><months>3</months><Monthly-Sales><sales-count>3</sales-count><sales-value>9.30</sales-value></Monthly-Sales><Monthly-Sales><sales-count>4</sales-count><sales-value>12.40</sales-value></Monthly-Sales><Monthly-Sales><sales-count>5</sales-count><sales-value>15.50</sales-value></Monthly-Sales><Weekly-Purchases><purchase-count>3</purchase-count><purchase-value>3.30</purchase-value></Weekly-Purchases><Weekly-Purchases><purchase-count>4</purchase-count><purchase-value>4.40</purchase-value></Weekly-Purchases><Weekly-Purchases><purchase-count>5</purchase-count><purchase-value>5.50</purchase-value></Weekly-Purchases><total-purchase-count>18</total-purchase-count><total-purchase-value>91.80</total-purchase-value></Location-Details><Location-Details><Location-details><Location-Number>403</Location-Number><Location-Name>Store 4, 3</Location-Name></Location-details><total-sales>403.00</total-sales><week-no>3</week-no><months>4</months><Monthly-Sales><sales-count>3</sales-count><sales-value>9.30</sales-value></Monthly-Sales><Monthly-Sales><sales-count>4</sales-count><sales-value>12.40</sales-value></Monthly-Sales><Monthly-Sales><sales-count>5</sales-count><sales-value>15.50</sales-value></Monthly-Sales><Monthly-Sales><sales-count>6</sales-count><sales-value>18.60</sales-value></Monthly-Sales><Weekly-Purchases><purchase-count>4</purchase-count><purchase-value>4.40</purchase-value></Weekly-Purchases><Weekly-Purchases><purchase-count>5</purchase-count><purchase-value>5.50</purchase-value></Weekly-Purchases><Weekly-Purchases><purchase-count>6</purchase-count><purchase-value>6.60</purchase-value></Weekly-Purchases><total-purchase-count>24</total-purchase-count><total-purchase-value>122.40</total-purchase-value></Location-Details><Location-Details><Location-details><Location-Number>503</Location-Number><Location-Name>Store 5, 3</Location-Name></Location-details><total-sales>503.00</total-sales><week-no>3</week-no><months>5</months><Monthly-Sales><sales-count>3</sales-count><sales-value>9.30</sales-value></Monthly-Sales><Monthly-Sales><sales-count>4</sales-count><sales-value>12.40</sales-value></Monthly-Sales><Monthly-Sales><sales-count>5</sales-count><sales-value>15.50</sales-value></Monthly-Sales><Monthly-Sales><sales-count>6</sales-count><sales-value>18.60</sales-value></Monthly-Sales><Monthly-Sales><sales-count>7</sales-count><sales-value>21.70</sales-value></Monthly-Sales><Weekly-Purchases><purchase-count>5</purchase-count><purchase-value>5.50</purchase-value></Weekly-Purchases><Weekly-Purchases><purchase-count>6</purchase-count><purchase-value>6.60</purchase-value></Weekly-Purchases><Weekly-Purchases><purchase-count>7</purchase-count><purchase-value>7.70</purchase-value></Weekly-Purchases><total-purchase-count>30</total-purchase-count><total-purchase-value>153.00</total-purchase-value></Location-Details><Location-Details><Location-details><Location-Number>603</Location-Number><Location-Name>Store 6, 3</Location-Name></Location-details><total-sales>603.00</total-sales><week-no>3</week-no><months>6</months><Monthly-Sales><sales-count>3</sales-count><sales-value>9.30</sales-value></Monthly-Sales><Monthly-Sales><sales-count>4</sales-count><sales-value>12.40</sales-value></Monthly-Sales><Monthly-Sales><sales-count>5</sales-count><sales-value>15.50</sales-value></Monthly-Sales><Monthly-Sales><sales-count>6</sales-count><sales-value>18.60</sales-value></Monthly-Sales><Monthly-Sales><sales-count>7</sales-count><sales-value>21.70</sales-value></Monthly-Sales><Monthly-Sales><sales-count>8</sales-count><sales-value>24.80</sales-value></Monthly-Sales><Weekly-Purchases><purchase-count>6</purchase-count><purchase-value>6.60</purchase-value></Weekly-Purchases><Weekly-Purchases><purchase-count>7</purchase-count><purchase-value>7.70</purchase-value></Weekly-Purchases><Weekly-Purchases><purchase-count>8</purchase-count><purchase-value>8.80</purchase-value></Weekly-Purchases><total-purchase-count>36</total-purchase-count><total-purchase-value>183.60</total-purchase-value></Location-Details><Location-Details><Location-details><Location-Number>703</Location-Number><Location-Name>Store 7, 3</Location-Name></Location-details><total-sales>703.00</total-sales><week-no>3</week-no><months>7</months><Monthly-Sales><sales-count>3</sales-count><sales-value>9.30</sales-value></Monthly-Sales><Monthly-Sales><sales-count>4</sales-count><sales-value>12.40</sales-value></Monthly-Sales><Monthly-Sales><sales-count>5</sales-count><sales-value>15.50</sales-value></Monthly-Sales><Monthly-Sales><sales-count>6</sales-count><sales-value>18.60</sales-value></Monthly-Sales><Monthly-Sales><sales-count>7</sales-count><sales-value>21.70</sales-value></Monthly-Sales><Monthly-Sales><sales-count>8</sales-count><sales-value>24.80</sales-value></Monthly-Sales><Monthly-Sales><sales-count>9</sales-count><sales-value>27.90</sales-value></Monthly-Sales><Weekly-Purchases><purchase-count>7</purchase-count><purchase-value>7.70</purchase-value></Weekly-Purchases><Weekly-Purchases><purchase-count>8</purchase-count><purchase-value>8.80</purchase-value></Weekly-Purchases><Weekly-Purchases><purchase-count>9</purchase-count><purchase-value>9.90</purchase-value></Weekly-Purchases><total-purchase-count>42</total-purchase-count><total-purchase-value>214.20</total-purchase-value></Location-Details><Location-Details><Location-details><Location-Number>803</Location-Number><Location-Name>Store 8, 3</Location-Name></Location-details><total-sales>803.00</total-sales><week-no>3</week-no><months>8</months><Monthly-Sales><sales-count>3</sales-count><sales-value>9.30</sales-value></Monthly-Sales><Monthly-Sales><sales-count>4</sales-count><sales-value>12.40</sales-value></Monthly-Sales><Monthly-Sales><sales-count>5</sales-count><sales-value>15.50</sales-value></Monthly-Sales><Monthly-Sales><sales-count>6</sales-count><sales-value>18.60</sales-value></Monthly-Sales><Monthly-Sales><sales-count>7</sales-count><sales-value>21.70</sales-value></Monthly-Sales><Monthly-Sales><sales-count>8</sales-count><sales-value>24.80</sales-value></Monthly-Sales><Monthly-Sales><sales-count>9</sales-count><sales-value>27.90</sales-value></Monthly-Sales><Monthly-Sales><sales-count>10</sales-count><sales-value>31.00</sales-value></Monthly-Sales><Weekly-Purchases><purchase-count>8</purchase-count><purchase-value>8.80</purchase-value></Weekly-Purchases><Weekly-Purchases><purchase-count>9</purchase-count><purchase-value>9.90</purchase-value></Weekly-Purchases><Weekly-Purchases><purchase-count>10</purchase-count><purchase-value>11.00</purchase-value></Weekly-Purchases><total-purchase-count>48</total-purchase-count><total-purchase-value>244.80</total-purchase-value></Location-Details><Location-Details><Location-details><Location-Number>903</Location-Number><Location-Name>Store 9, 3</Location-Name></Location-details><total-sales>903.00</total-sales><week-no>3</week-no><months>9</months><Monthly-Sales><sales-count>3</sales-count><sales-value>9.30</sales-value></Monthly-Sales><Monthly-Sales><sales-count>4</sales-count><sales-value>12.40</sales-value></Monthly-Sales><Monthly-Sales><sales-count>5</sales-count><sales-value>15.50</sales-value></Monthly-Sales><Monthly-Sales><sales-count>6</sales-count><sales-value>18.60</sales-value></Monthly-Sales><Monthly-Sales><sales-count>7</sales-count><sales-value>21.70</sales-value></Monthly-Sales><Monthly-Sales><sales-count>8</sales-count><sales-value>24.80</sales-value></Monthly-Sales><Monthly-Sales><sales-count>9</sales-count><sales-value>27.90</sales-value></Monthly-Sales><Monthly-Sales><sales-count>10</sales-count><sales-value>31.00</sales-value></Monthly-Sales><Monthly-Sales><sales-count>11</sales-count><sales-value>34.10</sales-value></Monthly-Sales><Weekly-Purchases><purchase-count>9</purchase-count><purchase-value>9.90</purchase-value></Weekly-Purchases><Weekly-Purchases><purchase-count>10</purchase-count><purchase-value>11.00</purchase-value></Weekly-Purchases><Weekly-Purchases><purchase-count>11</purchase-count><purchase-value>12.10</purchase-value></Weekly-Purchases><total-purchase-count>54</total-purchase-count><total-purchase-value>275.40</total-purchase-value></Location-Details><Location-Details><Location-details><Location-Number>1003</Location-Number><Location-Name>Store 10, 3</Location-Name></Location-details><total-sales>1003.00</total-sales><week-no>3</week-no><months>10</months><Monthly-Sales><sales-count>3</sales-count><sales-value>9.30</sales-value></Monthly-Sales><Monthly-Sales><sales-count>4</sales-count><sales-value>12.40</sales-value></Monthly-Sales><Monthly-Sales><sales-count>5</sales-count><sales-value>15.50</sales-value></Monthly-Sales><Monthly-Sales><sales-count>6</sales-count><sales-value>18.60</sales-value></Monthly-Sales><Monthly-Sales><sales-count>7</sales-count><sales-value>21.70</sales-value></Monthly-Sales><Monthly-Sales><sales-count>8</sales-count><sales-value>24.80</sales-value></Monthly-Sales><Monthly-Sales><sales-count>9</sales-count><sales-value>27.90</sales-value></Monthly-Sales><Monthly-Sales><sales-count>10</sales-count><sales-value>31.00</sales-value></Monthly-Sales><Monthly-Sales><sales-count>11</sales-count><sales-value>34.10</sales-value></Monthly-Sales><Monthly-Sales><sales-count>12</sales-count><sales-value>37.20</sales-value></Monthly-Sales><Weekly-Purchases><purchase-count>10</purchase-count><purchase-value>11.00</purchase-value></Weekly-Purchases><Weekly-Purchases><purchase-count>11</purchase-count><purchase-value>12.10</purchase-value></Weekly-Purchases><Weekly-Purchases><purchase-count>12</purchase-count><purchase-value>13.20</purchase-value></Weekly-Purchases><total-purchase-count>60</total-purchase-count><total-purchase-value>306.00</total-purchase-value></Location-Details><Location-Details><Location-details><Location-Number>1103</Location-Number><Location-Name>Store 11, 3</Location-Name></Location-details><total-sales>1103.00</total-sales><week-no>3</week-no><months>11</months><Monthly-Sales><sales-count>3</sales-count><sales-value>9.30</sales-value></Monthly-Sales><Monthly-Sales><sales-count>4</sales-count><sales-value>12.40</sales-value></Monthly-Sales><Monthly-Sales><sales-count>5</sales-count><sales-value>15.50</sales-value></Monthly-Sales><Monthly-Sales><sales-count>6</sales-count><sales-value>18.60</sales-value></Monthly-Sales><Monthly-Sales><sales-count>7</sales-count><sales-value>21.70</sales-value></Monthly-Sales><Monthly-Sales><sales-count>8</sales-count><sales-value>24.80</sales-value></Monthly-Sales><Monthly-Sales><sales-count>9</sales-count><sales-value>27.90</sales-value></Monthly-Sales><Monthly-Sales><sales-count>10</sales-count><sales-value>31.00</sales-value></Monthly-Sales><Monthly-Sales><sales-count>11</sales-count><sales-value>34.10</sales-value></Monthly-Sales><Monthly-Sales><sales-count>12</sales-count><sales-value>37.20</sales-value></Monthly-Sales><Monthly-Sales><sales-count>13</sales-count><sales-value>40.30</sales-value></Monthly-Sales><Weekly-Purchases><purchase-count>11</purchase-count><purchase-value>12.10</purchase-value></Weekly-Purchases><Weekly-Purchases><purchase-count>12</purchase-count><purchase-value>13.20</purchase-value></Weekly-Purchases><Weekly-Purchases><purchase-count>13</purchase-count><purchase-value>14.30</purchase-value></Weekly-Purchases><total-purchase-count>66</total-purchase-count><total-purchase-value>336.60</total-purchase-value></Location-Details><Location-Details><Location-details><Location-Number>1203</Location-Number><Location-Name>Store 12, 3</Location-Name></Location-details><total-sales>1203.00</total-sales><week-no>3</week-no><months>12</months><Monthly-Sales><sales-count>3</sales-count><sales-value>9.30</sales-value></Monthly-Sales><Monthly-Sales><sales-count>4</sales-count><sales-value>12.40</sales-value></Monthly-Sales><Monthly-Sales><sales-count>5</sales-count><sales-value>15.50</sales-value></Monthly-Sales><Monthly-Sales><sales-count>6</sales-count><sales-value>18.60</sales-value></Monthly-Sales><Monthly-Sales><sales-count>7</sales-count><sales-value>21.70</sales-value></Monthly-Sales><Monthly-Sales><sales-count>8</sales-count><sales-value>24.80</sales-value></Monthly-Sales><Monthly-Sales><sales-count>9</sales-count><sales-value>27.90</sales-value></Monthly-Sales><Monthly-Sales><sales-count>10</sales-count><sales-value>31.00</sales-value></Monthly-Sales><Monthly-Sales><sales-count>11</sales-count><sales-value>34.10</sales-value></Monthly-Sales><Monthly-Sales><sales-count>12</sales-count><sales-value>37.20</sales-value></Monthly-Sales><Monthly-Sales><sales-count>13</sales-count><sales-value>40.30</sales-value></Monthly-Sales><Monthly-Sales><sales-count>14</sales-count><sales-value>43.40</sales-value></Monthly-Sales><Weekly-Purchases><purchase-count>12</purchase-count><purchase-value>13.20</purchase-value></Weekly-Purchases><Weekly-Purchases><purchase-count>13</purchase-count><purchase-value>14.30</purchase-value></Weekly-Purchases><Weekly-Purchases><purchase-count>14</purchase-count><purchase-value>15.40</purchase-value></Weekly-Purchases><total-purchase-count>72</total-purchase-count><total-purchase-value>367.20</total-purchase-value></Location-Details></CobolData>