<?xml version="1.0" encoding="UTF-8"?><CobolData><Location-Details><Location-details><Location-Number>8</Location-Number><Location-Name>Store 0, 8</Location-Name></Location-details><months>0</months><total-sales>8.00</total-sales><week-no>8</week-no><Weekly-Purchases><purchase-count>0</purchase-count><purchase-value>0.00</purchase-value></Weekly-Purchases><Weekly-Purchases><purchase-count>1</purchase-count><purchase-value>1.10</purchase-value></Weekly-Purchases><Weekly-Purchases><purchase-count>2</purchase-count><purchase-value>2.20</purchase-value></Weekly-Purchases><Weekly-Purchases><purchase-count>3</purchase-count><purchase-value>3.30</purchase-value></Weekly-Purchases><Weekly-Purchases><purchase-count>4</purchase-count><purchase-value>4.40</purchase-value></Weekly-Purchases><Weekly-Purchases><purchase-count>5</purchase-count><purchase-value>5.50</purchase-value></Weekly-Purchases><Weekly-Purchases><purchase-count>6</purchase-count><purchase-value>6.60</purchase-value></Weekly-Purchases><Weekly-Purchases><purchase-count>7</purchase-count><purchase-value>7.70</purchase-value></Weekly-Purchases><total-purchase-count>0</total-purchase-count><total-purchase-value>0.00</total-purchase-value></Location-Details><Location-Details><Location-details><Location-Number>108</Location-Number><Location-Name>Store 1, 8</Location-Name></Location-details><months>1</months><Monthly-Sales><sales-count>8</sales-count><sales-value>24.80</sales-value></Monthly-Sales><total-sales>108.00</total-sales><week-no>8</week-no><Weekly-Purchases><purchase-count>1</purchase-count><purchase-value>1.10</purchase-value></Weekly-Purchases><Weekly-Purchases><purchase-count>2</purchase-count><purchase-value>2.20</purchase-value></Weekly-Purchases><Weekly-Purchases><purchase-count>3</purchase-count><purchase-value>3.30</purchase-value></Weekly-Purchases><Weekly-Purchases><purchase-count>4</purchase-count><purchase-value>4.40</purchase-value></Weekly-Purchases><Weekly-Purchases><purchase-count>5</purchase-count><purchase-value>5.50</purchase-value></Weekly-Purchases><Weekly-Purchases><purchase-count>6</purchase-count><purchase-value>6.60</purchase-value></Weekly-Purchases><Weekly-Purchases><purchase-count>7</purchase-count><purchase-value>7.70</purchase-value></Weekly-Purchases><Weekly-Purchases><purchase-count>8</purchase-count><purchase-value>8.80</purchase-value></Weekly-Purchases><total-purchase-count>16</total-purchase-count><total-purchase-value>81.60</total-purchase-value></Location-Details><Location-Details><Location-details><Location-Number>208</Location-Number><Location-Name>Store 2, 8</Location-Name></Location-details><months>2</months><Monthly-Sales><sales-count>8</sales-count><sales-value>24.80</sales-value></Monthly-Sales><Monthly-Sales><sales-count>9</sales-count><sales-value>27.90</sales-value></Monthly-Sales><total-sales>208.00</total-sales><week-no>8</week-no><Weekly-Purchases><purchase-count>2</purchase-count><purchase-value>2.20</purchase-value></Weekly-Purchases><Weekly-Purchases><purchase-count>3</purchase-count><purchase-value>3.30</purchase-value></Weekly-Purchases><Weekly-Purchases><purchase-count>4</purchase-count><purchase-value>4.40</purchase-value></Weekly-Purchases><Weekly-Purchases><purchase-count>5</purchase-count><purchase-value>5.50</purchase-value></Weekly-Purchases><Weekly-Purchases><purchase-count>6</purchase-count><purchase-value>6.60</purchase-value></Weekly-Purchases><Weekly-Purchases><purchase-count>7</purchase-count><purchase-value>7.70</purchase-value></Weekly-Purchases><Weekly-Purchases><purchase-count>8</purchase-count><purchase-value>8.80</purchase-value></Weekly-Purchases><Weekly-Purchases><purchase-count>9</purchase-count><purchase-value>9.90</purchase-value></Weekly-Purchases><total-purchase-count>32</total-purchase-count><total-purchase-value>163.20</total-purchase-value></Location-Details><Location-Details><Location-details><Location-Number>308</Location-Number><Location-Name>Store 3, 8</Location-Name></Location-details><months>3</months><Monthly-Sales><sales-count>8</sales-count><sales-value>24.80</sales-value></Monthly-Sales><Monthly-Sales><sales-count>9</sales-count><sales-value>27.90</sales-value></Monthly-Sales><Monthly-Sales><sales-count>10</sales-count><sales-value>31.00</sales-value></Monthly-Sales><total-sales>308.00</total-sales><week-no>8</week-no><Weekly-Purchases><purchase-count>3</purchase-count><purchase-value>3.30</purchase-value></Weekly-Purchases><Weekly-Purchases><purchase-count>4</purchase-count><purchase-value>4.40</purchase-value></Weekly-Purchases><Weekly-Purchases><purchase-count>5</purchase-count><purchase-value>5.50</purchase-value></Weekly-Purchases><Weekly-Purchases><purchase-count>6</purchase-count><purchase-value>6.60</purchase-value></Weekly-Purchases><Weekly-Purchases><purchase-count>7</purchase-count><purchase-value>7.70</purchase-value></Weekly-Purchases><Weekly-Purchases><purchase-count>8</purchase-count><purchase-value>8.80</purchase-value></Weekly-Purchases><Weekly-Purchases><purchase-count>9</purchase-count><purchase-value>9.90</purchase-value></Weekly-Purchases><Weekly-Purchases><purchase-count>10</purchase-count><purchase-value>11.00</purchase-value></Weekly-Purchases><total-purchase-count>48</total-purchase-count><total-purchase-value>244.80</total-purchase-value></Location-Details><Location-Details><Location-details><Location-Number>408</Location-Number><Location-Name>Store 4, 8</Location-Name></Location-details><months>4</months><Monthly-Sales><sales-count>8</sales-count><sales-value>24.80</sales-value></Monthly-Sales><Monthly-Sales><sales-count>9</sales-count><sales-value>27.90</sales-value></Monthly-Sales><Monthly-Sales><sales-count>10</sales-count><sales-value>31.00</sales-value></Monthly-Sales><Monthly-Sales><sales-count>11</sales-count><sales-value>34.10</sales-value></Monthly-Sales><total-sales>408.00</total-sales><week-no>8</week-no><Weekly-Purchases><purchase-count>4</purchase-count><purchase-value>4.40</purchase-value></Weekly-Purchases><Weekly-Purchases><purchase-count>5</purchase-count><purchase-value>5.50</purchase-value></Weekly-Purchases><Weekly-Purchases><purchase-count>6</purchase-count><purchase-value>6.60</purchase-value></Weekly-Purchases><Weekly-Purchases><purchase-count>7</purchase-count><purchase-value>7.70</purchase-value></Weekly-Purchases><Weekly-Purchases><purchase-count>8</purchase-count><purchase-value>8.80</purchase-value></Weekly-Purchases><Weekly-Purchases><purchase-count>9</purchase-count><purchase-value>9.90</purchase-value></Weekly-Purchases><Weekly-Purchases><purchase-count>10</purchase-count><purchase-value>11.00</purchase-value></Weekly-Purchases><Weekly-Purchases><purchase-count>11</purchase-count><purchase-value>12.10</purchase-value></Weekly-Purchases><total-purchase-count>64</total-purchase-count><total-purchase-value>326.40</total-purchase-value></Location-Details><Location-Details><Location-details><Location-Number>508</Location-Number><Location-Name>Store 5, 8</Location-Name></Location-details><months>5</months><Monthly-Sales><sales-count>8</sales-count><sales-value>24.80</sales-value></Monthly-Sales><Monthly-Sales><sales-count>9</sales-count><sales-value>27.90</sales-value></Monthly-Sales><Monthly-Sales><sales-count>10</sales-count><sales-value>31.00</sales-value></Monthly-Sales><Monthly-Sales><sales-count>11</sales-count><sales-value>34.10</sales-value></Monthly-Sales><Monthly-Sales><sales-count>12</sales-count><sales-value>37.20</sales-value></Monthly-Sales><total-sales>508.00</total-sales><week-no>8</week-no><Weekly-Purchases><purchase-count>5</purchase-count><purchase-value>5.50</purchase-value></Weekly-Purchases><Weekly-Purchases><purchase-count>6</purchase-count><purchase-value>6.60</purchase-value></Weekly-Purchases><Weekly-Purchases><purchase-count>7</purchase-count><purchase-value>7.70</purchase-value></Weekly-Purchases><Weekly-Purchases><purchase-count>8</purchase-count><purchase-value>8.80</purchase-value></Weekly-Purchases><Weekly-Purchases><purchase-count>9</purchase-count><purchase-value>9.90</purchase-value></Weekly-Purchases><Weekly-Purchases><purchase-count>10</purchase-count><purchase-value>11.00</purchase-value></Weekly-Purchases><Weekly-Purchases><purchase-count>11</purchase-count><purchase-value>12.10</purchase-value></Weekly-Purchases><Weekly-Purchases><purchase-count>12</purchase-count><purchase-value>13.20</purchase-value></Weekly-Purchases><total-purchase-count>80</total-purchase-count><total-purchase-value>408.00</total-purchase-value></Location-Details><Location-Details><Location-details><Location-Number>608</Location-Number><Location-Name>Store 6, 8</Location-Name></Location-details><months>6</months><Monthly-Sales><sales-count>8</sales-count><sales-value>24.80</sales-value></Monthly-Sales><Monthly-Sales><sales-count>9</sales-count><sales-value>27.90</sales-value></Monthly-Sales><Monthly-Sales><sales-count>10</sales-count><sales-value>31.00</sales-value></Monthly-Sales><Monthly-Sales><sales-count>11</sales-count><sales-value>34.10</sales-value></Monthly-Sales><Monthly-Sales><sales-count>12</sales-count><sales-value>37.20</sales-value></Monthly-Sales><Monthly-Sales><sales-count>13</sales-count><sales-value>40.30</sales-value></Monthly-Sales><total-sales>608.00</total-sales><week-no>8</week-no><Weekly-Purchases><purchase-count>6</purchase-count><purchase-value>6.60</purchase-value></Weekly-Purchases><Weekly-Purchases><purchase-count>7</purchase-count><purchase-value>7.70</purchase-value></Weekly-Purchases><Weekly-Purchases><purchase-count>8</purchase-count><purchase-value>8.80</purchase-value></Weekly-Purchases><Weekly-Purchases><purchase-count>9</purchase-count><purchase-value>9.90</purchase-value></Weekly-Purchases><Weekly-Purchases><purchase-count>10</purchase-count><purchase-value>11.00</purchase-value></Weekly-Purchases><Weekly-Purchases><purchase-count>11</purchase-count><purchase-value>12.10</purchase-value></Weekly-Purchases><Weekly-Purchases><purchase-count>12</purchase-count><purchase-value>13.20</purchase-value></Weekly-Purchases><Weekly-Purchases><purchase-count>13</purchase-count><purchase-value>14.30</purchase-value></Weekly-Purchases><total-purchase-count>96</total-purchase-count><total-purchase-value>489.60</total-purchase-value></Location-Details><Location-Details><Location-details><Location-Number>708</Location-Number><Location-Name>Store 7, 8</Location-Name></Location-details><months>7</months><Monthly-Sales><sales-count>8</sales-count><sales-value>24.80</sales-value></Monthly-Sales><Monthly-Sales><sales-count>9</sales-count><sales-value>27.90</sales-value></Monthly-Sales><Monthly-Sales><sales-count>10</sales-count><sales-value>31.00</sales-value></Monthly-Sales><Monthly-Sales><sales-count>11</sales-count><sales-value>34.10</sales-value></Monthly-Sales><Monthly-Sales><sales-count>12</sales-count><sales-value>37.20</sales-value></Monthly-Sales><Monthly-Sales><sales-count>13</sales-count><sales-value>40.30</sales-value></Monthly-Sales><Monthly-Sales><sales-count>14</sales-count><sales-value>43.40</sales-value></Monthly-Sales><total-sales>708.00</total-sales><week-no>8</week-no><Weekly-Purchases><purchase-count>7</purchase-count><purchase-value>7.70</purchase-value></Weekly-Purchases><Weekly-Purchases><purchase-count>8</purchase-count><purchase-value>8.80</purchase-value></Weekly-Purchases><Weekly-Purchases><purchase-count>9</purchase-count><purchase-value>9.90</purchase-value></Weekly-Purchases><Weekly-Purchases><purchase-count>10</purchase-count><purchase-value>11.00</purchase-value></Weekly-Purchases><Weekly-Purchases><purchase-count>11</purchase-count><purchase-value>12.10</purchase-value></Weekly-Purchases><Weekly-Purchases><purchase-count>12</purchase-count><purchase-value>13.20</purchase-value></Weekly-Purchases><Weekly-Purchases><purchase-count>13</purchase-count><purchase-value>14.30</purchase-value></Weekly-Purchases><Weekly-Purchases><purchase-count>14</purchase-count><purchase-value>15.40</purchase-value></Weekly-Purchases><total-purchase-count>12</total-purchase-count><total-purchase-value>61.20</total-purchase-value></Location-Details><Location-Details><Location-details><Location-Number>808</Location-Number><Location-Name>Store 8, 8</Location-Name></Location-details><months>8</months><Monthly-Sales><sales-count>8</sales-count><sales-value>24.80</sales-value></Monthly-Sales><Monthly-Sales><sales-count>9</sales-count><sales-value>27.90</sales-value></Monthly-Sales><Monthly-Sales><sales-count>10</sales-count><sales-value>31.00</sales-value></Monthly-Sales><Monthly-Sales><sales-count>11</sales-count><sales-value>34.10</sales-value></Monthly-Sales><Monthly-Sales><sales-count>12</sales-count><sales-value>37.20</sales-value></Monthly-Sales><Monthly-Sales><sales-count>13</sales-count><sales-value>40.30</sales-value></Monthly-Sales><Monthly-Sales><sales-count>14</sales-count><sales-value>43.40</sales-value></Monthly-Sales><Monthly-Sales><sales-count>15</sales-count><sales-value>46.50</sales-value></Monthly-Sales><total-sales>808.00</total-sales><week-no>8</week-no><Weekly-Purchases><purchase-count>8</purchase-count><purchase-value>8.80</purchase-value></Weekly-Purchases><Weekly-Purchases><purchase-count>9</purchase-count><purchase-value>9.90</purchase-value></Weekly-Purchases><Weekly-Purchases><purchase-count>10</purchase-count><purchase-value>11.00</purchase-value></Weekly-Purchases><Weekly-Purchases><purchase-count>11</purchase-count><purchase-value>12.10</purchase-value></Weekly-Purchases><Weekly-Purchases><purchase-count>12</purchase-count><purchase-value>13.20</purchase-value></Weekly-Purchases><Weekly-Purchases><purchase-count>13</purchase-count><purchase-value>14.30</purchase-value></Weekly-Purchases><Weekly-Purchases><purchase-count>14</purchase-count><purchase-value>15.40</purchase-value></Weekly-Purchases><Weekly-Purchases><purchase-count>15</purchase-count><purchase-value>16.50</purchase-value></Weekly-Purchases><total-purchase-count>28</total-purchase-count><total-purchase-value>142.80</total-purchase-value></Location-Details><Location-Details><Location-details><Location-Number>908</Location-Number><Location-Name>Store 9, 8</Location-Name></Location-details><months>9</months><Monthly-Sales><sales-count>8</sales-count><sales-value>24.80</sales-value></Monthly-Sales><Monthly-Sales><sales-count>9</sales-count><sales-value>27.90</sales-value></Monthly-Sales><Monthly-Sales><sales-count>10</sales-count><sales-value>31.00</sales-value></Monthly-Sales><Monthly-Sales><sales-count>11</sales-count><sales-value>34.10</sales-value></Monthly-Sales><Monthly-Sales><sales-count>12</sales-count><sales-value>37.20</sales-value></Monthly-Sales><Monthly-Sales><sales-count>13</sales-count><sales-value>40.30</sales-value></Monthly-Sales><Monthly-Sales><sales-count>14</sales-count><sales-value>43.40</sales-value></Monthly-Sales><Monthly-Sales><sales-count>15</sales-count><sales-value>46.50</sales-value></Monthly-Sales><Monthly-Sales><sales-count>16</sales-count><sales-value>49.60</sales-value></Monthly-Sales><total-sales>908.00</total-sales><week-no>8</week-no><Weekly-Purchases><purchase-count>9</purchase-count><purchase-value>9.90</purchase-value></Weekly-Purchases><Weekly-Purchases><purchase-count>10</purchase-count><purchase-value>11.00</purchase-value></Weekly-Purchases><Weekly-Purchases><purchase-count>11</purchase-count><purchase-value>12.10</purchase-value></Weekly-Purchases><Weekly-Purchases><purchase-count>12</purchase-count><purchase-value>13.20</purchase-value></Weekly-Purchases><Weekly-Purchases><purchase-count>13</purchase-count><purchase-value>14.30</purchase-value></Weekly-Purchases><Weekly-Purchases><purchase-count>14</purchase-count><purchase-value>15.40</purchase-value></Weekly-Purchases><Weekly-Purchases><purchase-count>15</purchase-count><purchase-value>16.50</purchase-value></Weekly-Purchases><Weekly-Purchases><purchase-count>16</purchase-count><purchase-value>17.60</purchase-value></Weekly-Purchases><total-purchase-count>44</total-purchase-count><total-purchase-value>224.40</total-purchase-value></Location-Details><Location-Details><Location-details><Location-Number>1008</Location-Number><Location-Name>Store 10, 8</Location-Name></Location-details><months>10</months><Monthly-Sales><sales-count>8</sales-count><sales-value>24.80</sales-value></Monthly-Sales><Monthly-Sales><sales-count>9</sales-count><sales-value>27.90</sales-value></Monthly-Sales><Monthly-Sales><sales-count>10</sales-count><sales-value>31.00</sales-value></Monthly-Sales><Monthly-Sales><sales-count>11</sales-count><sales-value>34.10</sales-value></Monthly-Sales><Monthly-Sales><sales-count>12</sales-count><sales-value>37.20</sales-value></Monthly-Sales><Monthly-Sales><sales-count>13</sales-count><sales-value>40.30</sales-value></Monthly-Sales><Monthly-Sales><sales-count>14</sales-count><sales-value>43.40</sales-value></Monthly-Sales><Monthly-Sales><sales-count>15</sales-count><sales-value>46.50</sales-value></Monthly-Sales><Monthly-Sales><sales-count>16</sales-count><sales-value>49.60</sales-value></Monthly-Sales><Monthly-Sales><sales-count>17</sales-count><sales-value>52.70</sales-value></Monthly-Sales><total-sales>1008.00</total-sales><week-no>8</week-no><Weekly-Purchases><purchase-count>10</purchase-count><purchase-value>11.00</purchase-value></Weekly-Purchases><Weekly-Purchases><purchase-count>11</purchase-count><purchase-value>12.10</purchase-value></Weekly-Purchases><Weekly-Purchases><purchase-count>12</purchase-count><purchase-value>13.20</purchase-value></Weekly-Purchases><Weekly-Purchases><purchase-count>13</purchase-count><purchase-value>14.30</purchase-value></Weekly-Purchases><Weekly-Purchases><purchase-count>14</purchase-count><purchase-value>15.40</purchase-value></Weekly-Purchases><Weekly-Purchases><purchase-count>15</purchase-count><purchase-value>16.50</purchase-value></Weekly-Purchases><Weekly-Purchases><purchase-count>16</purchase-count><purchase-value>17.60</purchase-value></Weekly-Purchases><Weekly-Purchases><purchase-count>17</purchase-count><purchase-value>18.70</purchase-value></Weekly-Purchases><total-purchase-count>60</total-purchase-count><total-purchase-value>306.00</total-purchase-value></Location-Details><Location-Details><Location-details><Location-Number>1108</Location-Number><Location-Name>Store 11, 8</Location-Name></Location-details><months>11</months><Monthly-Sales><sales-count>8</sales-count><sales-value>24.80</sales-value></Monthly-Sales><Monthly-Sales><sales-count>9</sales-count><sales-value>27.90</sales-value></Monthly-Sales><Monthly-Sales><sales-count>10</sales-count><sales-value>31.00</sales-value></Monthly-Sales><Monthly-Sales><sales-count>11</sales-count><sales-value>34.10</sales-value></Monthly-Sales><Monthly-Sales><sales-count>12</sales-count><sales-value>37.20</sales-value></Monthly-Sales><Monthly-Sales><sales-count>13</sales-count><sales-value>40.30</sales-value></Monthly-Sales><Monthly-Sales><sales-count>14</sales-count><sales-value>43.40</sales-value></Monthly-Sales><Monthly-Sales><sales-count>15</sales-count><sales-value>46.50</sales-value></Monthly-Sales><Monthly-Sales><sales-count>16</sales-count><sales-value>49.60</sales-value></Monthly-Sales><Monthly-Sales><sales-count>17</sales-count><sales-value>52.70</sales-value></Monthly-Sales><Monthly-Sales><sales-count>18</sales-count><sales-value>55.80</sales-value></Monthly-Sales><total-sales>1108.00</total-sales><week-no>8</week-no><Weekly-Purchases><purchase-count>11</purchase-count><purchase-value>12.10</purchase-value></Weekly-Purchases><Weekly-Purchases><purchase-count>12</purchase-count><purchase-value>13.20</purchase-value></Weekly-Purchases><Weekly-Purchases><purchase-count>13</purchase-count><purchase-value>14.30</purchase-value></Weekly-Purchases><Weekly-Purchases><purchase-count>14</purchase-count><purchase-value>15.40</purchase-value></Weekly-Purchases><Weekly-Purchases><purchase-count>15</purchase-count><purchase-value>16.50</purchase-value></Weekly-Purchases><Weekly-Purchases><purchase-count>16</purchase-count><purchase-value>17.60</purchase-value></Weekly-Purchases><Weekly-Purchases><purchase-count>17</purchase-count><purchase-value>18.70</purchase-value></Weekly-Purchases><Weekly-Purchases><purchase-count>18</purchase-count><purchase-value>19.80</purchase-value></Weekly-Purchases><total-purchase-count>76</total-purchase-count><total-purchase-value>387.60</total-purchase-value></Location-Details><Location-Details><Location-details><Location-Number>1208</Location-Number><Location-Name>Store 12, 8</Location-Name></Location-details><months>12</months><Monthly-Sales><sales-count>8</sales-count><sales-value>24.80</sales-value></Monthly-Sales><Monthly-Sales><sales-count>9</sales-count><sales-value>27.90</sales-value></Monthly-Sales><Monthly-Sales><sales-count>10</sales-count><sales-value>31.00</sales-value></Monthly-Sales><Monthly-Sales><sales-count>11</sales-count><sales-value>34.10</sales-value></Monthly-Sales><Monthly-Sales><sales-count>12</sales-count><sales-value>37.20</sales-value></Monthly-Sales><Monthly-Sales><sales-count>13</sales-count><sales-value>40.30</sales-value></Monthly-Sales><Monthly-Sales><sales-count>14</sales-count><sales-value>43.40</sales-value></Monthly-Sales><Monthly-Sales><sales-count>15</sales-count><sales-value>46.50</sales-value></Monthly-Sales><Monthly-Sales><sales-count>16</sales-count><sales-value>49.60</sales-value></Monthly-Sales><Monthly-Sales><sales-count>17</sales-count><sales-value>52.70</sales-value></Monthly-Sales><Monthly-Sales><sales-count>18</sales-count><sales-value>55.80</sales-value></Monthly-Sales><Monthly-Sales><sales-count>19</sales-count><sales-value>58.90</sales-value></Monthly-Sales><total-sales>1208.00</total-sales><week-no>8</week-no><Weekly-Purchases><purchase-count>12</purchase-count><purchase-value>13.20</purchase-value></Weekly-Purchases><Weekly-Purchases><purchase-count>13</purchase-count><purchase-value>14.30</purchase-value></Weekly-Purchases><Weekly-Purchases><purchase-count>14</purchase-count><purchase-value>15.40</purchase-value></Weekly-Purchases><Weekly-Purchases><purchase-count>15</purchase-count><purchase-value>16.50</purchase-value></Weekly-Purchases><Weekly-Purchases><purchase-count>16</purchase-count><purchase-value>17.60</purchase-value></Weekly-Purchases><Weekly-Purchases><purchase-count>17</purchase-count><purchase-value>18.70</purchase-value></Weekly-Purchases><Weekly-Purchases><purchase-count>18</purchase-count><purchase-value>19.80</purchase-value></Weekly-Purchases><Weekly-Purchases><purchase-count>19</purchase-count><purchase-value>20.90</purchase-value></Weekly-Purchases><total-purchase-count>92</total-purchase-count><total-purchase-value>469.20</total-purchase-value></Location-Details></CobolData>