<?xml version="1.0" encoding="UTF-8"?><CobolData><Location-Details><Location-details><Location-Number>7</Location-Number><Location-Name>Store 0, 7</Location-Name></Location-details><months>0</months><total-sales>7.00</total-sales><week-no>7</week-no><Weekly-Purchases><purchase-count>0</purchase-count><purchase-value>0.00</purchase-value></Weekly-Purchases><Weekly-Purchases><purchase-count>1</purchase-count><purchase-value>1.10</purchase-value></Weekly-Purchases><Weekly-Purchases><purchase-count>2</purchase-count><purchase-value>2.20</purchase-value></Weekly-Purchases><Weekly-Purchases><purchase-count>3</purchase-count><purchase-value>3.30</purchase-value></Weekly-Purchases><Weekly-Purchases><purchase-count>4</purchase-count><purchase-value>4.40</purchase-value></Weekly-Purchases><Weekly-Purchases><purchase-count>5</purchase-count><purchase-value>5.50</purchase-value></Weekly-Purchases><Weekly-Purchases><purchase-count>6</purchase-count><purchase-value>6.60</purchase-value></Weekly-Purchases><total-purchase-count>0</total-purchase-count><total-purchase-value>0.00</total-purchase-value></Location-Details><Location-Details><Location-details><Location-Number>107</Location-Number><Location-Name>Store 1, 7</Location-Name></Location-details><months>1</months><Monthly-Sales><sales-count>7</sales-count><sales-value>21.70</sales-value></Monthly-Sales><total-sales>107.00</total-sales><week-no>7</week-no><Weekly-Purchases><purchase-count>1</purchase-count><purchase-value>1.10</purchase-value></Weekly-Purchases><Weekly-Purchases><purchase-count>2</purchase-count><purchase-value>2.20</purchase-value></Weekly-Purchases><Weekly-Purchases><purchase-count>3</purchase-count><purchase-value>3.30</purchase-value></Weekly-Purchases><Weekly-Purchases><purchase-count>4</purchase-count><purchase-value>4.40</purchase-value></Weekly-Purchases><Weekly-Purchases><purchase-count>5</purchase-count><purchase-value>5.50</purchase-value></Weekly-Purchases><Weekly-Purchases><purchase-count>6</purchase-count><purchase-value>6.60</purchase-value></Weekly-Purchases><Weekly-Purchases><purchase-count>7</purchase-count><purchase-value>7.70</purchase-value></Weekly-Purchases><total-purchase-count>14</total-purchase-count><total-purchase-value>71.40</total-purchase-value></Location-Details><Location-Details><Location-details><Location-Number>207</Location-Number><Location-Name>Store 2, 7</Location-Name></Location-details><months>2</months><Monthly-Sales><sales-count>7</sales-count><sales-value>21.70</sales-value></Monthly-Sales><Monthly-Sales><sales-count>8</sales-count><sales-value>24.80</sales-value></Monthly-Sales><total-sales>207.00</total-sales><week-no>7</week-no><Weekly-Purchases><purchase-count>2</purchase-count><purchase-value>2.20</purchase-value></Weekly-Purchases><Weekly-Purchases><purchase-count>3</purchase-count><purchase-value>3.30</purchase-value></Weekly-Purchases><Weekly-Purchases><purchase-count>4</purchase-count><purchase-value>4.40</purchase-value></Weekly-Purchases><Weekly-Purchases><purchase-count>5</purchase-count><purchase-value>5.50</purchase-value></Weekly-Purchases><Weekly-Purchases><purchase-count>6</purchase-count><purchase-value>6.60</purchase-value></Weekly-Purchases><Weekly-Purchases><purchase-count>7</purchase-count><purchase-value>7.70</purchase-value></Weekly-Purchases><Weekly-Purchases><purchase-count>8</purchase-count><purchase-value>8.80</purchase-value></Weekly-Purchases><total-purchase-count>28</total-purchase-count><total-purchase-value>142.80</total-purchase-value></Location-Details><Location-Details><Location-details><Location-Number>307</Location-Number><Location-Name>Store 3, 7</Location-Name></Location-details><months>3</months><Monthly-Sales><sales-count>7</sales-count><sales-value>21.70</sales-value></Monthly-Sales><Monthly-Sales><sales-count>8</sales-count><sales-value>24.80</sales-value></Monthly-Sales><Monthly-Sales><sales-count>9</sales-count><sales-value>27.90</sales-value></Monthly-Sales><total-sales>307.00</total-sales><week-no>7</week-no><Weekly-Purchases><purchase-count>3</purchase-count><purchase-value>3.30</purchase-value></Weekly-Purchases><Weekly-Purchases><purchase-count>4</purchase-count><purchase-value>4.40</purchase-value></Weekly-Purchases><Weekly-Purchases><purchase-count>5</purchase-count><purchase-value>5.50</purchase-value></Weekly-Purchases><Weekly-Purchases><purchase-count>6</purchase-count><purchase-value>6.60</purchase-value></Weekly-Purchases><Weekly-Purchases><purchase-count>7</purchase-count><purchase-value>7.70</purchase-value></Weekly-Purchases><Weekly-Purchases><purchase-count>8</purchase-count><purchase-value>8.80</purchase-value></Weekly-Purchases><Weekly-Purchases><purchase-count>9</purchase-count><purchase-value>9.90</purchase-value></Weekly-Purchases><total-purchase-count>42</total-purchase-count><total-purchase-value>214.20</total-purchase-value></Location-Details><Location-Details><Location-details><Location-Number>407</Location-Number><Location-Name>Store 4, 7</Location-Name></Location-details><months>4</months><Monthly-Sales><sales-count>7</sales-count><sales-value>21.70</sales-value></Monthly-Sales><Monthly-Sales><sales-count>8</sales-count><sales-value>24.80</sales-value></Monthly-Sales><Monthly-Sales><sales-count>9</sales-count><sales-value>27.90</sales-value></Monthly-Sales><Monthly-Sales><sales-count>10</sales-count><sales-value>31.00</sales-value></Monthly-Sales><total-sales>407.00</total-sales><week-no>7</week-no><Weekly-Purchases><purchase-count>4</purchase-count><purchase-value>4.40</purchase-value></Weekly-Purchases><Weekly-Purchases><purchase-count>5</purchase-count><purchase-value>5.50</purchase-value></Weekly-Purchases><Weekly-Purchases><purchase-count>6</purchase-count><purchase-value>6.60</purchase-value></Weekly-Purchases><Weekly-Purchases><purchase-count>7</purchase-count><purchase-value>7.70</purchase-value></Weekly-Purchases><Weekly-Purchases><purchase-count>8</purchase-count><purchase-value>8.80</purchase-value></Weekly-Purchases><Weekly-Purchases><purchase-count>9</purchase-count><purchase-value>9.90</purchase-value></Weekly-Purchases><Weekly-Purchases><purchase-count>10</purchase-count><purchase-value>11.00</purchase-value></Weekly-Purchases><total-purchase-count>56</total-purchase-count><total-purchase-value>285.60</total-purchase-value></Location-Details><Location-Details><Location-details><Location-Number>507</Location-Number><Location-Name>Store 5, 7</Location-Name></Location-details><months>5</months><Monthly-Sales><sales-count>7</sales-count><sales-value>21.70</sales-value></Monthly-Sales><Monthly-Sales><sales-count>8</sales-count><sales-value>24.80</sales-value></Monthly-Sales><Monthly-Sales><sales-count>9</sales-count><sales-value>27.90</sales-value></Monthly-Sales><Monthly-Sales><sales-count>10</sales-count><sales-value>31.00</sales-value></Monthly-Sales><Monthly-Sales><sales-count>11</sales-count><sales-value>34.10</sales-value></Monthly-Sales><total-sales>507.00</total-sales><week-no>7</week-no><Weekly-Purchases><purchase-count>5</purchase-count><purchase-value>5.50</purchase-value></Weekly-Purchases><Weekly-Purchases><purchase-count>6</purchase-count><purchase-value>6.60</purchase-value></Weekly-Purchases><Weekly-Purchases><purchase-count>7</purchase-count><purchase-value>7.70</purchase-value></Weekly-Purchases><Weekly-Purchases><purchase-count>8</purchase-count><purchase-value>8.80</purchase-value></Weekly-Purchases><Weekly-Purchases><purchase-count>9</purchase-count><purchase-value>9.90</purchase-value></Weekly-Purchases><Weekly-Purchases><purchase-count>10</purchase-count><purchase-value>11.00</purchase-value></Weekly-Purchases><Weekly-Purchases><purchase-count>11</purchase-count><purchase-value>12.10</purchase-value></Weekly-Purchases><total-purchase-count>70</total-purchase-count><total-purchase-value>357.00</total-purchase-value></Location-Details><Location-Details><Location-details><Location-Number>607</Location-Number><Location-Name>Store 6, 7</Location-Name></Location-details><months>6</months><Monthly-Sales><sales-count>7</sales-count><sales-value>21.70</sales-value></Monthly-Sales><Monthly-Sales><sales-count>8</sales-count><sales-value>24.80</sales-value></Monthly-Sales><Monthly-Sales><sales-count>9</sales-count><sales-value>27.90</sales-value></Monthly-Sales><Monthly-Sales><sales-count>10</sales-count><sales-value>31.00</sales-value></Monthly-Sales><Monthly-Sales><sales-count>11</sales-count><sales-value>34.10</sales-value></Monthly-Sales><Monthly-Sales><sales-count>12</sales-count><sales-value>37.20</sales-value></Monthly-Sales><total-sales>607.00</total-sales><week-no>7</week-no><Weekly-Purchases><purchase-count>6</purchase-count><purchase-value>6.60</purchase-value></Weekly-Purchases><Weekly-Purchases><purchase-count>7</purchase-count><purchase-value>7.70</purchase-value></Weekly-Purchases><Weekly-Purchases><purchase-count>8</purchase-count><purchase-value>8.80</purchase-value></Weekly-Purchases><Weekly-Purchases><purchase-count>9</purchase-count><purchase-value>9.90</purchase-value></Weekly-Purchases><Weekly-Purchases><purchase-count>10</purchase-count><purchase-value>11.00</purchase-value></Weekly-Purchases><Weekly-Purchases><purchase-count>11</purchase-count><purchase-value>12.10</purchase-value></Weekly-Purchases><Weekly-Purchases><purchase-count>12</purchase-count><purchase-value>13.20</purchase-value></Weekly-Purchases><total-purchase-count>84</total-purchase-count><total-purchase-value>428.40</total-purchase-value></Location-Details><Location-Details><Location-details><Location-Number>707</Location-Number><Location-Name>Store 7, 7</Location-Name></Location-details><months>7</months><Monthly-Sales><sales-count>7</sales-count><sales-value>21.70</sales-value></Monthly-Sales><Monthly-Sales><sales-count>8</sales-count><sales-value>24.80</sales-value></Monthly-Sales><Monthly-Sales><sales-count>9</sales-count><sales-value>27.90</sales-value></Monthly-Sales><Monthly-Sales><sales-count>10</sales-count><sales-value>31.00</sales-value></Monthly-Sales><Monthly-Sales><sales-count>11</sales-count><sales-value>34.10</sales-value></Monthly-Sales><Monthly-Sales><sales-count>12</sales-count><sales-value>37.20</sales-value></Monthly-Sales><Monthly-Sales><sales-count>13</sales-count><sales-value>40.30</sales-value></Monthly-Sales><total-sales>707.00</total-sales><week-no>7</week-no><Weekly-Purchases><purchase-count>7</purchase-count><purchase-value>7.70</purchase-value></Weekly-Purchases><Weekly-Purchases><purchase-count>8</purchase-count><purchase-value>8.80</purchase-value></Weekly-Purchases><Weekly-Purchases><purchase-count>9</purchase-count><purchase-value>9.90</purchase-value></Weekly-Purchases><Weekly-Purchases><purchase-count>10</purchase-count><purchase-value>11.00</purchase-value></Weekly-Purchases><Weekly-Purchases><purchase-count>11</purchase-count><purchase-value>12.10</purchase-value></Weekly-Purchases><Weekly-Purchases><purchase-count>12</purchase-count><purchase-value>13.20</purchase-value></Weekly-Purchases><Weekly-Purchases><purchase-count>13</purchase-count><purchase-value>14.30</purchase-value></Weekly-Purchases><total-purchase-count>98</total-purchase-count><total-purchase-value>499.80</total-purchase-value></Location-Details><Location-Details><Location-details><Location-Number>807</Location-Number><Location-Name>Store 8, 7</Location-Name></Location-details><months>8</months><Monthly-Sales><sales-count>7</sales-count><sales-value>21.70</sales-value></Monthly-Sales><Monthly-Sales><sales-count>8</sales-count><sales-value>24.80</sales-value></Monthly-Sales><Monthly-Sales><sales-count>9</sales-count><sales-value>27.90</sales-value></Monthly-Sales><Monthly-Sales><sales-count>10</sales-count><sales-value>31.00</sales-value></Monthly-Sales><Monthly-Sales><sales-count>11</sales-count><sales-value>34.10</sales-value></Monthly-Sales><Monthly-Sales><sales-count>12</sales-count><sales-value>37.20</sales-value></Monthly-Sales><Monthly-Sales><sales-count>13</sales-count><sales-value>40.30</sales-value></Monthly-Sales><Monthly-Sales><sales-count>14</sales-count><sales-value>43.40</sales-value></Monthly-Sales><total-sales>807.00</total-sales><week-no>7</week-no><Weekly-Purchases><purchase-count>8</purchase-count><purchase-value>8.80</purchase-value></Weekly-Purchases><Weekly-Purchases><purchase-count>9</purchase-count><purchase-value>9.90</purchase-value></Weekly-Purchases><Weekly-Purchases><purchase-count>10</purchase-count><purchase-value>11.00</purchase-value></Weekly-Purchases><Weekly-Purchases><purchase-count>11</purchase-count><purchase-value>12.10</purchase-value></Weekly-Purchases><Weekly-Purchases><purchase-count>12</purchase-count><purchase-value>13.20</purchase-value></Weekly-Purchases><Weekly-Purchases><purchase-count>13</purchase-count><purchase-value>14.30</purchase-value></Weekly-Purchases><Weekly-Purchases><purchase-count>14</purchase-count><purchase-value>15.40</purchase-value></Weekly-Purchases><total-purchase-count>12</total-purchase-count><total-purchase-value>61.20</total-purchase-value></Location-Details><Location-Details><Location-details><Location-Number>907</Location-Number><Location-Name>Store 9, 7</Location-Name></Location-details><months>9</months><Monthly-Sales><sales-count>7</sales-count><sales-value>21.70</sales-value></Monthly-Sales><Monthly-Sales><sales-count>8</sales-count><sales-value>24.80</sales-value></Monthly-Sales><Monthly-Sales><sales-count>9</sales-count><sales-value>27.90</sales-value></Monthly-Sales><Monthly-Sales><sales-count>10</sales-count><sales-value>31.00</sales-value></Monthly-Sales><Monthly-Sales><sales-count>11</sales-count><sales-value>34.10</sales-value></Monthly-Sales><Monthly-Sales><sales-count>12</sales-count><sales-value>37.20</sales-value></Monthly-Sales><Monthly-Sales><sales-count>13</sales-count><sales-value>40.30</sales-value></Monthly-Sales><Monthly-Sales><sales-count>14</sales-count><sales-value>43.40</sales-value></Monthly-Sales><Monthly-Sales><sales-count>15</sales-count><sales-value>46.50</sales-value></Monthly-Sales><total-sales>907.00</total-sales><week-no>7</week-no><Weekly-Purchases><purchase-count>9</purchase-count><purchase-value>9.90</purchase-value></Weekly-Purchases><Weekly-Purchases><purchase-count>10</purchase-count><purchase-value>11.00</purchase-value></Weekly-Purchases><Weekly-Purchases><purchase-count>11</purchase-count><purchase-value>12.10</purchase-value></Weekly-Purchases><Weekly-Purchases><purchase-count>12</purchase-count><purchase-value>13.20</purchase-value></Weekly-Purchases><Weekly-Purchases><purchase-count>13</purchase-count><purchase-value>14.30</purchase-value></Weekly-Purchases><Weekly-Purchases><purchase-count>14</purchase-count><purchase-value>15.40</purchase-value></Weekly-Purchases><Weekly-Purchases><purchase-count>15</purchase-count><purchase-value>16.50</purchase-value></Weekly-Purchases><total-purchase-count>26</total-purchase-count><total-purchase-value>132.60</total-purchase-value></Location-Details><Location-Details><Location-details><Location-Number>1007</Location-Number><Location-Name>Store 10, 7</Location-Name></Location-details><months>10</months><Monthly-Sales><sales-count>7</sales-count><sales-value>21.70</sales-value></Monthly-Sales><Monthly-Sales><sales-count>8</sales-count><sales-value>24.80</sales-value></Monthly-Sales><Monthly-Sales><sales-count>9</sales-count><sales-value>27.90</sales-value></Monthly-Sales><Monthly-Sales><sales-count>10</sales-count><sales-value>31.00</sales-value></Monthly-Sales><Monthly-Sales><sales-count>11</sales-count><sales-value>34.10</sales-value></Monthly-Sales><Monthly-Sales><sales-count>12</sales-count><sales-value>37.20</sales-value></Monthly-Sales><Monthly-Sales><sales-count>13</sales-count><sales-value>40.30</sales-value></Monthly-Sales><Monthly-Sales><sales-count>14</sales-count><sales-value>43.40</sales-value></Monthly-Sales><Monthly-Sales><sales-count>15</sales-count><sales-value>46.50</sales-value></Monthly-Sales><Monthly-Sales><sales-count>16</sales-count><sales-value>49.60</sales-value></Monthly-Sales><total-sales>1007.00</total-sales><week-no>7</week-no><Weekly-Purchases><purchase-count>10</purchase-count><purchase-value>11.00</purchase-value></Weekly-Purchases><Weekly-Purchases><purchase-count>11</purchase-count><purchase-value>12.10</purchase-value></Weekly-Purchases><Weekly-Purchases><purchase-count>12</purchase-count><purchase-value>13.20</purchase-value></Weekly-Purchases><Weekly-Purchases><purchase-count>13</purchase-count><purchase-value>14.30</purchase-value></Weekly-Purchases><Weekly-Purchases><purchase-count>14</purchase-count><purchase-value>15.40</purchase-value></Weekly-Purchases><Weekly-Purchases><purchase-count>15</purchase-count><purchase-value>16.50</purchase-value></Weekly-Purchases><Weekly-Purchases><purchase-count>16</purchase-count><purchase-value>17.60</purchase-value></Weekly-Purchases><total-purchase-count>40</total-purchase-count><total-purchase-value>204.00</total-purchase-value></Location-Details><Location-Details><Location-details><Location-Number>1107</Location-Number><Location-Name>Store 11, 7</Location-Name></Location-details><months>11</months><Monthly-Sales><sales-count>7</sales-count><sales-value>21.70</sales-value></Monthly-Sales><Monthly-Sales><sales-count>8</sales-count><sales-value>24.80</sales-value></Monthly-Sales><Monthly-Sales><sales-count>9</sales-count><sales-value>27.90</sales-value></Monthly-Sales><Monthly-Sales><sales-count>10</sales-count><sales-value>31.00</sales-value></Monthly-Sales><Monthly-Sales><sales-count>11</sales-count><sales-value>34.10</sales-value></Monthly-Sales><Monthly-Sales><sales-count>12</sales-count><sales-value>37.20</sales-value></Monthly-Sales><Monthly-Sales><sales-count>13</sales-count><sales-value>40.30</sales-value></Monthly-Sales><Monthly-Sales><sales-count>14</sales-count><sales-value>43.40</sales-value></Monthly-Sales><Monthly-Sales><sales-count>15</sales-count><sales-value>46.50</sales-value></Monthly-Sales><Monthly-Sales><sales-count>16</sales-count><sales-value>49.60</sales-value></Monthly-Sales><Monthly-Sales><sales-count>17</sales-count><sales-value>52.70</sales-value></Monthly-Sales><total-sales>1107.00</total-sales><week-no>7</week-no><Weekly-Purchases><purchase-count>11</purchase-count><purchase-value>12.10</purchase-value></Weekly-Purchases><Weekly-Purchases><purchase-count>12</purchase-count><purchase-value>13.20</purchase-value></Weekly-Purchases><Weekly-Purchases><purchase-count>13</purchase-count><purchase-value>14.30</purchase-value></Weekly-Purchases><Weekly-Purchases><purchase-count>14</purchase-count><purchase-value>15.40</purchase-value></Weekly-Purchases><Weekly-Purchases><purchase-count>15</purchase-count><purchase-value>16.50</purchase-value></Weekly-Purchases><Weekly-Purchases><purchase-count>16</purchase-count><purchase-value>17.60</purchase-value></Weekly-Purchases><Weekly-Purchases><purchase-count>17</purchase-count><purchase-value>18.70</purchase-value></Weekly-Purchases><total-purchase-count>54</total-purchase-count><total-purchase-value>275.40</total-purchase-value></Location-Details><Location-Details><Location-details><Location-Number>1207</Location-Number><Location-Name>Store 12, 7</Location-Name></Location-details><months>12</months><Monthly-Sales><sales-count>7</sales-count><sales-value>21.70</sales-value></Monthly-Sales><Monthly-Sales><sales-count>8</sales-count><sales-value>24.80</sales-value></Monthly-Sales><Monthly-Sales><sales-count>9</sales-count><sales-value>27.90</sales-value></Monthly-Sales><Monthly-Sales><sales-count>10</sales-count><sales-value>31.00</sales-value></Monthly-Sales><Monthly-Sales><sales-count>11</sales-count><sales-value>34.10</sales-value></Monthly-Sales><Monthly-Sales><sales-count>12</sales-count><sales-value>37.20</sales-value></Monthly-Sales><Monthly-Sales><sales-count>13</sales-count><sales-value>40.30</sales-value></Monthly-Sales><Monthly-Sales><sales-count>14</sales-count><sales-value>43.40</sales-value></Monthly-Sales><Monthly-Sales><sales-count>15</sales-count><sales-value>46.50</sales-value></Monthly-Sales><Monthly-Sales><sales-count>16</sales-count><sales-value>49.60</sales-value></Monthly-Sales><Monthly-Sales><sales-count>17</sales-count><sales-value>52.70</sales-value></Monthly-Sales><Monthly-Sales><sales-count>18</sales-count><sales-value>55.80</sales-value></Monthly-Sales><total-sales>1207.00</total-sales><week-no>7</week-no><Weekly-Purchases><purchase-count>12</purchase-count><purchase-value>13.20</purchase-value></Weekly-Purchases><Weekly-Purchases><purchase-count>13</purchase-count><purchase-value>14.30</purchase-value></Weekly-Purchases><Weekly-Purchases><purchase-count>14</purchase-count><purchase-value>15.40</purchase-value></Weekly-Purchases><Weekly-Purchases><purchase-count>15</purchase-count><purchase-value>16.50</purchase-value></Weekly-Purchases><Weekly-Purchases><purchase-count>16</purchase-count><purchase-value>17.60</purchase-value></Weekly-Purchases><Weekly-Purchases><purchase-count>17</purchase-count><purchase-value>18.70</purchase-value></Weekly-Purchases><Weekly-Purchases><purchase-count>18</purchase-count><purchase-value>19.80</purchase-value></Weekly-Purchases><total-purchase-count>68</total-purchase-count><total-purchase-value>346.80</total-purchase-value></Location-Details></CobolData>