<?xml version="1.0" encoding="UTF-8"?><CobolData><Location-Details><Location-details><Location-Number>4</Location-Number><Location-Name>Store 0, 4</Location-Name></Location-details><total-sales>4.00</total-sales><week-no>4</week-no><months>0</months><Weekly-Purchases><purchase-count>0</purchase-count><purchase-value>0.00</purchase-value></Weekly-Purchases><Weekly-Purchases><purchase-count>1</purchase-count><purchase-value>1.10</purchase-value></Weekly-Purchases><Weekly-Purchases><purchase-count>2</purchase-count><purchase-value>2.20</purchase-value></Weekly-Purchases><Weekly-Purchases><purchase-count>3</purchase-count><purchase-value>3.30</purchase-value></Weekly-Purchases><total-purchase-count>0</total-purchase-count><total-purchase-value>0.00</total-purchase-value></Location-Details><Location-Details><Location-details><Location-Number>104</Location-Number><Location-Name>Store 1, 4</Location-Name></Location-details><total-sales>104.00</total-sales><week-no>4</week-no><months>1</months><Monthly-Sales><sales-count>4</sales-count><sales-value>12.40</sales-value></Monthly-Sales><Weekly-Purchases><purchase-count>1</purchase-count><purchase-value>1.10</purchase-value></Weekly-Purchases><Weekly-Purchases><purchase-count>2</purchase-count><purchase-value>2.20</purchase-value></Weekly-Purchases><Weekly-Purchases><purchase-count>3</purchase-count><purchase-value>3.30</purchase-value></Weekly-Purchases><Weekly-Purchases><purchase-count>4</purchase-count><purchase-value>4.40</purchase-value></Weekly-Purchases><total-purchase-count>8</total-purchase-count><total-purchase-value>40.80</total-purchase-value></Location-Details><Location-Details><Location-details><Location-Number>204</Location-Number><Location-Name>Store 2, 4</Location-Name></Location-details><total-sales>204.00</total-sales><week-no>4</week-no><months>2</months><Monthly-Sales><sales-count>4</sales-count><sales-value>12.40</sales-value></Monthly-Sales><Monthly-Sales><sales-count>5</sales-count><sales-value>15.50</sales-value></Monthly-Sales><Weekly-Purchases><purchase-count>2</purchase-count><purchase-value>2.20</purchase-value></Weekly-Purchases><Weekly-Purchases><purchase-count>3</purchase-count><purchase-value>3.30</purchase-value></Weekly-Purchases><Weekly-Purchases><purchase-count>4</purchase-count><purchase-value>4.40</purchase-value></Weekly-Purchases><Weekly-Purchases><purchase-count>5</purchase-count><purchase-value>5.50</purchase-value></Weekly-Purchases><total-purchase-count>16</total-purchase-count><total-purchase-value>81.60</total-purchase-value></Location-Details><Location-Details><Location-details><Location-Number>304</Location-Number><Location-Name>Store 3, 4</Location-Name></Location-details><total-sales>304.00</total-sales><week-no>4</week-no><months>3</months><Monthly-Sales><sales-count>4</sales-count><sales-value>12.40</sales-value></Monthly-Sales><Monthly-Sales><sales-count>5</sales-count><sales-value>15.50</sales-value></Monthly-Sales><Monthly-Sales><sales-count>6</sales-count><sales-value>18.60</sales-value></Monthly-Sales><Weekly-Purchases><purchase-count>3</purchase-count><purchase-value>3.30</purchase-value></Weekly-Purchases><Weekly-Purchases><purchase-count>4</purchase-count><purchase-value>4.40</purchase-value></Weekly-Purchases><Weekly-Purchases><purchase-count>5</purchase-count><purchase-value>5.50</purchase-value></Weekly-Purchases><Weekly-Purchases><purchase-count>6</purchase-count><purchase-value>6.60</purchase-value></Weekly-Purchases><total-purchase-count>24</total-purchase-count><total-purchase-value>122.40</total-purchase-value></Location-Details><Location-Details><Location-details><Location-Number>404</Location-Number><Location-Name>Store 4, 4</Location-Name></Location-details><total-sales>404.00</total-sales><week-no>4</week-no><months>4</months><Monthly-Sales><sales-count>4</sales-count><sales-value>12.40</sales-value></Monthly-Sales><Monthly-Sales><sales-count>5</sales-count><sales-value>15.50</sales-value></Monthly-Sales><Monthly-Sales><sales-count>6</sales-count><sales-value>18.60</sales-value></Monthly-Sales><Monthly-Sales><sales-count>7</sales-count><sales-value>21.70</sales-value></Monthly-Sales><Weekly-Purchases><purchase-count>4</purchase-count><purchase-value>4.40</purchase-value></Weekly-Purchases><Weekly-Purchases><purchase-count>5</purchase-count><purchase-value>5.50</purchase-value></Weekly-Purchases><Weekly-Purchases><purchase-count>6</purchase-count><purchase-value>6.60</purchase-value></Weekly-Purchases><Weekly-Purchases><purchase-count>7</purchase-count><purchase-value>7.70</purchase-value></Weekly-Purchases><total-purchase-count>32</total-purchase-count><total-purchase-value>163.20</total-purchase-value></Location-Details><Location-Details><Location-details><Location-Number>504</Location-Number><Location-Name>Store 5, 4</Location-Name></Location-details><total-sales>504.00</total-sales><week-no>4</week-no><months>5</months><Monthly-Sales><sales-count>4</sales-count><sales-value>12.40</sales-value></Monthly-Sales><Monthly-Sales><sales-count>5</sales-count><sales-value>15.50</sales-value></Monthly-Sales><Monthly-Sales><sales-count>6</sales-count><sales-value>18.60</sales-value></Monthly-Sales><Monthly-Sales><sales-count>7</sales-count><sales-value>21.70</sales-value></Monthly-Sales><Monthly-Sales><sales-count>8</sales-count><sales-value>24.80</sales-value></Monthly-Sales><Weekly-Purchases><purchase-count>5</purchase-count><purchase-value>5.50</purchase-value></Weekly-Purchases><Weekly-Purchases><purchase-count>6</purchase-count><purchase-value>6.60</purchase-value></Weekly-Purchases><Weekly-Purchases><purchase-count>7</purchase-count><purchase-value>7.70</purchase-value></Weekly-Purchases><Weekly-Purchases><purchase-count>8</purchase-count><purchase-value>8.80</purchase-value></Weekly-Purchases><total-purchase-count>40</total-purchase-count><total-purchase-value>204.00</total-purchase-value></Location-Details><Location-Details><Location-details><Location-Number>604</Location-Number><Location-Name>Store 6, 4</Location-Name></Location-details><total-sales>604.00</total-sales><week-no>4</week-no><months>6</months><Monthly-Sales><sales-count>4</sales-count><sales-value>12.40</sales-value></Monthly-Sales><Monthly-Sales><sales-count>5</sales-count><sales-value>15.50</sales-value></Monthly-Sales><Monthly-Sales><sales-count>6</sales-count><sales-value>18.60</sales-value></Monthly-Sales><Monthly-Sales><sales-count>7</sales-count><sales-value>21.70</sales-value></Monthly-Sales><Monthly-Sales><sales-count>8</sales-count><sales-value>24.80</sales-value></Monthly-Sales><Monthly-Sales><sales-count>9</sales-count><sales-value>27.90</sales-value></Monthly-Sales><Weekly-Purchases><purchase-count>6</purchase-count><purchase-value>6.60</purchase-value></Weekly-Purchases><Weekly-Purchases><purchase-count>7</purchase-count><purchase-value>7.70</purchase-value></Weekly-Purchases><Weekly-Purchases><purchase-count>8</purchase-count><purchase-value>8.80</purchase-value></Weekly-Purchases><Weekly-Purchases><purchase-count>9</purchase-count><purchase-value>9.90</purchase-value></Weekly-Purchases><total-purchase-count>48</total-purchase-count><total-purchase-value>244.80</total-purchase-value></Location-Details><Location-Details><Location-details><Location-Number>704</Location-Number><Location-Name>Store 7, 4</Location-Name></Location-details><total-sales>704.00</total-sales><week-no>4</week-no><months>7</months><Monthly-Sales><sales-count>4</sales-count><sales-value>12.40</sales-value></Monthly-Sales><Monthly-Sales><sales-count>5</sales-count><sales-value>15.50</sales-value></Monthly-Sales><Monthly-Sales><sales-count>6</sales-count><sales-value>18.60</sales-value></Monthly-Sales><Monthly-Sales><sales-count>7</sales-count><sales-value>21.70</sales-value></Monthly-Sales><Monthly-Sales><sales-count>8</sales-count><sales-value>24.80</sales-value></Monthly-Sales><Monthly-Sales><sales-count>9</sales-count><sales-value>27.90</sales-value></Monthly-Sales><Monthly-Sales><sales-count>10</sales-count><sales-value>31.00</sales-value></Monthly-Sales><Weekly-Purchases><purchase-count>7</purchase-count><purchase-value>7.70</purchase-value></Weekly-Purchases><Weekly-Purchases><purchase-count>8</purchase-count><purchase-value>8.80</purchase-value></Weekly-Purchases><Weekly-Purchases><purchase-count>9</purchase-count><purchase-value>9.90</purchase-value></Weekly-Purchases><Weekly-Purchases><purchase-count>10</purchase-count><purchase-value>11.00</purchase-value></Weekly-Purchases><total-purchase-count>56</total-purchase-count><total-purchase-value>285.60</total-purchase-value></Location-Details><Location-Details><Location-details><Location-Number>804</Location-Number><Location-Name>Store 8, 4</Location-Name></Location-details><total-sales>804.00</total-sales><week-no>4</week-no><months>8</months><Monthly-Sales><sales-count>4</sales-count><sales-value>12.40</sales-value></Monthly-Sales><Monthly-Sales><sales-count>5</sales-count><sales-value>15.50</sales-value></Monthly-Sales><Monthly-Sales><sales-count>6</sales-count><sales-value>18.60</sales-value></Monthly-Sales><Monthly-Sales><sales-count>7</sales-count><sales-value>21.70</sales-value></Monthly-Sales><Monthly-Sales><sales-count>8</sales-count><sales-value>24.80</sales-value></Monthly-Sales><Monthly-Sales><sales-count>9</sales-count><sales-value>27.90</sales-value></Monthly-Sales><Monthly-Sales><sales-count>10</sales-count><sales-value>31.00</sales-value></Monthly-Sales><Monthly-Sales><sales-count>11</sales-count><sales-value>34.10</sales-value></Monthly-Sales><Weekly-Purchases><purchase-count>8</purchase-count><purchase-value>8.80</purchase-value></Weekly-Purchases><Weekly-Purchases><purchase-count>9</purchase-count><purchase-value>9.90</purchase-value></Weekly-Purchases><Weekly-Purchases><purchase-count>10</purchase-count><purchase-value>11.00</purchase-value></Weekly-Purchases><Weekly-Purchases><purchase-count>11</purchase-count><purchase-value>12.10</purchase-value></Weekly-Purchases><total-purchase-count>64</total-purchase-count><total-purchase-value>326.40</total-purchase-value></Location-Details><Location-Details><Location-details><Location-Number>904</Location-Number><Location-Name>Store 9, 4</Location-Name></Location-details><total-sales>904.00</total-sales><week-no>4</week-no><months>9</months><Monthly-Sales><sales-count>4</sales-count><sales-value>12.40</sales-value></Monthly-Sales><Monthly-Sales><sales-count>5</sales-count><sales-value>15.50</sales-value></Monthly-Sales><Monthly-Sales><sales-count>6</sales-count><sales-value>18.60</sales-value></Monthly-Sales><Monthly-Sales><sales-count>7</sales-count><sales-value>21.70</sales-value></Monthly-Sales><Monthly-Sales><sales-count>8</sales-count><sales-value>24.80</sales-value></Monthly-Sales><Monthly-Sales><sales-count>9</sales-count><sales-value>27.90</sales-value></Monthly-Sales><Monthly-Sales><sales-count>10</sales-count><sales-value>31.00</sales-value></Monthly-Sales><Monthly-Sales><sales-count>11</sales-count><sales-value>34.10</sales-value></Monthly-Sales><Monthly-Sales><sales-count>12</sales-count><sales-value>37.20</sales-value></Monthly-Sales><Weekly-Purchases><purchase-count>9</purchase-count><purchase-value>9.90</purchase-value></Weekly-Purchases><Weekly-Purchases><purchase-count>10</purchase-count><purchase-value>11.00</purchase-value></Weekly-Purchases><Weekly-Purchases><purchase-count>11</purchase-count><purchase-value>12.10</purchase-value></Weekly-Purchases><Weekly-Purchases><purchase-count>12</purchase-count><purchase-value>13.20</purchase-value></Weekly-Purchases><total-purchase-count>72</total-purchase-count><total-purchase-value>367.20</total-purchase-value></Location-Details><Location-Details><Location-details><Location-Number>1004</Location-Number><Location-Name>Store 10, 4</Location-Name></Location-details><total-sales>1004.00</total-sales><week-no>4</week-no><months>10</months><Monthly-Sales><sales-count>4</sales-count><sales-value>12.40</sales-value></Monthly-Sales><Monthly-Sales><sales-count>5</sales-count><sales-value>15.50</sales-value></Monthly-Sales><Monthly-Sales><sales-count>6</sales-count><sales-value>18.60</sales-value></Monthly-Sales><Monthly-Sales><sales-count>7</sales-count><sales-value>21.70</sales-value></Monthly-Sales><Monthly-Sales><sales-count>8</sales-count><sales-value>24.80</sales-value></Monthly-Sales><Monthly-Sales><sales-count>9</sales-count><sales-value>27.90</sales-value></Monthly-Sales><Monthly-Sales><sales-count>10</sales-count><sales-value>31.00</sales-value></Monthly-Sales><Monthly-Sales><sales-count>11</sales-count><sales-value>34.10</sales-value></Monthly-Sales><Monthly-Sales><sales-count>12</sales-count><sales-value>37.20</sales-value></Monthly-Sales><Monthly-Sales><sales-count>13</sales-count><sales-value>40.30</sales-value></Monthly-Sales><Weekly-Purchases><purchase-count>10</purchase-count><purchase-value>11.00</purchase-value></Weekly-Purchases><Weekly-Purchases><purchase-count>11</purchase-count><purchase-value>12.10</purchase-value></Weekly-Purchases><Weekly-Purchases><purchase-count>12</purchase-count><purchase-value>13.20</purchase-value></Weekly-Purchases><Weekly-Purchases><purchase-count>13</purchase-count><purchase-value>14.30</purchase-value></Weekly-Purchases><total-purchase-count>80</total-purchase-count><total-purchase-value>408.00</total-purchase-value></Location-Details><Location-Details><Location-details><Location-Number>1104</Location-Number><Location-Name>Store 11, 4</Location-Name></Location-details><total-sales>1104.00</total-sales><week-no>4</week-no><months>11</months><Monthly-Sales><sales-count>4</sales-count><sales-value>12.40</sales-value></Monthly-Sales><Monthly-Sales><sales-count>5</sales-count><sales-value>15.50</sales-value></Monthly-Sales><Monthly-Sales><sales-count>6</sales-count><sales-value>18.60</sales-value></Monthly-Sales><Monthly-Sales><sales-count>7</sales-count><sales-value>21.70</sales-value></Monthly-Sales><Monthly-Sales><sales-count>8</sales-count><sales-value>24.80</sales-value></Monthly-Sales><Monthly-Sales><sales-count>9</sales-count><sales-value>27.90</sales-value></Monthly-Sales><Monthly-Sales><sales-count>10</sales-count><sales-value>31.00</sales-value></Monthly-Sales><Monthly-Sales><sales-count>11</sales-count><sales-value>34.10</sales-value></Monthly-Sales><Monthly-Sales><sales-count>12</sales-count><sales-value>37.20</sales-value></Monthly-Sales><Monthly-Sales><sales-count>13</sales-count><sales-value>40.30</sales-value></Monthly-Sales><Monthly-Sales><sales-count>14</sales-count><sales-value>43.40</sales-value></Monthly-Sales><Weekly-Purchases><purchase-count>11</purchase-count><purchase-value>12.10</purchase-value></Weekly-Purchases><Weekly-Purchases><purchase-count>12</purchase-count><purchase-value>13.20</purchase-value></Weekly-Purchases><Weekly-Purchases><purchase-count>13</purchase-count><purchase-value>14.30</purchase-value></Weekly-Purchases><Weekly-Purchases><purchase-count>14</purchase-count><purchase-value>15.40</purchase-value></Weekly-Purchases><total-purchase-count>88</total-purchase-count><total-purchase-value>448.80</total-purchase-value></Location-Details><Location-Details><Location-details><Location-Number>1204</Location-Number><Location-Name>Store 12, 4</Location-Name></Location-details><total-sales>1204.00</total-sales><week-no>4</week-no><months>12</months><Monthly-Sales><sales-count>4</sales-count><sales-value>12.40</sales-value></Monthly-Sales><Monthly-Sales><sales-count>5</sales-count><sales-value>15.50</sales-value></Monthly-Sales><Monthly-Sales><sales-count>6</sales-count><sales-value>18.60</sales-value></Monthly-Sales><Monthly-Sales><sales-count>7</sales-count><sales-value>21.70</sales-value></Monthly-Sales><Monthly-Sales><sales-count>8</sales-count><sales-value>24.80</sales-value></Monthly-Sales><Monthly-Sales><sales-count>9</sales-count><sales-value>27.90</sales-value></Monthly-Sales><Monthly-Sales><sales-count>10</sales-count><sales-value>31.00</sales-value></Monthly-Sales><Monthly-Sales><sales-count>11</sales-count><sales-value>34.10</sales-value></Monthly-Sales><Monthly-Sales><sales-count>12</sales-count><sales-value>37.20</sales-value></Monthly-Sales><Monthly-Sales><sales-count>13</sales-count><sales-value>40.30</sales-value></Monthly-Sales><Monthly-Sales><sales-count>14</sales-count><sales-value>43.40</sales-value></Monthly-Sales><Monthly-Sales><sales-count>15</sales-count><sales-value>46.50</sales-value></Monthly-Sales><Weekly-Purchases><purchase-count>12</purchase-count><purchase-value>13.20</purchase-value></Weekly-Purchases><Weekly-Purchases><purchase-count>13</purchase-count><purchase-value>14.30</purchase-value></Weekly-Purchases><Weekly-Purchases><purchase-count>14</purchase-count><purchase-value>15.40</purchase-value></Weekly-Purchases><Weekly-Purchases><purchase-count>15</purchase-count><purchase-value>16.50</purchase-value></Weekly-Purchases><total-purchase-count>96</total-purchase-count><total-purchase-value>489.60</total-purchase-value></Location-Details></CobolData>