<?xml version="1.0" encoding="UTF-8"?><CobolData><Location-Details><Location-details><Location-Number>0</Location-Number><Location-Name>Store 0, 0</Location-Name></Location-details><total-sales>0.00</total-sales><week-no>0</week-no><months>0</months><total-purchase-count>0</total-purchase-count><total-purchase-value>0.00</total-purchase-value></Location-Details><Location-Details><Location-details><Location-Number>100</Location-Number><Location-Name>Store 1, 0</Location-Name></Location-details><total-sales>100.00</total-sales><week-no>0</week-no><months>1</months><Monthly-Sales><sales-count>0</sales-count><sales-value>0.00</sales-value></Monthly-Sales><total-purchase-count>0</total-purchase-count><total-purchase-value>0.00</total-purchase-value></Location-Details><Location-Details><Location-details><Location-Number>200</Location-Number><Location-Name>Store 2, 0</Location-Name></Location-details><total-sales>200.00</total-sales><week-no>0</week-no><months>2</months><Monthly-Sales><sales-count>0</sales-count><sales-value>0.00</sales-value></Monthly-Sales><Monthly-Sales><sales-count>1</sales-count><sales-value>3.10</sales-value></Monthly-Sales><total-purchase-count>0</total-purchase-count><total-purchase-value>0.00</total-purchase-value></Location-Details><Location-Details><Location-details><Location-Number>300</Location-Number><Location-Name>Store 3, 0</Location-Name></Location-details><total-sales>300.00</total-sales><week-no>0</week-no><months>3</months><Monthly-Sales><sales-count>0</sales-count><sales-value>0.00</sales-value></Monthly-Sales><Monthly-Sales><sales-count>1</sales-count><sales-value>3.10</sales-value></Monthly-Sales><Monthly-Sales><sales-count>2</sales-count><sales-value>6.20</sales-value></Monthly-Sales><total-purchase-count>0</total-purchase-count><total-purchase-value>0.00</total-purchase-value></Location-Details><Location-Details><Location-details><Location-Number>400</Location-Number><Location-Name>Store 4, 0</Location-Name></Location-details><total-sales>400.00</total-sales><week-no>0</week-no><months>4</months><Monthly-Sales><sales-count>0</sales-count><sales-value>0.00</sales-value></Monthly-Sales><Monthly-Sales><sales-count>1</sales-count><sales-value>3.10</sales-value></Monthly-Sales><Monthly-Sales><sales-count>2</sales-count><sales-value>6.20</sales-value></Monthly-Sales><Monthly-Sales><sales-count>3</sales-count><sales-value>9.30</sales-value></Monthly-Sales><total-purchase-count>0</total-purchase-count><total-purchase-value>0.00</total-purchase-value></Location-Details><Location-Details><Location-details><Location-Number>500</Location-Number><Location-Name>Store 5, 0</Location-Name></Location-details><total-sales>500.00</total-sales><week-no>0</week-no><months>5</months><Monthly-Sales><sales-count>0</sales-count><sales-value>0.00</sales-value></Monthly-Sales><Monthly-Sales><sales-count>1</sales-count><sales-value>3.10</sales-value></Monthly-Sales><Monthly-Sales><sales-count>2</sales-count><sales-value>6.20</sales-value></Monthly-Sales><Monthly-Sales><sales-count>3</sales-count><sales-value>9.30</sales-value></Monthly-Sales><Monthly-Sales><sales-count>4</sales-count><sales-value>12.40</sales-value></Monthly-Sales><total-purchase-count>0</total-purchase-count><total-purchase-value>0.00</total-purchase-value></Location-Details><Location-Details><Location-details><Location-Number>600</Location-Number><Location-Name>Store 6, 0</Location-Name></Location-details><total-sales>600.00</total-sales><week-no>0</week-no><months>6</months><Monthly-Sales><sales-count>0</sales-count><sales-value>0.00</sales-value></Monthly-Sales><Monthly-Sales><sales-count>1</sales-count><sales-value>3.10</sales-value></Monthly-Sales><Monthly-Sales><sales-count>2</sales-count><sales-value>6.20</sales-value></Monthly-Sales><Monthly-Sales><sales-count>3</sales-count><sales-value>9.30</sales-value></Monthly-Sales><Monthly-Sales><sales-count>4</sales-count><sales-value>12.40</sales-value></Monthly-Sales><Monthly-Sales><sales-count>5</sales-count><sales-value>15.50</sales-value></Monthly-Sales><total-purchase-count>0</total-purchase-count><total-purchase-value>0.00</total-purchase-value></Location-Details><Location-Details><Location-details><Location-Number>700</Location-Number><Location-Name>Store 7, 0</Location-Name></Location-details><total-sales>700.00</total-sales><week-no>0</week-no><months>7</months><Monthly-Sales><sales-count>0</sales-count><sales-value>0.00</sales-value></Monthly-Sales><Monthly-Sales><sales-count>1</sales-count><sales-value>3.10</sales-value></Monthly-Sales><Monthly-Sales><sales-count>2</sales-count><sales-value>6.20</sales-value></Monthly-Sales><Monthly-Sales><sales-count>3</sales-count><sales-value>9.30</sales-value></Monthly-Sales><Monthly-Sales><sales-count>4</sales-count><sales-value>12.40</sales-value></Monthly-Sales><Monthly-Sales><sales-count>5</sales-count><sales-value>15.50</sales-value></Monthly-Sales><Monthly-Sales><sales-count>6</sales-count><sales-value>18.60</sales-value></Monthly-Sales><total-purchase-count>0</total-purchase-count><total-purchase-value>0.00</total-purchase-value></Location-Details><Location-Details><Location-details><Location-Number>800</Location-Number><Location-Name>Store 8, 0</Location-Name></Location-details><total-sales>800.00</total-sales><week-no>0</week-no><months>8</months><Monthly-Sales><sales-count>0</sales-count><sales-value>0.00</sales-value></Monthly-Sales><Monthly-Sales><sales-count>1</sales-count><sales-value>3.10</sales-value></Monthly-Sales><Monthly-Sales><sales-count>2</sales-count><sales-value>6.20</sales-value></Monthly-Sales><Monthly-Sales><sales-count>3</sales-count><sales-value>9.30</sales-value></Monthly-Sales><Monthly-Sales><sales-count>4</sales-count><sales-value>12.40</sales-value></Monthly-Sales><Monthly-Sales><sales-count>5</sales-count><sales-value>15.50</sales-value></Monthly-Sales><Monthly-Sales><sales-count>6</sales-count><sales-value>18.60</sales-value></Monthly-Sales><Monthly-Sales><sales-count>7</sales-count><sales-value>21.70</sales-value></Monthly-Sales><total-purchase-count>0</total-purchase-count><total-purchase-value>0.00</total-purchase-value></Location-Details><Location-Details><Location-details><Location-Number>900</Location-Number><Location-Name>Store 9, 0</Location-Name></Location-details><total-sales>900.00</total-sales><week-no>0</week-no><months>9</months><Monthly-Sales><sales-count>0</sales-count><sales-value>0.00</sales-value></Monthly-Sales><Monthly-Sales><sales-count>1</sales-count><sales-value>3.10</sales-value></Monthly-Sales><Monthly-Sales><sales-count>2</sales-count><sales-value>6.20</sales-value></Monthly-Sales><Monthly-Sales><sales-count>3</sales-count><sales-value>9.30</sales-value></Monthly-Sales><Monthly-Sales><sales-count>4</sales-count><sales-value>12.40</sales-value></Monthly-Sales><Monthly-Sales><sales-count>5</sales-count><sales-value>15.50</sales-value></Monthly-Sales><Monthly-Sales><sales-count>6</sales-count><sales-value>18.60</sales-value></Monthly-Sales><Monthly-Sales><sales-count>7</sales-count><sales-value>21.70</sales-value></Monthly-Sales><Monthly-Sales><sales-count>8</sales-count><sales-value>24.80</sales-value></Monthly-Sales><total-purchase-count>0</total-purchase-count><total-purchase-value>0.00</total-purchase-value></Location-Details><Location-Details><Location-details><Location-Number>1000</Location-Number><Location-Name>Store 10, 0</Location-Name></Location-details><total-sales>1000.00</total-sales><week-no>0</week-no><months>10</months><Monthly-Sales><sales-count>0</sales-count><sales-value>0.00</sales-value></Monthly-Sales><Monthly-Sales><sales-count>1</sales-count><sales-value>3.10</sales-value></Monthly-Sales><Monthly-Sales><sales-count>2</sales-count><sales-value>6.20</sales-value></Monthly-Sales><Monthly-Sales><sales-count>3</sales-count><sales-value>9.30</sales-value></Monthly-Sales><Monthly-Sales><sales-count>4</sales-count><sales-value>12.40</sales-value></Monthly-Sales><Monthly-Sales><sales-count>5</sales-count><sales-value>15.50</sales-value></Monthly-Sales><Monthly-Sales><sales-count>6</sales-count><sales-value>18.60</sales-value></Monthly-Sales><Monthly-Sales><sales-count>7</sales-count><sales-value>21.70</sales-value></Monthly-Sales><Monthly-Sales><sales-count>8</sales-count><sales-value>24.80</sales-value></Monthly-Sales><Monthly-Sales><sales-count>9</sales-count><sales-value>27.90</sales-value></Monthly-Sales><total-purchase-count>0</total-purchase-count><total-purchase-value>0.00</total-purchase-value></Location-Details><Location-Details><Location-details><Location-Number>1100</Location-Number><Location-Name>Store 11, 0</Location-Name></Location-details><total-sales>1100.00</total-sales><week-no>0</week-no><months>11</months><Monthly-Sales><sales-count>0</sales-count><sales-value>0.00</sales-value></Monthly-Sales><Monthly-Sales><sales-count>1</sales-count><sales-value>3.10</sales-value></Monthly-Sales><Monthly-Sales><sales-count>2</sales-count><sales-value>6.20</sales-value></Monthly-Sales><Monthly-Sales><sales-count>3</sales-count><sales-value>9.30</sales-value></Monthly-Sales><Monthly-Sales><sales-count>4</sales-count><sales-value>12.40</sales-value></Monthly-Sales><Monthly-Sales><sales-count>5</sales-count><sales-value>15.50</sales-value></Monthly-Sales><Monthly-Sales><sales-count>6</sales-count><sales-value>18.60</sales-value></Monthly-Sales><Monthly-Sales><sales-count>7</sales-count><sales-value>21.70</sales-value></Monthly-Sales><Monthly-Sales><sales-count>8</sales-count><sales-value>24.80</sales-value></Monthly-Sales><Monthly-Sales><sales-count>9</sales-count><sales-value>27.90</sales-value></Monthly-Sales><Monthly-Sales><sales-count>10</sales-count><sales-value>31.00</sales-value></Monthly-Sales><total-purchase-count>0</total-purchase-count><total-purchase-value>0.00</total-purchase-value></Location-Details><Location-Details><Location-details><Location-Number>1200</Location-Number><Location-Name>Store 12, 0</Location-Name></Location-details><total-sales>1200.00</total-sales><week-no>0</week-no><months>12</months><Monthly-Sales><sales-count>0</sales-count><sales-value>0.00</sales-value></Monthly-Sales><Monthly-Sales><sales-count>1</sales-count><sales-value>3.10</sales-value></Monthly-Sales><Monthly-Sales><sales-count>2</sales-count><sales-value>6.20</sales-value></Monthly-Sales><Monthly-Sales><sales-count>3</sales-count><sales-value>9.30</sales-value></Monthly-Sales><Monthly-Sales><sales-count>4</sales-count><sales-value>12.40</sales-value></Monthly-Sales><Monthly-Sales><sales-count>5</sales-count><sales-value>15.50</sales-value></Monthly-Sales><Monthly-Sales><sales-count>6</sales-count><sales-value>18.60</sales-value></Monthly-Sales><Monthly-Sales><sales-count>7</sales-count><sales-value>21.70</sales-value></Monthly-Sales><Monthly-Sales><sales-count>8</sales-count><sales-value>24.80</sales-value></Monthly-Sales><Monthly-Sales><sales-count>9</sales-count><sales-value>27.90</sales-value></Monthly-Sales><Monthly-Sales><sales-count>10</sales-count><sales-value>31.00</sales-value></Monthly-Sales><Monthly-Sales><sales-count>11</sales-count><sales-value>34.10</sales-value></Monthly-Sales><total-purchase-count>0</total-purchase-count><total-purchase-value>0.00</total-purchase-value></Location-Details></CobolData>