<?xml version="1.0" encoding="UTF-8"?><CobolData><Location-Details><Location-details><Location-Number>2</Location-Number><Location-Name>Store 0, 2</Location-Name></Location-details><total-sales>2.00</total-sales><week-no>2</week-no><months>0</months><Weekly-Purchases><purchase-count>0</purchase-count><purchase-value>0.00</purchase-value></Weekly-Purchases><Weekly-Purchases><purchase-count>1</purchase-count><purchase-value>1.10</purchase-value></Weekly-Purchases><total-purchase-count>0</total-purchase-count><total-purchase-value>0.00</total-purchase-value></Location-Details><Location-Details><Location-details><Location-Number>102</Location-Number><Location-Name>Store 1, 2</Location-Name></Location-details><total-sales>102.00</total-sales><week-no>2</week-no><months>1</months><Monthly-Sales><sales-count>2</sales-count><sales-value>6.20</sales-value></Monthly-Sales><Weekly-Purchases><purchase-count>1</purchase-count><purchase-value>1.10</purchase-value></Weekly-Purchases><Weekly-Purchases><purchase-count>2</purchase-count><purchase-value>2.20</purchase-value></Weekly-Purchases><total-purchase-count>4</total-purchase-count><total-purchase-value>20.40</total-purchase-value></Location-Details><Location-Details><Location-details><Location-Number>202</Location-Number><Location-Name>Store 2, 2</Location-Name></Location-details><total-sales>202.00</total-sales><week-no>2</week-no><months>2</months><Monthly-Sales><sales-count>2</sales-count><sales-value>6.20</sales-value></Monthly-Sales><Monthly-Sales><sales-count>3</sales-count><sales-value>9.30</sales-value></Monthly-Sales><Weekly-Purchases><purchase-count>2</purchase-count><purchase-value>2.20</purchase-value></Weekly-Purchases><Weekly-Purchases><purchase-count>3</purchase-count><purchase-value>3.30</purchase-value></Weekly-Purchases><total-purchase-count>8</total-purchase-count><total-purchase-value>40.80</total-purchase-value></Location-Details><Location-Details><Location-details><Location-Number>302</Location-Number><Location-Name>Store 3, 2</Location-Name></Location-details><total-sales>302.00</total-sales><week-no>2</week-no><months>3</months><Monthly-Sales><sales-count>2</sales-count><sales-value>6.20</sales-value></Monthly-Sales><Monthly-Sales><sales-count>3</sales-count><sales-value>9.30</sales-value></Monthly-Sales><Monthly-Sales><sales-count>4</sales-count><sales-value>12.40</sales-value></Monthly-Sales><Weekly-Purchases><purchase-count>3</purchase-count><purchase-value>3.30</purchase-value></Weekly-Purchases><Weekly-Purchases><purchase-count>4</purchase-count><purchase-value>4.40</purchase-value></Weekly-Purchases><total-purchase-count>12</total-purchase-count><total-purchase-value>61.20</total-purchase-value></Location-Details><Location-Details><Location-details><Location-Number>402</Location-Number><Location-Name>Store 4, 2</Location-Name></Location-details><total-sales>402.00</total-sales><week-no>2</week-no><months>4</months><Monthly-Sales><sales-count>2</sales-count><sales-value>6.20</sales-value></Monthly-Sales><Monthly-Sales><sales-count>3</sales-count><sales-value>9.30</sales-value></Monthly-Sales><Monthly-Sales><sales-count>4</sales-count><sales-value>12.40</sales-value></Monthly-Sales><Monthly-Sales><sales-count>5</sales-count><sales-value>15.50</sales-value></Monthly-Sales><Weekly-Purchases><purchase-count>4</purchase-count><purchase-value>4.40</purchase-value></Weekly-Purchases><Weekly-Purchases><purchase-count>5</purchase-count><purchase-value>5.50</purchase-value></Weekly-Purchases><total-purchase-count>16</total-purchase-count><total-purchase-value>81.60</total-purchase-value></Location-Details><Location-Details><Location-details><Location-Number>502</Location-Number><Location-Name>Store 5, 2</Location-Name></Location-details><total-sales>502.00</total-sales><week-no>2</week-no><months>5</months><Monthly-Sales><sales-count>2</sales-count><sales-value>6.20</sales-value></Monthly-Sales><Monthly-Sales><sales-count>3</sales-count><sales-value>9.30</sales-value></Monthly-Sales><Monthly-Sales><sales-count>4</sales-count><sales-value>12.40</sales-value></Monthly-Sales><Monthly-Sales><sales-count>5</sales-count><sales-value>15.50</sales-value></Monthly-Sales><Monthly-Sales><sales-count>6</sales-count><sales-value>18.60</sales-value></Monthly-Sales><Weekly-Purchases><purchase-count>5</purchase-count><purchase-value>5.50</purchase-value></Weekly-Purchases><Weekly-Purchases><purchase-count>6</purchase-count><purchase-value>6.60</purchase-value></Weekly-Purchases><total-purchase-count>20</total-purchase-count><total-purchase-value>102.00</total-purchase-value></Location-Details><Location-Details><Location-details><Location-Number>602</Location-Number><Location-Name>Store 6, 2</Location-Name></Location-details><total-sales>602.00</total-sales><week-no>2</week-no><months>6</months><Monthly-Sales><sales-count>2</sales-count><sales-value>6.20</sales-value></Monthly-Sales><Monthly-Sales><sales-count>3</sales-count><sales-value>9.30</sales-value></Monthly-Sales><Monthly-Sales><sales-count>4</sales-count><sales-value>12.40</sales-value></Monthly-Sales><Monthly-Sales><sales-count>5</sales-count><sales-value>15.50</sales-value></Monthly-Sales><Monthly-Sales><sales-count>6</sales-count><sales-value>18.60</sales-value></Monthly-Sales><Monthly-Sales><sales-count>7</sales-count><sales-value>21.70</sales-value></Monthly-Sales><Weekly-Purchases><purchase-count>6</purchase-count><purchase-value>6.60</purchase-value></Weekly-Purchases><Weekly-Purchases><purchase-count>7</purchase-count><purchase-value>7.70</purchase-value></Weekly-Purchases><total-purchase-count>24</total-purchase-count><total-purchase-value>122.40</total-purchase-value></Location-Details><Location-Details><Location-details><Location-Number>702</Location-Number><Location-Name>Store 7, 2</Location-Name></Location-details><total-sales>702.00</total-sales><week-no>2</week-no><months>7</months><Monthly-Sales><sales-count>2</sales-count><sales-value>6.20</sales-value></Monthly-Sales><Monthly-Sales><sales-count>3</sales-count><sales-value>9.30</sales-value></Monthly-Sales><Monthly-Sales><sales-count>4</sales-count><sales-value>12.40</sales-value></Monthly-Sales><Monthly-Sales><sales-count>5</sales-count><sales-value>15.50</sales-value></Monthly-Sales><Monthly-Sales><sales-count>6</sales-count><sales-value>18.60</sales-value></Monthly-Sales><Monthly-Sales><sales-count>7</sales-count><sales-value>21.70</sales-value></Monthly-Sales><Monthly-Sales><sales-count>8</sales-count><sales-value>24.80</sales-value></Monthly-Sales><Weekly-Purchases><purchase-count>7</purchase-count><purchase-value>7.70</purchase-value></Weekly-Purchases><Weekly-Purchases><purchase-count>8</purchase-count><purchase-value>8.80</purchase-value></Weekly-Purchases><total-purchase-count>28</total-purchase-count><total-purchase-value>142.80</total-purchase-value></Location-Details><Location-Details><Location-details><Location-Number>802</Location-Number><Location-Name>Store 8, 2</Location-Name></Location-details><total-sales>802.00</total-sales><week-no>2</week-no><months>8</months><Monthly-Sales><sales-count>2</sales-count><sales-value>6.20</sales-value></Monthly-Sales><Monthly-Sales><sales-count>3</sales-count><sales-value>9.30</sales-value></Monthly-Sales><Monthly-Sales><sales-count>4</sales-count><sales-value>12.40</sales-value></Monthly-Sales><Monthly-Sales><sales-count>5</sales-count><sales-value>15.50</sales-value></Monthly-Sales><Monthly-Sales><sales-count>6</sales-count><sales-value>18.60</sales-value></Monthly-Sales><Monthly-Sales><sales-count>7</sales-count><sales-value>21.70</sales-value></Monthly-Sales><Monthly-Sales><sales-count>8</sales-count><sales-value>24.80</sales-value></Monthly-Sales><Monthly-Sales><sales-count>9</sales-count><sales-value>27.90</sales-value></Monthly-Sales><Weekly-Purchases><purchase-count>8</purchase-count><purchase-value>8.80</purchase-value></Weekly-Purchases><Weekly-Purchases><purchase-count>9</purchase-count><purchase-value>9.90</purchase-value></Weekly-Purchases><total-purchase-count>32</total-purchase-count><total-purchase-value>163.20</total-purchase-value></Location-Details><Location-Details><Location-details><Location-Number>902</Location-Number><Location-Name>Store 9, 2</Location-Name></Location-details><total-sales>902.00</total-sales><week-no>2</week-no><months>9</months><Monthly-Sales><sales-count>2</sales-count><sales-value>6.20</sales-value></Monthly-Sales><Monthly-Sales><sales-count>3</sales-count><sales-value>9.30</sales-value></Monthly-Sales><Monthly-Sales><sales-count>4</sales-count><sales-value>12.40</sales-value></Monthly-Sales><Monthly-Sales><sales-count>5</sales-count><sales-value>15.50</sales-value></Monthly-Sales><Monthly-Sales><sales-count>6</sales-count><sales-value>18.60</sales-value></Monthly-Sales><Monthly-Sales><sales-count>7</sales-count><sales-value>21.70</sales-value></Monthly-Sales><Monthly-Sales><sales-count>8</sales-count><sales-value>24.80</sales-value></Monthly-Sales><Monthly-Sales><sales-count>9</sales-count><sales-value>27.90</sales-value></Monthly-Sales><Monthly-Sales><sales-count>10</sales-count><sales-value>31.00</sales-value></Monthly-Sales><Weekly-Purchases><purchase-count>9</purchase-count><purchase-value>9.90</purchase-value></Weekly-Purchases><Weekly-Purchases><purchase-count>10</purchase-count><purchase-value>11.00</purchase-value></Weekly-Purchases><total-purchase-count>36</total-purchase-count><total-purchase-value>183.60</total-purchase-value></Location-Details><Location-Details><Location-details><Location-Number>1002</Location-Number><Location-Name>Store 10, 2</Location-Name></Location-details><total-sales>1002.00</total-sales><week-no>2</week-no><months>10</months><Monthly-Sales><sales-count>2</sales-count><sales-value>6.20</sales-value></Monthly-Sales><Monthly-Sales><sales-count>3</sales-count><sales-value>9.30</sales-value></Monthly-Sales><Monthly-Sales><sales-count>4</sales-count><sales-value>12.40</sales-value></Monthly-Sales><Monthly-Sales><sales-count>5</sales-count><sales-value>15.50</sales-value></Monthly-Sales><Monthly-Sales><sales-count>6</sales-count><sales-value>18.60</sales-value></Monthly-Sales><Monthly-Sales><sales-count>7</sales-count><sales-value>21.70</sales-value></Monthly-Sales><Monthly-Sales><sales-count>8</sales-count><sales-value>24.80</sales-value></Monthly-Sales><Monthly-Sales><sales-count>9</sales-count><sales-value>27.90</sales-value></Monthly-Sales><Monthly-Sales><sales-count>10</sales-count><sales-value>31.00</sales-value></Monthly-Sales><Monthly-Sales><sales-count>11</sales-count><sales-value>34.10</sales-value></Monthly-Sales><Weekly-Purchases><purchase-count>10</purchase-count><purchase-value>11.00</purchase-value></Weekly-Purchases><Weekly-Purchases><purchase-count>11</purchase-count><purchase-value>12.10</purchase-value></Weekly-Purchases><total-purchase-count>40</total-purchase-count><total-purchase-value>204.00</total-purchase-value></Location-Details><Location-Details><Location-details><Location-Number>1102</Location-Number><Location-Name>Store 11, 2</Location-Name></Location-details><total-sales>1102.00</total-sales><week-no>2</week-no><months>11</months><Monthly-Sales><sales-count>2</sales-count><sales-value>6.20</sales-value></Monthly-Sales><Monthly-Sales><sales-count>3</sales-count><sales-value>9.30</sales-value></Monthly-Sales><Monthly-Sales><sales-count>4</sales-count><sales-value>12.40</sales-value></Monthly-Sales><Monthly-Sales><sales-count>5</sales-count><sales-value>15.50</sales-value></Monthly-Sales><Monthly-Sales><sales-count>6</sales-count><sales-value>18.60</sales-value></Monthly-Sales><Monthly-Sales><sales-count>7</sales-count><sales-value>21.70</sales-value></Monthly-Sales><Monthly-Sales><sales-count>8</sales-count><sales-value>24.80</sales-value></Monthly-Sales><Monthly-Sales><sales-count>9</sales-count><sales-value>27.90</sales-value></Monthly-Sales><Monthly-Sales><sales-count>10</sales-count><sales-value>31.00</sales-value></Monthly-Sales><Monthly-Sales><sales-count>11</sales-count><sales-value>34.10</sales-value></Monthly-Sales><Monthly-Sales><sales-count>12</sales-count><sales-value>37.20</sales-value></Monthly-Sales><Weekly-Purchases><purchase-count>11</purchase-count><purchase-value>12.10</purchase-value></Weekly-Purchases><Weekly-Purchases><purchase-count>12</purchase-count><purchase-value>13.20</purchase-value></Weekly-Purchases><total-purchase-count>44</total-purchase-count><total-purchase-value>224.40</total-purchase-value></Location-Details><Location-Details><Location-details><Location-Number>1202</Location-Number><Location-Name>Store 12, 2</Location-Name></Location-details><total-sales>1202.00</total-sales><week-no>2</week-no><months>12</months><Monthly-Sales><sales-count>2</sales-count><sales-value>6.20</sales-value></Monthly-Sales><Monthly-Sales><sales-count>3</sales-count><sales-value>9.30</sales-value></Monthly-Sales><Monthly-Sales><sales-count>4</sales-count><sales-value>12.40</sales-value></Monthly-Sales><Monthly-Sales><sales-count>5</sales-count><sales-value>15.50</sales-value></Monthly-Sales><Monthly-Sales><sales-count>6</sales-count><sales-value>18.60</sales-value></Monthly-Sales><Monthly-Sales><sales-count>7</sales-count><sales-value>21.70</sales-value></Monthly-Sales><Monthly-Sales><sales-count>8</sales-count><sales-value>24.80</sales-value></Monthly-Sales><Monthly-Sales><sales-count>9</sales-count><sales-value>27.90</sales-value></Monthly-Sales><Monthly-Sales><sales-count>10</sales-count><sales-value>31.00</sales-value></Monthly-Sales><Monthly-Sales><sales-count>11</sales-count><sales-value>34.10</sales-value></Monthly-Sales><Monthly-Sales><sales-count>12</sales-count><sales-value>37.20</sales-value></Monthly-Sales><Monthly-Sales><sales-count>13</sales-count><sales-value>40.30</sales-value></Monthly-Sales><Weekly-Purchases><purchase-count>12</purchase-count><purchase-value>13.20</purchase-value></Weekly-Purchases><Weekly-Purchases><purchase-count>13</purchase-count><purchase-value>14.30</purchase-value></Weekly-Purchases><total-purchase-count>48</total-purchase-count><total-purchase-value>244.80</total-purchase-value></Location-Details></CobolData>