<?xml version="1.0" encoding="UTF-8"?><CobolData><Location-Details><Location-details><Location-Number>14</Location-Number><Location-Name>Store 0, 14</Location-Name></Location-details><total-sales>14.00</total-sales><week-no>14</week-no><months>0</months><Weekly-Purchases><purchase-count>0</purchase-count><purchase-value>0.00</purchase-value></Weekly-Purchases><Weekly-Purchases><purchase-count>1</purchase-count><purchase-value>1.10</purchase-value></Weekly-Purchases><Weekly-Purchases><purchase-count>2</purchase-count><purchase-value>2.20</purchase-value></Weekly-Purchases><Weekly-Purchases><purchase-count>3</purchase-count><purchase-value>3.30</purchase-value></Weekly-Purchases><Weekly-Purchases><purchase-count>4</purchase-count><purchase-value>4.40</purchase-value></Weekly-Purchases><Weekly-Purchases><purchase-count>5</purchase-count><purchase-value>5.50</purchase-value></Weekly-Purchases><Weekly-Purchases><purchase-count>6</purchase-count><purchase-value>6.60</purchase-value></Weekly-Purchases><Weekly-Purchases><purchase-count>7</purchase-count><purchase-value>7.70</purchase-value></Weekly-Purchases><Weekly-Purchases><purchase-count>8</purchase-count><purchase-value>8.80</purchase-value></Weekly-Purchases><Weekly-Purchases><purchase-count>9</purchase-count><purchase-value>9.90</purchase-value></Weekly-Purchases><Weekly-Purchases><purchase-count>10</purchase-count><purchase-value>11.00</purchase-value></Weekly-Purchases><Weekly-Purchases><purchase-count>11</purchase-count><purchase-value>12.10</purchase-value></Weekly-Purchases><Weekly-Purchases><purchase-count>12</purchase-count><purchase-value>13.20</purchase-value></Weekly-Purchases><Weekly-Purchases><purchase-count>13</purchase-count><purchase-value>14.30</purchase-value></Weekly-Purchases><total-purchase-count>0</total-purchase-count><total-purchase-value>0.00</total-purchase-value></Location-Details><Location-Details><Location-details><Location-Number>114</Location-Number><Location-Name>Store 1, 14</Location-Name></Location-details><total-sales>114.00</total-sales><week-no>14</week-no><months>1</months><Monthly-Sales><sales-count>14</sales-count><sales-value>43.40</sales-value></Monthly-Sales><Weekly-Purchases><purchase-count>1</purchase-count><purchase-value>1.10</purchase-value></Weekly-Purchases><Weekly-Purchases><purchase-count>2</purchase-count><purchase-value>2.20</purchase-value></Weekly-Purchases><Weekly-Purchases><purchase-count>3</purchase-count><purchase-value>3.30</purchase-value></Weekly-Purchases><Weekly-Purchases><purchase-count>4</purchase-count><purchase-value>4.40</purchase-value></Weekly-Purchases><Weekly-Purchases><purchase-count>5</purchase-count><purchase-value>5.50</purchase-value></Weekly-Purchases><Weekly-Purchases><purchase-count>6</purchase-count><purchase-value>6.60</purchase-value></Weekly-Purchases><Weekly-Purchases><purchase-count>7</purchase-count><purchase-value>7.70</purchase-value></Weekly-Purchases><Weekly-Purchases><purchase-count>8</purchase-count><purchase-value>8.80</purchase-value></Weekly-Purchases><Weekly-Purchases><purchase-count>9</purchase-count><purchase-value>9.90</purchase-value></Weekly-Purchases><Weekly-Purchases><purchase-count>10</purchase-count><purchase-value>11.00</purchase-value></Weekly-Purchases><Weekly-Purchases><purchase-count>11</purchase-count><purchase-value>12.10</purchase-value></Weekly-Purchases><Weekly-Purchases><purchase-count>12</purchase-count><purchase-value>13.20</purchase-value></Weekly-Purchases><Weekly-Purchases><purchase-count>13</purchase-count><purchase-value>14.30</purchase-value></Weekly-Purchases><Weekly-Purchases><purchase-count>14</purchase-count><purchase-value>15.40</purchase-value></Weekly-Purchases><total-purchase-count>28</total-purchase-count><total-purchase-value>142.80</total-purchase-value></Location-Details><Location-Details><Location-details><Location-Number>214</Location-Number><Location-Name>Store 2, 14</Location-Name></Location-details><total-sales>214.00</total-sales><week-no>14</week-no><months>2</months><Monthly-Sales><sales-count>14</sales-count><sales-value>43.40</sales-value></Monthly-Sales><Monthly-Sales><sales-count>15</sales-count><sales-value>46.50</sales-value></Monthly-Sales><Weekly-Purchases><purchase-count>2</purchase-count><purchase-value>2.20</purchase-value></Weekly-Purchases><Weekly-Purchases><purchase-count>3</purchase-count><purchase-value>3.30</purchase-value></Weekly-Purchases><Weekly-Purchases><purchase-count>4</purchase-count><purchase-value>4.40</purchase-value></Weekly-Purchases><Weekly-Purchases><purchase-count>5</purchase-count><purchase-value>5.50</purchase-value></Weekly-Purchases><Weekly-Purchases><purchase-count>6</purchase-count><purchase-value>6.60</purchase-value></Weekly-Purchases><Weekly-Purchases><purchase-count>7</purchase-count><purchase-value>7.70</purchase-value></Weekly-Purchases><Weekly-Purchases><purchase-count>8</purchase-count><purchase-value>8.80</purchase-value></Weekly-Purchases><Weekly-Purchases><purchase-count>9</purchase-count><purchase-value>9.90</purchase-value></Weekly-Purchases><Weekly-Purchases><purchase-count>10</purchase-count><purchase-value>11.00</purchase-value></Weekly-Purchases><Weekly-Purchases><purchase-count>11</purchase-count><purchase-value>12.10</purchase-value></Weekly-Purchases><Weekly-Purchases><purchase-count>12</purchase-count><purchase-value>13.20</purchase-value></Weekly-Purchases><Weekly-Purchases><purchase-count>13</purchase-count><purchase-value>14.30</purchase-value></Weekly-Purchases><Weekly-Purchases><purchase-count>14</purchase-count><purchase-value>15.40</purchase-value></Weekly-Purchases><Weekly-Purchases><purchase-count>15</purchase-count><purchase-value>16.50</purchase-value></Weekly-Purchases><total-purchase-count>56</total-purchase-count><total-purchase-value>285.60</total-purchase-value></Location-Details><Location-Details><Location-details><Location-Number>314</Location-Number><Location-Name>Store 3, 14</Location-Name></Location-details><total-sales>314.00</total-sales><week-no>14</week-no><months>3</months><Monthly-Sales><sales-count>14</sales-count><sales-value>43.40</sales-value></Monthly-Sales><Monthly-Sales><sales-count>15</sales-count><sales-value>46.50</sales-value></Monthly-Sales><Monthly-Sales><sales-count>16</sales-count><sales-value>49.60</sales-value></Monthly-Sales><Weekly-Purchases><purchase-count>3</purchase-count><purchase-value>3.30</purchase-value></Weekly-Purchases><Weekly-Purchases><purchase-count>4</purchase-count><purchase-value>4.40</purchase-value></Weekly-Purchases><Weekly-Purchases><purchase-count>5</purchase-count><purchase-value>5.50</purchase-value></Weekly-Purchases><Weekly-Purchases><purchase-count>6</purchase-count><purchase-value>6.60</purchase-value></Weekly-Purchases><Weekly-Purchases><purchase-count>7</purchase-count><purchase-value>7.70</purchase-value></Weekly-Purchases><Weekly-Purchases><purchase-count>8</purchase-count><purchase-value>8.80</purchase-value></Weekly-Purchases><Weekly-Purchases><purchase-count>9</purchase-count><purchase-value>9.90</purchase-value></Weekly-Purchases><Weekly-Purchases><purchase-count>10</purchase-count><purchase-value>11.00</purchase-value></Weekly-Purchases><Weekly-Purchases><purchase-count>11</purchase-count><purchase-value>12.10</purchase-value></Weekly-Purchases><Weekly-Purchases><purchase-count>12</purchase-count><purchase-value>13.20</purchase-value></Weekly-Purchases><Weekly-Purchases><purchase-count>13</purchase-count><purchase-value>14.30</purchase-value></Weekly-Purchases><Weekly-Purchases><purchase-count>14</purchase-count><purchase-value>15.40</purchase-value></Weekly-Purchases><Weekly-Purchases><purchase-count>15</purchase-count><purchase-value>16.50</purchase-value></Weekly-Purchases><Weekly-Purchases><purchase-count>16</purchase-count><purchase-value>17.60</purchase-value></Weekly-Purchases><total-purchase-count>84</total-purchase-count><total-purchase-value>428.40</total-purchase-value></Location-Details><Location-Details><Location-details><Location-Number>414</Location-Number><Location-Name>Store 4, 14</Location-Name></Location-details><total-sales>414.00</total-sales><week-no>14</week-no><months>4</months><Monthly-Sales><sales-count>14</sales-count><sales-value>43.40</sales-value></Monthly-Sales><Monthly-Sales><sales-count>15</sales-count><sales-value>46.50</sales-value></Monthly-Sales><Monthly-Sales><sales-count>16</sales-count><sales-value>49.60</sales-value></Monthly-Sales><Monthly-Sales><sales-count>17</sales-count><sales-value>52.70</sales-value></Monthly-Sales><Weekly-Purchases><purchase-count>4</purchase-count><purchase-value>4.40</purchase-value></Weekly-Purchases><Weekly-Purchases><purchase-count>5</purchase-count><purchase-value>5.50</purchase-value></Weekly-Purchases><Weekly-Purchases><purchase-count>6</purchase-count><purchase-value>6.60</purchase-value></Weekly-Purchases><Weekly-Purchases><purchase-count>7</purchase-count><purchase-value>7.70</purchase-value></Weekly-Purchases><Weekly-Purchases><purchase-count>8</purchase-count><purchase-value>8.80</purchase-value></Weekly-Purchases><Weekly-Purchases><purchase-count>9</purchase-count><purchase-value>9.90</purchase-value></Weekly-Purchases><Weekly-Purchases><purchase-count>10</purchase-count><purchase-value>11.00</purchase-value></Weekly-Purchases><Weekly-Purchases><purchase-count>11</purchase-count><purchase-value>12.10</purchase-value></Weekly-Purchases><Weekly-Purchases><purchase-count>12</purchase-count><purchase-value>13.20</purchase-value></Weekly-Purchases><Weekly-Purchases><purchase-count>13</purchase-count><purchase-value>14.30</purchase-value></Weekly-Purchases><Weekly-Purchases><purchase-count>14</purchase-count><purchase-value>15.40</purchase-value></Weekly-Purchases><Weekly-Purchases><purchase-count>15</purchase-count><purchase-value>16.50</purchase-value></Weekly-Purchases><Weekly-Purchases><purchase-count>16</purchase-count><purchase-value>17.60</purchase-value></Weekly-Purchases><Weekly-Purchases><purchase-count>17</purchase-count><purchase-value>18.70</purchase-value></Weekly-Purchases><total-purchase-count>12</total-purchase-count><total-purchase-value>61.20</total-purchase-value></Location-Details><Location-Details><Location-details><Location-Number>514</Location-Number><Location-Name>Store 5, 14</Location-Name></Location-details><total-sales>514.00</total-sales><week-no>14</week-no><months>5</months><Monthly-Sales><sales-count>14</sales-count><sales-value>43.40</sales-value></Monthly-Sales><Monthly-Sales><sales-count>15</sales-count><sales-value>46.50</sales-value></Monthly-Sales><Monthly-Sales><sales-count>16</sales-count><sales-value>49.60</sales-value></Monthly-Sales><Monthly-Sales><sales-count>17</sales-count><sales-value>52.70</sales-value></Monthly-Sales><Monthly-Sales><sales-count>18</sales-count><sales-value>55.80</sales-value></Monthly-Sales><Weekly-Purchases><purchase-count>5</purchase-count><purchase-value>5.50</purchase-value></Weekly-Purchases><Weekly-Purchases><purchase-count>6</purchase-count><purchase-value>6.60</purchase-value></Weekly-Purchases><Weekly-Purchases><purchase-count>7</purchase-count><purchase-value>7.70</purchase-value></Weekly-Purchases><Weekly-Purchases><purchase-count>8</purchase-count><purchase-value>8.80</purchase-value></Weekly-Purchases><Weekly-Purchases><purchase-count>9</purchase-count><purchase-value>9.90</purchase-value></Weekly-Purchases><Weekly-Purchases><purchase-count>10</purchase-count><purchase-value>11.00</purchase-value></Weekly-Purchases><Weekly-Purchases><purchase-count>11</purchase-count><purchase-value>12.10</purchase-value></Weekly-Purchases><Weekly-Purchases><purchase-count>12</purchase-count><purchase-value>13.20</purchase-value></Weekly-Purchases><Weekly-Purchases><purchase-count>13</purchase-count><purchase-value>14.30</purchase-value></Weekly-Purchases><Weekly-Purchases><purchase-count>14</purchase-count><purchase-value>15.40</purchase-value></Weekly-Purchases><Weekly-Purchases><purchase-count>15</purchase-count><purchase-value>16.50</purchase-value></Weekly-Purchases><Weekly-Purchases><purchase-count>16</purchase-count><purchase-value>17.60</purchase-value></Weekly-Purchases><Weekly-Purchases><purchase-count>17</purchase-count><purchase-value>18.70</purchase-value></Weekly-Purchases><Weekly-Purchases><purchase-count>18</purchase-count><purchase-value>19.80</purchase-value></Weekly-Purchases><total-purchase-count>40</total-purchase-count><total-purchase-value>204.00</total-purchase-value></Location-Details><Location-Details><Location-details><Location-Number>614</Location-Number><Location-Name>Store 6, 14</Location-Name></Location-details><total-sales>614.00</total-sales><week-no>14</week-no><months>6</months><Monthly-Sales><sales-count>14</sales-count><sales-value>43.40</sales-value></Monthly-Sales><Monthly-Sales><sales-count>15</sales-count><sales-value>46.50</sales-value></Monthly-Sales><Monthly-Sales><sales-count>16</sales-count><sales-value>49.60</sales-value></Monthly-Sales><Monthly-Sales><sales-count>17</sales-count><sales-value>52.70</sales-value></Monthly-Sales><Monthly-Sales><sales-count>18</sales-count><sales-value>55.80</sales-value></Monthly-Sales><Monthly-Sales><sales-count>19</sales-count><sales-value>58.90</sales-value></Monthly-Sales><Weekly-Purchases><purchase-count>6</purchase-count><purchase-value>6.60</purchase-value></Weekly-Purchases><Weekly-Purchases><purchase-count>7</purchase-count><purchase-value>7.70</purchase-value></Weekly-Purchases><Weekly-Purchases><purchase-count>8</purchase-count><purchase-value>8.80</purchase-value></Weekly-Purchases><Weekly-Purchases><purchase-count>9</purchase-count><purchase-value>9.90</purchase-value></Weekly-Purchases><Weekly-Purchases><purchase-count>10</purchase-count><purchase-value>11.00</purchase-value></Weekly-Purchases><Weekly-Purchases><purchase-count>11</purchase-count><purchase-value>12.10</purchase-value></Weekly-Purchases><Weekly-Purchases><purchase-count>12</purchase-count><purchase-value>13.20</purchase-value></Weekly-Purchases><Weekly-Purchases><purchase-count>13</purchase-count><purchase-value>14.30</purchase-value></Weekly-Purchases><Weekly-Purchases><purchase-count>14</purchase-count><purchase-value>15.40</purchase-value></Weekly-Purchases><Weekly-Purchases><purchase-count>15</purchase-count><purchase-value>16.50</purchase-value></Weekly-Purchases><Weekly-Purchases><purchase-count>16</purchase-count><purchase-value>17.60</purchase-value></Weekly-Purchases><Weekly-Purchases><purchase-count>17</purchase-count><purchase-value>18.70</purchase-value></Weekly-Purchases><Weekly-Purchases><purchase-count>18</purchase-count><purchase-value>19.80</purchase-value></Weekly-Purchases><Weekly-Purchases><purchase-count>19</purchase-count><purchase-value>20.90</purchase-value></Weekly-Purchases><total-purchase-count>68</total-purchase-count><total-purchase-value>346.80</total-purchase-value></Location-Details><Location-Details><Location-details><Location-Number>714</Location-Number><Location-Name>Store 7, 14</Location-Name></Location-details><total-sales>714.00</total-sales><week-no>14</week-no><months>7</months><Monthly-Sales><sales-count>14</sales-count><sales-value>43.40</sales-value></Monthly-Sales><Monthly-Sales><sales-count>15</sales-count><sales-value>46.50</sales-value></Monthly-Sales><Monthly-Sales><sales-count>16</sales-count><sales-value>49.60</sales-value></Monthly-Sales><Monthly-Sales><sales-count>17</sales-count><sales-value>52.70</sales-value></Monthly-Sales><Monthly-Sales><sales-count>18</sales-count><sales-value>55.80</sales-value></Monthly-Sales><Monthly-Sales><sales-count>19</sales-count><sales-value>58.90</sales-value></Monthly-Sales><Monthly-Sales><sales-count>20</sales-count><sales-value>62.00</sales-value></Monthly-Sales><Weekly-Purchases><purchase-count>7</purchase-count><purchase-value>7.70</purchase-value></Weekly-Purchases><Weekly-Purchases><purchase-count>8</purchase-count><purchase-value>8.80</purchase-value></Weekly-Purchases><Weekly-Purchases><purchase-count>9</purchase-count><purchase-value>9.90</purchase-value></Weekly-Purchases><Weekly-Purchases><purchase-count>10</purchase-count><purchase-value>11.00</purchase-value></Weekly-Purchases><Weekly-Purchases><purchase-count>11</purchase-count><purchase-value>12.10</purchase-value></Weekly-Purchases><Weekly-Purchases><purchase-count>12</purchase-count><purchase-value>13.20</purchase-value></Weekly-Purchases><Weekly-Purchases><purchase-count>13</purchase-count><purchase-value>14.30</purchase-value></Weekly-Purchases><Weekly-Purchases><purchase-count>14</purchase-count><purchase-value>15.40</purchase-value></Weekly-Purchases><Weekly-Purchases><purchase-count>15</purchase-count><purchase-value>16.50</purchase-value></Weekly-Purchases><Weekly-Purchases><purchase-count>16</purchase-count><purchase-value>17.60</purchase-value></Weekly-Purchases><Weekly-Purchases><purchase-count>17</purchase-count><purchase-value>18.70</purchase-value></Weekly-Purchases><Weekly-Purchases><purchase-count>18</purchase-count><purchase-value>19.80</purchase-value></Weekly-Purchases><Weekly-Purchases><purchase-count>19</purchase-count><purchase-value>20.90</purchase-value></Weekly-Purchases><Weekly-Purchases><purchase-count>20</purchase-count><purchase-value>22.00</purchase-value></Weekly-Purchases><total-purchase-count>96</total-purchase-count><total-purchase-value>489.60</total-purchase-value></Location-Details><Location-Details><Location-details><Location-Number>814</Location-Number><Location-Name>Store 8, 14</Location-Name></Location-details><total-sales>814.00</total-sales><week-no>14</week-no><months>8</months><Monthly-Sales><sales-count>14</sales-count><sales-value>43.40</sales-value></Monthly-Sales><Monthly-Sales><sales-count>15</sales-count><sales-value>46.50</sales-value></Monthly-Sales><Monthly-Sales><sales-count>16</sales-count><sales-value>49.60</sales-value></Monthly-Sales><Monthly-Sales><sales-count>17</sales-count><sales-value>52.70</sales-value></Monthly-Sales><Monthly-Sales><sales-count>18</sales-count><sales-value>55.80</sales-value></Monthly-Sales><Monthly-Sales><sales-count>19</sales-count><sales-value>58.90</sales-value></Monthly-Sales><Monthly-Sales><sales-count>20</sales-count><sales-value>62.00</sales-value></Monthly-Sales><Monthly-Sales><sales-count>21</sales-count><sales-value>65.10</sales-value></Monthly-Sales><Weekly-Purchases><purchase-count>8</purchase-count><purchase-value>8.80</purchase-value></Weekly-Purchases><Weekly-Purchases><purchase-count>9</purchase-count><purchase-value>9.90</purchase-value></Weekly-Purchases><Weekly-Purchases><purchase-count>10</purchase-count><purchase-value>11.00</purchase-value></Weekly-Purchases><Weekly-Purchases><purchase-count>11</purchase-count><purchase-value>12.10</purchase-value></Weekly-Purchases><Weekly-Purchases><purchase-count>12</purchase-count><purchase-value>13.20</purchase-value></Weekly-Purchases><Weekly-Purchases><purchase-count>13</purchase-count><purchase-value>14.30</purchase-value></Weekly-Purchases><Weekly-Purchases><purchase-count>14</purchase-count><purchase-value>15.40</purchase-value></Weekly-Purchases><Weekly-Purchases><purchase-count>15</purchase-count><purchase-value>16.50</purchase-value></Weekly-Purchases><Weekly-Purchases><purchase-count>16</purchase-count><purchase-value>17.60</purchase-value></Weekly-Purchases><Weekly-Purchases><purchase-count>17</purchase-count><purchase-value>18.70</purchase-value></Weekly-Purchases><Weekly-Purchases><purchase-count>18</purchase-count><purchase-value>19.80</purchase-value></Weekly-Purchases><Weekly-Purchases><purchase-count>19</purchase-count><purchase-value>20.90</purchase-value></Weekly-Purchases><Weekly-Purchases><purchase-count>20</purchase-count><purchase-value>22.00</purchase-value></Weekly-Purchases><Weekly-Purchases><purchase-count>21</purchase-count><purchase-value>23.10</purchase-value></Weekly-Purchases><total-purchase-count>24</total-purchase-count><total-purchase-value>122.40</total-purchase-value></Location-Details><Location-Details><Location-details><Location-Number>914</Location-Number><Location-Name>Store 9, 14</Location-Name></Location-details><total-sales>914.00</total-sales><week-no>14</week-no><months>9</months><Monthly-Sales><sales-count>14</sales-count><sales-value>43.40</sales-value></Monthly-Sales><Monthly-Sales><sales-count>15</sales-count><sales-value>46.50</sales-value></Monthly-Sales><Monthly-Sales><sales-count>16</sales-count><sales-value>49.60</sales-value></Monthly-Sales><Monthly-Sales><sales-count>17</sales-count><sales-value>52.70</sales-value></Monthly-Sales><Monthly-Sales><sales-count>18</sales-count><sales-value>55.80</sales-value></Monthly-Sales><Monthly-Sales><sales-count>19</sales-count><sales-value>58.90</sales-value></Monthly-Sales><Monthly-Sales><sales-count>20</sales-count><sales-value>62.00</sales-value></Monthly-Sales><Monthly-Sales><sales-count>21</sales-count><sales-value>65.10</sales-value></Monthly-Sales><Monthly-Sales><sales-count>22</sales-count><sales-value>68.20</sales-value></Monthly-Sales><Weekly-Purchases><purchase-count>9</purchase-count><purchase-value>9.90</purchase-value></Weekly-Purchases><Weekly-Purchases><purchase-count>10</purchase-count><purchase-value>11.00</purchase-value></Weekly-Purchases><Weekly-Purchases><purchase-count>11</purchase-count><purchase-value>12.10</purchase-value></Weekly-Purchases><Weekly-Purchases><purchase-count>12</purchase-count><purchase-value>13.20</purchase-value></Weekly-Purchases><Weekly-Purchases><purchase-count>13</purchase-count><purchase-value>14.30</purchase-value></Weekly-Purchases><Weekly-Purchases><purchase-count>14</purchase-count><purchase-value>15.40</purchase-value></Weekly-Purchases><Weekly-Purchases><purchase-count>15</purchase-count><purchase-value>16.50</purchase-value></Weekly-Purchases><Weekly-Purchases><purchase-count>16</purchase-count><purchase-value>17.60</purchase-value></Weekly-Purchases><Weekly-Purchases><purchase-count>17</purchase-count><purchase-value>18.70</purchase-value></Weekly-Purchases><Weekly-Purchases><purchase-count>18</purchase-count><purchase-value>19.80</purchase-value></Weekly-Purchases><Weekly-Purchases><purchase-count>19</purchase-count><purchase-value>20.90</purchase-value></Weekly-Purchases><Weekly-Purchases><purchase-count>20</purchase-count><purchase-value>22.00</purchase-value></Weekly-Purchases><Weekly-Purchases><purchase-count>21</purchase-count><purchase-value>23.10</purchase-value></Weekly-Purchases><Weekly-Purchases><purchase-count>22</purchase-count><purchase-value>24.20</purchase-value></Weekly-Purchases><total-purchase-count>52</total-purchase-count><total-purchase-value>265.20</total-purchase-value></Location-Details><Location-Details><Location-details><Location-Number>1014</Location-Number><Location-Name>Store 10, 14</Location-Name></Location-details><total-sales>1014.00</total-sales><week-no>14</week-no><months>10</months><Monthly-Sales><sales-count>14</sales-count><sales-value>43.40</sales-value></Monthly-Sales><Monthly-Sales><sales-count>15</sales-count><sales-value>46.50</sales-value></Monthly-Sales><Monthly-Sales><sales-count>16</sales-count><sales-value>49.60</sales-value></Monthly-Sales><Monthly-Sales><sales-count>17</sales-count><sales-value>52.70</sales-value></Monthly-Sales><Monthly-Sales><sales-count>18</sales-count><sales-value>55.80</sales-value></Monthly-Sales><Monthly-Sales><sales-count>19</sales-count><sales-value>58.90</sales-value></Monthly-Sales><Monthly-Sales><sales-count>20</sales-count><sales-value>62.00</sales-value></Monthly-Sales><Monthly-Sales><sales-count>21</sales-count><sales-value>65.10</sales-value></Monthly-Sales><Monthly-Sales><sales-count>22</sales-count><sales-value>68.20</sales-value></Monthly-Sales><Monthly-Sales><sales-count>23</sales-count><sales-value>71.30</sales-value></Monthly-Sales><Weekly-Purchases><purchase-count>10</purchase-count><purchase-value>11.00</purchase-value></Weekly-Purchases><Weekly-Purchases><purchase-count>11</purchase-count><purchase-value>12.10</purchase-value></Weekly-Purchases><Weekly-Purchases><purchase-count>12</purchase-count><purchase-value>13.20</purchase-value></Weekly-Purchases><Weekly-Purchases><purchase-count>13</purchase-count><purchase-value>14.30</purchase-value></Weekly-Purchases><Weekly-Purchases><purchase-count>14</purchase-count><purchase-value>15.40</purchase-value></Weekly-Purchases><Weekly-Purchases><purchase-count>15</purchase-count><purchase-value>16.50</purchase-value></Weekly-Purchases><Weekly-Purchases><purchase-count>16</purchase-count><purchase-value>17.60</purchase-value></Weekly-Purchases><Weekly-Purchases><purchase-count>17</purchase-count><purchase-value>18.70</purchase-value></Weekly-Purchases><Weekly-Purchases><purchase-count>18</purchase-count><purchase-value>19.80</purchase-value></Weekly-Purchases><Weekly-Purchases><purchase-count>19</purchase-count><purchase-value>20.90</purchase-value></Weekly-Purchases><Weekly-Purchases><purchase-count>20</purchase-count><purchase-value>22.00</purchase-value></Weekly-Purchases><Weekly-Purchases><purchase-count>21</purchase-count><purchase-value>23.10</purchase-value></Weekly-Purchases><Weekly-Purchases><purchase-count>22</purchase-count><purchase-value>24.20</purchase-value></Weekly-Purchases><Weekly-Purchases><purchase-count>23</purchase-count><purchase-value>25.30</purchase-value></Weekly-Purchases><total-purchase-count>80</total-purchase-count><total-purchase-value>408.00</total-purchase-value></Location-Details><Location-Details><Location-details><Location-Number>1114</Location-Number><Location-Name>Store 11, 14</Location-Name></Location-details><total-sales>1114.00</total-sales><week-no>14</week-no><months>11</months><Monthly-Sales><sales-count>14</sales-count><sales-value>43.40</sales-value></Monthly-Sales><Monthly-Sales><sales-count>15</sales-count><sales-value>46.50</sales-value></Monthly-Sales><Monthly-Sales><sales-count>16</sales-count><sales-value>49.60</sales-value></Monthly-Sales><Monthly-Sales><sales-count>17</sales-count><sales-value>52.70</sales-value></Monthly-Sales><Monthly-Sales><sales-count>18</sales-count><sales-value>55.80</sales-value></Monthly-Sales><Monthly-Sales><sales-count>19</sales-count><sales-value>58.90</sales-value></Monthly-Sales><Monthly-Sales><sales-count>20</sales-count><sales-value>62.00</sales-value></Monthly-Sales><Monthly-Sales><sales-count>21</sales-count><sales-value>65.10</sales-value></Monthly-Sales><Monthly-Sales><sales-count>22</sales-count><sales-value>68.20</sales-value></Monthly-Sales><Monthly-Sales><sales-count>23</sales-count><sales-value>71.30</sales-value></Monthly-Sales><Monthly-Sales><sales-count>24</sales-count><sales-value>74.40</sales-value></Monthly-Sales><Weekly-Purchases><purchase-count>11</purchase-count><purchase-value>12.10</purchase-value></Weekly-Purchases><Weekly-Purchases><purchase-count>12</purchase-count><purchase-value>13.20</purchase-value></Weekly-Purchases><Weekly-Purchases><purchase-count>13</purchase-count><purchase-value>14.30</purchase-value></Weekly-Purchases><Weekly-Purchases><purchase-count>14</purchase-count><purchase-value>15.40</purchase-value></Weekly-Purchases><Weekly-Purchases><purchase-count>15</purchase-count><purchase-value>16.50</purchase-value></Weekly-Purchases><Weekly-Purchases><purchase-count>16</purchase-count><purchase-value>17.60</purchase-value></Weekly-Purchases><Weekly-Purchases><purchase-count>17</purchase-count><purchase-value>18.70</purchase-value></Weekly-Purchases><Weekly-Purchases><purchase-count>18</purchase-count><purchase-value>19.80</purchase-value></Weekly-Purchases><Weekly-Purchases><purchase-count>19</purchase-count><purchase-value>20.90</purchase-value></Weekly-Purchases><Weekly-Purchases><purchase-count>20</purchase-count><purchase-value>22.00</purchase-value></Weekly-Purchases><Weekly-Purchases><purchase-count>21</purchase-count><purchase-value>23.10</purchase-value></Weekly-Purchases><Weekly-Purchases><purchase-count>22</purchase-count><purchase-value>24.20</purchase-value></Weekly-Purchases><Weekly-Purchases><purchase-count>23</purchase-count><purchase-value>25.30</purchase-value></Weekly-Purchases><Weekly-Purchases><purchase-count>24</purchase-count><purchase-value>26.40</purchase-value></Weekly-Purchases><total-purchase-count>8</total-purchase-count><total-purchase-value>40.80</total-purchase-value></Location-Details><Location-Details><Location-details><Location-Number>1214</Location-Number><Location-Name>Store 12, 14</Location-Name></Location-details><total-sales>1214.00</total-sales><week-no>14</week-no><months>12</months><Monthly-Sales><sales-count>14</sales-count><sales-value>43.40</sales-value></Monthly-Sales><Monthly-Sales><sales-count>15</sales-count><sales-value>46.50</sales-value></Monthly-Sales><Monthly-Sales><sales-count>16</sales-count><sales-value>49.60</sales-value></Monthly-Sales><Monthly-Sales><sales-count>17</sales-count><sales-value>52.70</sales-value></Monthly-Sales><Monthly-Sales><sales-count>18</sales-count><sales-value>55.80</sales-value></Monthly-Sales><Monthly-Sales><sales-count>19</sales-count><sales-value>58.90</sales-value></Monthly-Sales><Monthly-Sales><sales-count>20</sales-count><sales-value>62.00</sales-value></Monthly-Sales><Monthly-Sales><sales-count>21</sales-count><sales-value>65.10</sales-value></Monthly-Sales><Monthly-Sales><sales-count>22</sales-count><sales-value>68.20</sales-value></Monthly-Sales><Monthly-Sales><sales-count>23</sales-count><sales-value>71.30</sales-value></Monthly-Sales><Monthly-Sales><sales-count>24</sales-count><sales-value>74.40</sales-value></Monthly-Sales><Monthly-Sales><sales-count>25</sales-count><sales-value>77.50</sales-value></Monthly-Sales><Weekly-Purchases><purchase-count>12</purchase-count><purchase-value>13.20</purchase-value></Weekly-Purchases><Weekly-Purchases><purchase-count>13</purchase-count><purchase-value>14.30</purchase-value></Weekly-Purchases><Weekly-Purchases><purchase-count>14</purchase-count><purchase-value>15.40</purchase-value></Weekly-Purchases><Weekly-Purchases><purchase-count>15</purchase-count><purchase-value>16.50</purchase-value></Weekly-Purchases><Weekly-Purchases><purchase-count>16</purchase-count><purchase-value>17.60</purchase-value></Weekly-Purchases><Weekly-Purchases><purchase-count>17</purchase-count><purchase-value>18.70</purchase-value></Weekly-Purchases><Weekly-Purchases><purchase-count>18</purchase-count><purchase-value>19.80</purchase-value></Weekly-Purchases><Weekly-Purchases><purchase-count>19</purchase-count><purchase-value>20.90</purchase-value></Weekly-Purchases><Weekly-Purchases><purchase-count>20</purchase-count><purchase-value>22.00</purchase-value></Weekly-Purchases><Weekly-Purchases><purchase-count>21</purchase-count><purchase-value>23.10</purchase-value></Weekly-Purchases><Weekly-Purchases><purchase-count>22</purchase-count><purchase-value>24.20</purchase-value></Weekly-Purchases><Weekly-Purchases><purchase-count>23</purchase-count><purchase-value>25.30</purchase-value></Weekly-Purchases><Weekly-Purchases><purchase-count>24</purchase-count><purchase-value>26.40</purchase-value></Weekly-Purchases><Weekly-Purchases><purchase-count>25</purchase-count><purchase-value>27.50</purchase-value></Weekly-Purchases><total-purchase-count>36</total-purchase-count><total-purchase-value>183.60</total-purchase-value></Location-Details></CobolData>